v -0.989067 0.284774 0.59554
v -0.987673 0.245156 0.177012
v -0.867743 0.254722 0.605784
v -0.845545 0.274991 0.605799
v -0.872325 0.284909 0.431524
v -0.863035 0.244825 0.264943
v -0.790999 0.284909 0.497133
v -0.842079 0.244947 0.196715
v -0.891971 0.244947 -0.0688731
v -0.861237 0.284902 0.290052
v -0.909652 0.284787 -0.0590501
v -0.614656 0.243609 0.575294
v -0.847314 0.284907 -0.0270881
v -0.871462 0.284757 0.0639483
v -0.445266 0.244897 0.581181
v -0.789689 0.285031 0.217793
v -0.936502 0.284787 -0.249206
v -0.967771 0.284915 -0.55133
v -0.853137 0.284897 -0.207833
v -0.737121 0.285085 0.186245
v -0.832714 0.244748 -0.250642
v -0.712222 0.284961 0.286197
v -0.537349 0.284403 0.599754
v -0.758905 0.205724 0.0901857
v -0.823088 0.284909 -0.20134
v -0.668949 0.285031 0.317455
v -0.642371 0.285013 0.313677
v -0.680223 0.208678 0.464912
v -0.673584 0.206665 0.463005
v -0.680909 0.203554 0.459977
v -0.67255 0.213703 0.458507
v -0.679474 0.204599 0.378228
v -0.673645 0.209514 0.327986
v -0.68873 0.205744 0.386842
v -0.690995 0.209015 0.444794
v -0.684872 0.232325 0.459629
v -0.676863 0.231854 0.440951
v -0.675294 0.214462 0.368907
v -0.680483 0.208386 0.321502
v -0.685837 0.20727 0.328194
v -0.678876 0.239517 0.452452
v -0.67607 0.237517 0.36302
v -0.674045 0.241492 0.336797
v -0.680522 0.231462 0.328763
v -0.690085 0.216013 0.39978
v -0.691377 0.237934 0.448718
v -0.689881 0.238518 0.451699
v -0.684316 0.23869 0.456683
v -0.627038 0.244581 0.359366
v -0.66371 0.244581 0.369844
v -0.461718 0.284909 0.569321
v -0.620428 0.244581 0.383033
v -0.60289 0.244565 0.386535
v -0.575482 0.244583 0.381839
v -0.616452 0.284909 0.317468
v -0.543092 0.244581 0.411878
v -0.459147 0.244581 0.422356
v -0.66333 0.244454 0.161615
v -0.842015 0.28477 -0.600694
v -0.779805 0.284787 -0.476812
v -0.575836 0.284909 0.304357
v -0.342847 0.284911 0.527723
v -0.638459 0.244581 0.147422
v -0.746829 0.241368 0.146381
v -0.54665 0.284584 -0.603916
v -0.711258 0.284926 -0.0521065
v -0.430725 0.244064 0.502093
v -0.426291 0.244546 0.438797
v -0.368929 0.284785 -0.600713
v -0.768281 0.284787 -0.553249
v -0.733248 0.284787 -0.51152
v -0.698487 0.284787 -0.517475
v -0.731939 0.284787 -0.525364
v -0.716222 0.284787 -0.501042
v -0.776672 0.284831 -0.447892
v -0.523995 0.284909 0.239403
v -0.422863 0.284793 0.443022
v -0.308306 0.278033 0.558112
v -0.329195 0.114801 0.579353
v -0.331433 0.0899661 0.578468
v -0.355091 -0.152143 0.568589
v -0.379832 -0.228266 0.527257
v -0.380441 -0.233505 0.527257
v -0.380806 -0.238744 0.527257
v -0.385186 -0.263239 0.563076
v -0.482171 -0.276921 0.569301
v -0.760503 -0.277689 0.569248
v -0.751176 -0.277166 0.569494
v -0.766594 -0.278116 0.569473
v -0.789689 -0.280655 0.568072
v -0.800167 -0.280655 0.568072
v -0.805406 -0.280655 0.568072
v -0.986459 0.0115672 0.580224
v -0.98599 -0.0151567 0.579457
v -0.984528 -0.0511642 0.577425
v -0.993451 0.0368112 0.574613
v -0.975301 0.00359325 0.577357
v -0.978405 0.032767 0.579359
v -0.988593 -0.0634315 0.569063
v -0.978536 -0.0656142 0.526891
v -0.978536 -0.0708532 0.52677
v -0.987559 0.0280415 0.527885
v -0.984362 0.0470837 0.528413
v -0.978536 0.0446477 0.531399
v -0.978536 0.0603646 0.532252
v -0.978536 0.0551256 0.532009
v -0.989538 -0.0205329 0.531679
v -0.987907 -0.0919788 0.533815
v -0.978536 -0.0760922 0.52677
v -0.987634 -0.0531551 0.529788
v -0.980927 -0.117441 0.526547
v -0.978536 -0.0813311 0.526648
v -0.978536 -0.0551363 0.527135
v -0.97338 -0.0467941 0.529066
v -0.983252 0.00131936 0.527639
v -0.976789 0.0462623 0.533998
v -0.977401 0.0664792 0.534401
v -0.98292 0.132436 0.532251
v -0.983707 0.144282 0.532279
v -0.980482 0.150159 0.538059
v -0.983852 0.237552 0.537702
v -0.983842 0.173984 0.533792
v -0.985724 0.170505 0.532496
v -0.988631 0.149884 0.530926
v -0.983846 0.0980046 0.530482
v -0.99185 -0.00475609 0.539641
v -0.988908 0.0331179 0.581596
v -0.989967 0.113867 0.585518
v -0.986984 0.0930849 0.585047
v -0.980889 0.112254 0.582581
v -0.976724 0.0569089 0.574837
v -0.977543 -0.0331008 0.578854
v -0.983746 -0.103336 0.573616
v -0.984186 -0.148342 0.530659
v -0.970361 -0.140297 0.527288
v -0.973261 -0.0965744 0.527058
v -0.973121 -0.0178321 0.574293
v -0.976015 -0.134385 0.575327
v -0.982814 -0.16894 0.569252
v -0.9844 -0.160089 0.534157
v -0.970364 -0.170342 0.526068
v -0.969276 -0.154798 0.527257
v -0.968058 -0.144321 0.529206
v -0.968058 -0.139082 0.529694
v -0.968058 -0.133843 0.530181
v -0.968058 -0.128604 0.530668
v -0.968058 -0.123243 0.531156
v -0.96794 -0.109684 0.532696
v -0.971602 -0.07108 0.574277
v -0.970224 -0.12642 0.573235
v -0.98099 -0.207122 0.568916
v -0.979359 -0.155737 0.526144
v -0.968423 -0.165276 0.527257
v -0.968058 -0.170028 0.527257
v -0.968058 -0.112765 0.532252
v -0.970888 -0.0425563 0.533667
v -0.968144 -0.123227 0.570587
v -0.976936 -0.177749 0.573143
v -0.979167 -0.208528 0.526276
v -0.964401 -0.208925 0.56878
v -0.967333 -0.214812 0.570204
v -0.972822 -0.199588 0.524748
v -0.963886 -0.194816 0.532707
v -0.978231 -0.26875 0.569091
v -0.979328 -0.28228 0.539321
v -0.979742 -0.273855 0.527781
v -0.978536 -0.249222 0.52616
v -0.97136 -0.262268 0.569605
v -0.961496 -0.279829 0.568684
v -0.976487 -0.280516 0.527392
v -0.965969 -0.235518 0.526559
v -0.963893 -0.257203 0.567405
v -0.976657 -0.280844 0.565448
v -0.967809 -0.265156 0.524142
v -0.964961 -0.261414 0.526124
v -0.972665 -0.284784 0.562947
v -0.97197 -0.282403 0.525606
v -0.96017 -0.270693 0.524392
v -0.960897 -0.26775 0.568056
v -0.920597 -0.278763 0.569426
v -0.863251 -0.275361 0.569355
v -0.866177 -0.281954 0.567318
v -0.969988 -0.286668 0.533951
v -0.861133 -0.279528 0.524679
v -0.848251 -0.268591 0.526684
v -0.903516 -0.275784 0.523301
v -0.960952 -0.264313 0.533023
v -0.948323 -0.269306 0.56749
v -0.82496 -0.276954 0.569394
v -0.672131 -0.281452 0.567541
v -0.525325 -0.280211 0.568877
v -0.560168 -0.282198 0.566865
v -0.616658 -0.283092 0.565837
v -0.700051 -0.281352 0.567646
v -0.791766 -0.284159 0.563995
v -0.920785 -0.285894 0.558934
v -0.813453 -0.286812 0.543472
v -0.909487 -0.284023 0.528404
v -0.807976 -0.282666 0.527258
v -0.803455 -0.275915 0.523686
v -0.755819 -0.280928 0.525491
v -0.661091 -0.282727 0.527257
v -0.752772 -0.275425 0.524444
v -0.740422 -0.268984 0.526234
v -0.939164 -0.268394 0.526865
v -0.956644 -0.266514 0.56306
v -0.854031 -0.270163 0.568162
v -0.78445 -0.270177 0.568316
v -0.779089 -0.270177 0.568316
v -0.77385 -0.270177 0.568316
v -0.768611 -0.270177 0.568316
v -0.747656 -0.270177 0.568194
v -0.742417 -0.270177 0.568194
v -0.737178 -0.270177 0.568194
v -0.7267 -0.270177 0.568194
v -0.716222 -0.270177 0.568194
v -0.721461 -0.270177 0.568194
v -0.708283 -0.275481 0.569433
v -0.65969 -0.270594 0.568499
v -0.639078 -0.275636 0.56936
v -0.598578 -0.275441 0.569408
v -0.591236 -0.268832 0.567768
v -0.547851 -0.275231 0.569402
v -0.579765 -0.285651 0.558813
v -0.667551 -0.285706 0.558666
v -0.78445 -0.285163 0.532496
v -0.704729 -0.279368 0.524666
v -0.529404 -0.27784 0.524441
v -0.579077 -0.278475 0.524532
v -0.685197 -0.270072 0.525218
v -0.806822 -0.269277 0.526122
v -0.941741 -0.266401 0.532496
v -0.800167 -0.266401 0.558813
v -0.905068 -0.26701 0.564052
v -0.710983 -0.270177 0.568194
v -0.570691 -0.271288 0.569204
v -0.534273 -0.269126 0.568012
v -0.448363 -0.269356 0.56817
v -0.440501 -0.275828 0.569542
v -0.401925 -0.283556 0.565073
v -0.474478 -0.282954 0.566266
v -0.509484 -0.286572 0.544988
v -0.681308 -0.28557 0.533731
v -0.622408 -0.280381 0.52616
v -0.573486 -0.281587 0.526108
v -0.519927 -0.282854 0.527247
v -0.47788 -0.282321 0.526797
v -0.600918 -0.26908 0.526029
v -0.647243 -0.269315 0.525932
v -0.779878 -0.266488 0.532254
v -0.679427 -0.266401 0.558813
v -0.66772 -0.26696 0.564067
v -0.397327 -0.266844 0.563868
v -0.66371 -0.285163 0.532496
v -0.576047 -0.268986 0.526032
v -0.653232 -0.266279 0.532496
v -0.566649 -0.266744 0.563849
v -0.453786 -0.286016 0.537735
v -0.459147 -0.285285 0.532496
v -0.484687 -0.280655 0.525673
v -0.449602 -0.268565 0.526802
v -0.517995 -0.269223 0.525979
v -0.437298 -0.265203 0.537201
v -0.375939 -0.281576 0.566664
v -0.377716 -0.285266 0.532837
v -0.445803 -0.281461 0.526168
v -0.411151 -0.272697 0.524302
v -0.374295 -0.28595 0.552309
v -0.389441 -0.265968 0.530789
v -0.367476 -0.272501 0.567128
v -0.376256 -0.281587 0.526708
v -0.385041 -0.26069 0.534395
v -0.376201 -0.270377 0.569777
v -0.369226 -0.254758 0.570462
v -0.382448 -0.265266 0.526298
v -0.382032 -0.257012 0.566382
v -0.368209 -0.280154 0.534147
v -0.37053 -0.274289 0.525235
v -0.3717 -0.264114 0.524633
v -0.37527 -0.216259 0.525019
v -0.370038 -0.239313 0.571314
v -0.364424 -0.233461 0.566933
v -0.36275 -0.227142 0.534825
v -0.365046 -0.238604 0.528546
v -0.368488 -0.215516 0.524784
v -0.381275 -0.229035 0.529086
v -0.37965 -0.218473 0.568147
v -0.359246 -0.181982 0.569746
v -0.363249 -0.230237 0.55872
v -0.372989 -0.168797 0.527527
v -0.378817 -0.199074 0.53288
v -0.374824 -0.178979 0.571455
v -0.362654 -0.148694 0.575149
v -0.3623 -0.216587 0.532169
v -0.366754 -0.191911 0.524846
v -0.374435 -0.168242 0.571665
v -0.372673 -0.139514 0.534418
v -0.370663 -0.135605 0.529653
v -0.369402 -0.134184 0.573047
v -0.355451 -0.137523 0.572859
v -0.349801 -0.0987233 0.569269
v -0.35415 -0.143697 0.533739
v -0.357775 -0.17424 0.532087
v -0.359662 -0.155144 0.526032
v -0.364399 -0.119447 0.526014
v -0.35254 -0.128604 0.564052
v -0.354138 -0.105703 0.527409
v -0.36784 -0.118309 0.574935
v -0.354025 -0.107728 0.575034
v -0.347465 -0.0676174 0.574869
v -0.349031 -0.0848234 0.531507
v -0.354646 -0.0811235 0.526773
v -0.362979 -0.0865972 0.527622
v -0.369844 -0.118904 0.53262
v -0.362321 -0.0916749 0.576404
v -0.348408 -0.0851287 0.556646
v -0.348482 -0.0858197 0.537069
v -0.367707 -0.105003 0.529512
v -0.366469 -0.0904304 0.572323
v -0.364102 -0.0827266 0.575371
v -0.354124 -0.0445365 0.579037
v -0.342945 -0.0314351 0.53465
v -0.353984 -0.0478019 0.526888
v -0.364351 -0.066786 0.537862
v -0.355852 -0.0164286 0.579255
v -0.349094 -0.0418553 0.578445
v -0.343588 -0.0341911 0.574376
v -0.341417 -0.0165473 0.533492
v -0.343115 -0.0282734 0.533146
v -0.348834 -0.0215923 0.528666
v -0.360076 -0.0313031 0.531648
v -0.361923 -0.0406972 0.573466
v -0.342817 -0.0269703 0.575128
v -0.343646 -0.00262484 0.579768
v -0.340235 -0.00262484 0.574529
v -0.337878 0.0190773 0.535398
v -0.342115 0.0083265 0.531069
v -0.348885 -0.00786379 0.580743
v -0.343646 -0.00250298 0.579768
v -0.338474 0.0260011 0.579436
v -0.354602 0.0109564 0.531664
v -0.354086 -0.0153962 0.529042
v -0.359248 -0.0116467 0.573971
v -0.348885 -0.00262484 0.581109
v -0.354125 0.026783 0.58033
v -0.335279 0.0476924 0.574818
v -0.359578 -0.0170658 0.534094
v -0.357166 0.0091221 0.572818
v -0.343646 0.0551256 0.585129
v -0.338407 0.0656035 0.585007
v -0.339543 0.0392806 0.583733
v -0.332118 0.0836153 0.533266
v -0.332194 0.0760815 0.543096
v -0.333414 0.0682629 0.536218
v -0.347749 0.0602042 0.531063
v -0.353217 0.0285413 0.532512
v -0.352238 0.0119712 0.529712
v -0.337433 0.0708425 0.585007
v -0.333931 0.0812176 0.584057
v -0.339466 0.0639214 0.531012
v -0.355847 0.0203548 0.537271
v -0.349474 0.0342958 0.58394
v -0.331326 0.128996 0.589153
v -0.329815 0.103052 0.538181
v -0.331232 0.106694 0.534302
v -0.348885 0.0865594 0.536517
v -0.353168 0.0498078 0.55159
v -0.351647 0.0615629 0.579746
v -0.348392 0.074056 0.584812
v -0.338407 0.112754 0.589759
v -0.326411 0.149134 0.568301
v -0.325785 0.159304 0.536725
v -0.345764 0.0811823 0.532033
v -0.348885 0.0917984 0.537735
v -0.347544 0.10884 0.544223
v -0.350358 0.07672 0.537115
v -0.350753 0.0716672 0.579489
v -0.344212 0.114522 0.587647
v -0.3361 0.138001 0.532266
v -0.342519 0.142963 0.535556
v -0.348398 0.0970373 0.537735
v -0.348609 0.0946717 0.581607
v -0.343672 0.147329 0.579906
v -0.32357 0.201957 0.536596
v -0.33629 0.167391 0.533512
v -0.343983 0.10997 0.532692
v -0.33839 0.130444 0.590727
v -0.328193 0.13978 0.588329
v -0.326941 0.170041 0.590238
v -0.322956 0.186682 0.556772
v -0.970062 0.14106 -0.546985
v -0.696803 0.238211 -0.546114
v -0.10312 0.244521 -0.562862
v 0.0983456 0.284909 -0.579093
v -0.440348 0.284916 -0.54719
v -0.713602 0.284909 -0.348868
v -0.479448 0.284909 0.377749
v -0.706856 0.244432 -0.171698
v -0.349801 0.284839 -0.50582
v -0.449263 0.284909 0.233509
v -0.392355 0.284778 0.395757
v -0.360744 0.236047 0.467004
v -0.956972 0.239512 -0.572261
v -0.954668 0.0337837 -0.525821
v -0.924628 -0.00483018 -0.517633
v -0.904694 -0.129403 -0.487016
v -0.866684 -0.274263 -0.437149
v -0.872406 -0.249546 -0.446882
v -0.856811 -0.276744 -0.440559
v -0.869161 -0.28042 -0.434476
v -0.878372 -0.245197 -0.435118
v -0.882163 -0.223027 -0.453891
v -0.885821 -0.208623 -0.459114
v -0.87563 -0.235863 -0.451309
v -0.853025 -0.266019 -0.441122
v -0.882205 -0.287986 -0.436836
v -0.879063 -0.235825 -0.448897
v -0.859217 -0.233815 -0.449341
v -0.858993 -0.285258 -0.447049
v -0.859526 -0.288459 -0.455467
v -0.893075 -0.289648 -0.447616
v -0.880038 -0.282287 -0.42467
v -0.87497 -0.269434 -0.420673
v -0.886955 -0.21115 -0.443623
v -0.890537 -0.193371 -0.448878
v -0.888742 -0.19671 -0.453891
v -0.890045 -0.193732 -0.464238
v -0.890714 -0.182919 -0.468591
v -0.869861 -0.197526 -0.458441
v -0.852214 -0.241657 -0.45397
v -0.84625 -0.268121 -0.449026
v -0.880332 -0.28859 -0.471802
v -0.877931 -0.283526 -0.475887
v -0.885893 -0.247396 -0.429596
v -0.89587 -0.201298 -0.443623
v -0.894502 -0.179013 -0.464553
v -0.898886 -0.163617 -0.470256
v -0.899598 -0.1645 -0.47545
v -0.899773 -0.153515 -0.480543
v -0.886964 -0.121345 -0.478863
v -0.859318 -0.220148 -0.455354
v -0.84977 -0.275807 -0.453561
v -0.860721 -0.28077 -0.462138
v -0.917483 -0.229667 -0.477686
v -0.918058 -0.229072 -0.474985
v -0.907182 -0.278474 -0.468009
v -0.90558 -0.284409 -0.458599
v -0.89187 -0.243621 -0.433786
v -0.886113 -0.220689 -0.438994
v -0.905242 -0.142409 -0.480789
v -0.905797 -0.139088 -0.480091
v -0.880726 -0.137522 -0.475558
v -0.879615 -0.153798 -0.470199
v -0.871267 -0.1698 -0.467676
v -0.855415 -0.227874 -0.46106
v -0.889831 -0.256433 -0.488147
v -0.903211 -0.25195 -0.484134
v -0.917374 -0.223027 -0.469608
v -0.917008 -0.228266 -0.469608
v -0.916521 -0.233505 -0.469608
v -0.916619 -0.196622 -0.466882
v -0.914852 -0.248401 -0.46903
v -0.908199 -0.280476 -0.456963
v -0.893663 -0.213766 -0.440257
v -0.893207 -0.176933 -0.454711
v -0.898299 -0.155982 -0.458895
v -0.90008 -0.141487 -0.465852
v -0.911101 -0.120624 -0.488657
v -0.910266 -0.100712 -0.496035
v -0.867847 -0.164973 -0.474794
v -0.865219 -0.184157 -0.474573
v -0.860803 -0.199585 -0.466689
v -0.8517 -0.251902 -0.458323
v -0.887583 -0.272656 -0.485262
v -0.892772 -0.22135 -0.493432
v -0.899594 -0.230854 -0.493033
v -0.917617 -0.217788 -0.469608
v -0.89921 -0.225574 -0.443209
v -0.900498 -0.198255 -0.446357
v -0.901734 -0.18217 -0.449604
v -0.901699 -0.171953 -0.451772
v -0.911038 -0.106051 -0.485359
v -0.915922 -0.0841314 -0.501307
v -0.921974 -0.070804 -0.501456
v -0.868914 -0.162068 -0.481359
v -0.866718 -0.196472 -0.475423
v -0.874409 -0.252858 -0.475876
v -0.905772 -0.210686 -0.495269
v -0.921459 -0.209253 -0.47959
v -0.905695 -0.151184 -0.456478
v -0.903535 -0.120492 -0.470125
v -0.911283 -0.0785331 -0.4853
v -0.916744 -0.0952522 -0.494727
v -0.898093 -0.067125 -0.491406
v -0.886194 -0.086511 -0.487721
v -0.891774 -0.100708 -0.48374
v -0.873521 -0.132473 -0.483617
v -0.899171 -0.211032 -0.497484
v -0.925986 -0.181168 -0.482228
v -0.90827 -0.12533 -0.462982
v -0.906114 -0.102172 -0.47459
v -0.910498 -0.0746893 -0.48181
v -0.901777 -0.0489236 -0.495963
v -0.904253 -0.159066 -0.507639
v -0.909759 -0.128306 -0.51399
v -0.927849 -0.159064 -0.490854
v -0.928086 -0.157273 -0.483652
v -0.914285 -0.082095 -0.472852
v -0.925486 -0.0472807 -0.503776
v -0.927523 -0.0359954 -0.508931
v -0.917988 -0.0572972 -0.508134
v -0.910413 -0.00732663 -0.505525
v -0.904139 -0.0208685 -0.500919
v -0.879732 -0.0955681 -0.49259
v -0.880092 -0.102287 -0.495803
v -0.876426 -0.125293 -0.490507
v -0.903812 -0.183051 -0.50381
v -0.936071 -0.106608 -0.498315
v -0.912739 -0.15172 -0.460688
v -0.9123 -0.123966 -0.463413
v -0.914301 -0.0475791 -0.488097
v -0.917423 -0.0341113 -0.491963
v -0.922574 -0.0325833 -0.512872
v -0.930862 0.00936854 -0.521802
v -0.896404 -0.0226473 -0.50205
v -0.889671 -0.0313591 -0.506821
v -0.884595 -0.0588474 -0.500116
v -0.883853 -0.0846103 -0.500953
v -0.934571 -0.115874 -0.494733
v -0.932734 -0.131038 -0.494523
v -0.919822 -0.0925558 -0.471728
v -0.920765 0.0455907 -0.516977
v -0.909975 0.0148187 -0.507713
v -0.886252 -0.100751 -0.501768
v -0.908557 -0.0876475 -0.520024
v -0.919696 -0.14595 -0.5056
v -0.929633 -0.108807 -0.5076
v -0.939685 -0.0799846 -0.500426
v -0.931944 -0.0959522 -0.486051
v -0.922683 -0.0385962 -0.482089
v -0.920712 -0.0140371 -0.495109
v -0.930539 -0.0143015 -0.511313
v -0.929292 -0.0101593 -0.516704
v -0.935033 0.018728 -0.516759
v -0.935629 0.0286657 -0.52412
v -0.942175 0.0551673 -0.526212
v -0.93305 0.0433 -0.528863
v -0.889033 -0.0468587 -0.508089
v -0.915725 -0.0778805 -0.524172
v -0.926158 -0.0327247 -0.483361
v -0.929522 -0.00668815 -0.488985
v -0.935771 0.02357 -0.521998
v -0.939472 0.0679546 -0.534923
v -0.925566 0.0811895 -0.525055
v -0.910274 0.0352799 -0.512667
v -0.894946 -0.00448632 -0.512315
v -0.89458 -0.012248 -0.513575
v -0.896596 -0.0204524 -0.516406
v -0.940878 -0.0700566 -0.507664
v -0.94299 -0.0391629 -0.499427
v -0.928946 0.0408793 -0.50845
v -0.939615 0.0459234 -0.521812
v -0.939776 0.0814195 -0.521277
v -0.936934 0.0975252 -0.537414
v -0.930026 0.124532 -0.532566
v -0.914173 0.0692925 -0.519833
v -0.90634 0.0646449 -0.522875
v -0.905086 0.0349594 -0.514602
v -0.918606 -0.0531591 -0.529653
v -0.943711 -0.0539444 -0.509148
v -0.946282 -0.0332851 -0.510157
v -0.942594 -0.0392976 -0.516759
v -0.943934 -0.0340586 -0.516759
v -0.924439 0.00988275 -0.499469
v -0.932766 0.040244 -0.499874
v -0.931622 0.0614342 -0.510571
v -0.93504 0.0656035 -0.516759
v -0.93504 0.0708425 -0.516759
v -0.93504 0.0760815 -0.516759
v -0.94525 0.105968 -0.542308
v -0.913582 0.116902 -0.533711
v -0.900828 0.0308156 -0.52192
v -0.898719 0.0197195 -0.516825
v -0.919907 -0.0263905 -0.533881
v -0.928922 -0.0446118 -0.528097
v -0.941741 -0.042709 -0.516759
v -0.943077 -0.0357865 -0.518635
v -0.948338 -0.0119777 -0.512728
v -0.942983 0.0127923 -0.500757
v -0.932643 0.0130648 -0.492639
v -0.931263 0.0513487 -0.506281
v -0.947185 0.09251 -0.534033
v -0.946079 0.119188 -0.546181
v -0.944502 0.131776 -0.5488
v -0.925115 0.137624 -0.533669
v -0.919653 0.120274 -0.531057
v -0.905485 0.0642142 -0.529541
v -0.907384 0.0554468 -0.532202
v -0.903922 0.033487 -0.527121
v -0.929233 -0.00448517 -0.538511
v -0.942592 -0.0437309 -0.50104
v -0.936315 0.0270618 -0.49652
v -0.93559 0.0832007 -0.511514
v -0.938789 0.106317 -0.521748
v -0.908692 0.0951551 -0.534242
v -0.910307 0.0656035 -0.535765
v -0.951589 0.0155946 -0.525053
v -0.942373 0.0319519 -0.500692
v -0.941782 0.0696357 -0.504479
v -0.952992 0.134673 -0.543133
v -0.946835 0.157183 -0.555161
v -0.943569 0.170505 -0.553553
v -0.946124 0.196134 -0.561177
v -0.937728 0.166132 -0.542006
v -0.914626 0.143689 -0.542276
v -0.927381 0.0209343 -0.543344
v -0.930522 0.0462204 -0.549272
v -0.954242 0.0385801 -0.519779
v -0.938644 0.107854 -0.515832
v -0.95034 0.120019 -0.537643
v -0.954367 0.151603 -0.542696
v -0.937382 0.208009 -0.548175
v -0.939523 0.20219 -0.548215
v -0.915631 0.155651 -0.548459
v -0.91159 0.115553 -0.540127
v -0.91643 0.0905073 -0.543671
v -0.936138 0.049142 -0.550689
v -0.957112 0.049138 -0.526514
v -0.943175 0.135171 -0.527778
v -0.956076 0.158217 -0.546491
v -0.95799 0.175237 -0.55071
v -0.950111 0.220968 -0.570025
v -0.964746 0.236113 -0.564224
v -0.937068 0.226611 -0.554644
v -0.93485 0.181896 -0.541768
v -0.929032 0.182048 -0.541463
v -0.953933 0.0319359 -0.529143
v -0.958336 0.075435 -0.539403
v -0.960626 0.0767508 -0.531052
v -0.957075 0.0755039 -0.521532
v -0.94555 0.0854242 -0.507816
v -0.94517 0.118994 -0.51379
v -0.950965 0.136403 -0.517286
v -0.942599 0.132153 -0.52204
v -0.946297 0.160643 -0.530067
v -0.95609 0.207233 -0.565624
v -0.958146 0.242781 -0.560414
v -0.924227 0.23154 -0.549215
v -0.919473 0.179844 -0.548283
v -0.937808 0.105546 -0.561504
v -0.941368 0.0635776 -0.552875
v -0.937689 0.0251191 -0.54413
v -0.962941 0.102276 -0.532598
v -0.963 0.0946955 -0.53698
v -0.953585 0.100044 -0.515269
v -0.947051 0.135058 -0.517774
v -0.952902 0.170846 -0.524041
v -0.94992 0.184252 -0.532199
v -0.958687 0.1969 -0.547846
v -0.96336 0.212625 -0.556481
v -0.947777 0.236841 -0.566456
v -0.941741 0.231057 -0.553553
v -0.935179 0.230865 -0.546235
v -0.125973 0.284904 -0.551328
v -0.560998 0.284839 -0.502217
v -0.548331 0.284787 -0.485325
v -0.61286 0.284809 -0.375513
v -0.642755 0.284909 -0.348868
v -0.61257 0.284909 -0.264283
v -0.565358 0.284909 0.0222757
v -0.417935 0.28486 0.331969
v -0.360582 0.237853 0.396056
v 0.20463 0.284851 -0.571316
v -0.00786525 0.284909 -0.518739
v -0.375202 0.284909 0.411878
v -0.199268 0.284783 -0.486105
v -0.532523 0.284909 -0.314815
v -0.545681 0.284909 -0.304337
v -0.527909 0.284909 -0.270817
v -0.577146 0.284909 -0.0931033
v -0.778147 0.24422 -0.349559
v 0.24397 0.284909 -0.544385
v 0.248381 0.284886 -0.512975
v 0.228851 0.284909 -0.494909
v -0.533163 0.284909 -0.333151
v -0.533208 0.284909 -0.0944131
v -0.522015 0.284909 -0.00784832
v -0.559368 0.244618 0.0458905
v -0.597608 0.244712 -0.00239861
v 0.564035 0.284787 -0.584987
v 0.595468 0.284787 -0.543076
v 0.418474 0.284943 -0.559533
v -0.446007 0.284824 -0.417444
v -0.464386 0.284909 -0.33839
v -0.480758 0.284909 -0.263629
v -0.473554 0.284909 -0.132517
v -0.768066 0.244465 -0.402379
v -0.822175 0.244161 -0.451901
v 0.510213 0.284787 -0.482706
v -0.396899 0.284833 0.115644
v -0.589931 0.24453 -0.416001
v -0.573914 0.244461 -0.451193
v 0.222963 0.089087 -0.586303
v 0.556176 0.284787 -0.554208
v -0.605305 0.244581 -0.355447
v 0.239386 0.284909 -0.392212
v -0.480103 0.244581 -0.0970325
v 0.228828 0.244736 -0.446148
v 0.185449 0.244593 -0.479294
v 0.292553 0.284909 -0.377804
v -0.0564475 0.285031 -0.3397
v -0.0923914 0.284988 -0.301227
v -0.359363 0.284909 -0.0734572
v -0.312008 0.267187 0.297968
v 0.160998 0.205005 -0.514121
v 0.928259 0.284838 -0.4661
v 0.689267 0.284787 -0.45782
v -0.226278 0.284909 -0.231281
v -0.437234 0.244661 -0.0383905
v -0.392097 0.244769 0.0145015
v -0.447013 0.244482 -0.228046
v -0.397672 0.244203 -0.483319
v -0.0528372 0.205169 -0.513542
v 0.393525 0.284909 -0.365986
v 0.404003 0.284909 -0.380424
v -0.302827 0.250757 0.224004
v -0.466642 0.244472 -0.281388
v -0.406928 0.24445 -0.233758
v 0.207813 0.244689 -0.361532
v 0.2843 0.238784 -0.425408
v 0.989974 0.186222 -0.590226
v 0.452554 0.284909 -0.359407
v 0.376483 0.284909 -0.312196
v -0.014414 0.285031 -0.232834
v -0.0836419 0.284976 -0.189348
v -0.327999 0.244459 -0.423342
v 0.0815062 0.244578 -0.457113
v 0.12507 0.244611 -0.411328
v 0.110684 0.244599 -0.341804
v 0.785731 0.284778 -0.322327
v -0.345287 0.244464 -0.273671
v -0.154145 0.244459 -0.48729
v 0.988945 0.0472123 -0.589994
v 0.9895 0.0686395 -0.590234
v 0.983761 0.117993 -0.589617
v 0.989238 0.112744 -0.590201
v 0.676794 0.284787 -0.333806
v 0.377851 0.284827 -0.201143
v -0.271489 0.284909 -0.089829
v -0.219253 0.284897 -0.034439
v -0.341843 0.244578 -0.249157
v -0.272144 0.244459 -0.417752
v -0.133844 0.244459 -0.474847
v 0.334346 0.244474 -0.304876
v 0.222522 0.0615307 -0.557587
v 0.217776 0.0160161 -0.558792
v 0.217654 0.0130921 -0.558792
v 0.820414 -0.148916 -0.592938
v 0.836826 -0.149559 -0.592663
v 0.994021 0.249278 -0.524442
v 0.98936 0.245856 -0.567225
v 0.983761 0.245068 -0.537837
v 0.476714 0.284833 -0.178283
v 0.353128 0.284909 -0.202322
v -0.201141 0.284909 -0.070838
v -0.315712 0.244527 -0.353069
v -0.123305 0.244581 -0.383043
v 0.343267 0.244337 -0.346166
v 0.396649 0.244412 -0.323465
v 0.968044 0.284787 -0.270162
v 0.515452 0.284787 -0.28792
v -0.278085 0.244472 -0.326501
v -0.17903 0.244581 -0.407274
v -0.167897 0.244581 -0.397451
v 0.385301 0.243592 -0.46052
v 0.418849 0.243683 -0.462369
v 0.880824 0.284787 -0.310231
v 0.874584 0.284833 -0.260133
v 0.0185676 0.244637 -0.310117
v 0.529447 0.244122 -0.482437
v -0.0494527 0.285739 -0.0275514
v 0.520897 0.238779 -0.5799
v 0.576477 0.284787 -0.165916
v 0.247992 0.284998 -0.061559
v -0.191503 0.244703 -0.0957228
v -0.0966415 0.244828 -0.260165
v 0.207924 0.244839 -0.170035
v 0.216956 0.244984 -0.147403
v 0.53784 0.244581 -0.380424
v 0.249209 -0.0288197 -0.584987
v 0.247823 -0.0329362 -0.582266
v 0.53277 0.284911 -0.0982377
v 0.204008 0.284909 -0.0839351
v -0.280308 0.260623 0.109537
v -0.280657 0.25311 0.11277
v 0.155349 0.245033 -0.082555
v 0.254289 0.244763 -0.129633
v 0.560105 0.244581 -0.320054
v 0.565344 0.244581 -0.281356
v 0.629011 0.244574 -0.305113
v 0.244597 0.0819692 -0.584863
v 0.243798 0.0737212 -0.58159
v 0.212583 -0.0588746 -0.541574
v 0.209707 -0.0972068 -0.54156
v 0.781073 0.28487 -0.125248
v 0.312713 0.284772 -0.0339744
v 0.338394 0.2843 -0.0288042
v 0.0889255 0.285245 -0.0660018
v 0.427509 0.244069 -0.0971393
v 0.433972 0.237288 -0.0876441
v 0.950765 -0.0775019 -0.563739
v 0.885375 0.244207 -0.482569
v 0.952327 0.284787 -0.0813157
v 0.589291 0.284789 -0.0572679
v 0.642741 0.284787 -0.0340432
v -0.00786525 0.244825 -0.160022
v 0.00261271 0.244825 -0.144305
v 0.960497 -0.136026 -0.56422
v 0.963131 -0.166317 -0.564116
v 0.962087 -0.197998 -0.564434
v 0.952232 -0.275404 -0.229389
v 0.952205 -0.275416 -0.22825
v 0.952327 -0.275416 -0.223011
v 0.952205 -0.275416 -0.217772
v 0.953022 -0.27077 -0.238353
v 0.952204 -0.275426 -0.189534
v 0.95221 -0.275414 -0.176228
v 0.9522 -0.275425 -0.127612
v 0.952272 -0.277914 -0.122152
v 0.952233 -0.27542 -0.107563
v 0.953508 -0.280511 -0.0925651
v 0.993499 -0.20146 -0.065935
v 0.989103 -0.203525 -0.0627868
v 0.954727 -0.126776 -0.0597822
v 0.957686 0.00662492 -0.0657234
v 0.978522 0.02357 -0.0655988
v 0.983761 0.0551256 -0.0634058
v 0.962679 0.0535554 -0.0450006
v 0.883733 0.244826 -0.155415
v 0.844246 0.244886 -0.0971678
v 0.916064 0.160251 -0.570156
v 0.903305 0.200091 -0.583851
v 0.870941 0.248122 -0.588246
v 0.866414 0.251541 -0.580662
v 0.877302 0.246324 -0.583198
v 0.895494 0.238198 -0.590968
v 0.674297 0.243054 -0.589943
v 0.699006 0.247475 -0.58826
v 0.839167 0.249138 -0.585394
v 0.860955 0.247345 -0.578571
v 0.884912 0.244125 -0.58475
v 0.897036 0.222946 -0.588405
v 0.687749 0.237459 -0.591952
v 0.669621 0.247381 -0.586234
v 0.678665 0.246963 -0.582709
v 0.799483 0.23944 -0.576749
v 0.8223 0.236298 -0.574817
v 0.838743 0.233702 -0.556661
v 0.839104 0.233403 -0.53316
v 0.857904 0.242875 -0.51152
v 0.869071 0.237789 -0.520538
v 0.876616 0.236515 -0.57486
v 0.903871 0.242681 -0.58314
v 0.902516 0.231181 -0.58165
v 0.872259 0.240846 -0.591781
v 0.761574 0.212344 -0.588425
v 0.772871 0.244711 -0.591667
v 0.729246 0.247261 -0.583798
v 0.798067 0.235283 -0.557033
v 0.842615 0.243477 -0.519425
v 0.848158 0.231997 -0.537233
v 0.910256 0.196275 -0.569087
v 0.914462 0.134965 -0.585767
v 0.920352 0.0953082 -0.583507
v 0.92598 0.0444082 -0.584895
v 0.926153 0.0531709 -0.579472
v 0.921347 0.0751213 -0.586591
v 0.921268 0.0818721 -0.585326
v 0.916356 0.105168 -0.588988
v 0.920774 0.122444 -0.569788
v 0.925963 0.0809279 -0.569122
v 0.926744 0.072305 -0.569366
v 0.931237 0.0353379 -0.569174
v 0.941523 -0.00446648 -0.564144
v 0.916058 0.0730184 -0.589744
v 0.915854 0.127343 -0.585209
v 0.913339 0.14431 -0.584987
v 0.906902 0.179141 -0.583555
v 0.628719 0.213105 -0.588624
v 0.640131 0.242236 -0.591733
v 0.573295 0.250834 -0.585162
v 0.589295 0.248727 -0.582043
v 0.675851 0.237509 -0.574978
v 0.823702 0.242396 -0.526834
v 0.805547 0.243135 -0.523333
v 0.836909 0.244746 -0.266039
v 0.863698 0.244702 -0.27475
v 0.860508 0.244703 -0.338718
v 0.786157 0.244701 -0.393036
v 0.806982 0.244675 -0.366212
v 0.791993 0.244693 -0.305963
v 0.804677 0.244583 -0.275315
v 0.7925 0.244632 -0.264017
v 0.845777 0.244826 -0.220257
v 0.903143 0.244735 -0.286592
v 0.811424 0.244654 -0.428773
v 0.787416 0.244539 -0.441004
v 0.756479 0.244031 -0.499953
v 0.805392 0.244619 -0.355828
v 0.711476 0.244503 -0.391424
v 0.756127 0.244546 -0.275839
v 0.833188 0.244754 -0.224169
v 0.892953 0.244822 -0.264381
v 0.928193 0.244868 -0.25076
v 0.957241 0.245041 -0.256245
v 0.958808 0.245011 -0.277331
v 0.915511 0.244797 -0.314137
v 0.803305 0.244617 -0.439116
v 0.827258 0.244331 -0.484662
v 0.912713 0.232587 -0.53929
v 0.900311 0.235334 -0.574005
v 0.904337 0.230639 -0.570839
v 0.905808 0.22814 -0.569034
v 0.910397 0.188229 -0.57058
v 0.916424 0.158952 -0.568801
v 0.919515 0.144309 -0.568219
v 0.91982 0.132233 -0.5691
v 0.92227 0.110692 -0.569903
v 0.925525 0.0837216 -0.569107
v 0.930041 0.0457343 -0.568841
v 0.934874 0.0202357 -0.566862
v 0.945464 0.0269365 -0.566406
v 0.949343 0.00235228 -0.566877
v 0.948899 -0.0176679 -0.564492
v 0.956337 -0.0403924 -0.569774
v 0.948799 -0.0320396 -0.564101
v 0.936343 -0.00434189 -0.569024
v 0.934386 0.00868649 -0.569956
v 0.931249 0.0130921 -0.577433
v 0.922577 0.0271496 -0.586267
v 0.927838 0.0238776 -0.582913
v 0.923167 0.0371428 -0.588872
v 0.920558 0.0548171 -0.588902
v 0.898782 0.185666 -0.588278
v 0.890535 0.200672 -0.58861
v 0.721946 0.187764 -0.588571
v 0.579009 0.213741 -0.588331
v 0.576867 0.249894 -0.579863
v 0.577828 0.239364 -0.574376
v 0.597698 0.240583 -0.5757
v 0.692119 0.237546 -0.574939
v 0.737702 0.236567 -0.574666
v 0.762397 0.235201 -0.563426
v 0.769682 0.235531 -0.540759
v 0.822038 0.234753 -0.53875
v 0.73794 0.242192 -0.525778
v 0.741358 0.243147 -0.513782
v 0.713239 0.24446 -0.330434
v 0.718986 0.244493 -0.326997
v 0.73145 0.244574 -0.279361
v 0.791877 0.244553 -0.173845
v 0.519484 0.253346 -0.0235827
v 0.532601 0.249211 -0.0246618
v 0.167355 0.251254 -0.0211527
v 0.582436 0.236954 -0.0656968
v 0.779442 0.244525 -0.096142
v 0.289898 0.246179 -0.0275583
v -0.186394 0.267323 0.0121631
v 0.302989 0.241876 -0.0505854
v 0.26081 0.175383 -0.0387144
v 0.270835 0.1656 -0.0499065
v 0.21727 0.0859351 -0.0560487
v 0.216866 0.0447896 -0.0602302
v 0.222794 -0.202641 -0.0918082
v 0.220122 -0.286857 -0.117756
v 0.218177 -0.285143 -0.141738
v 0.253812 -0.280576 -0.22982
v 0.254742 -0.278532 -0.279728
v 0.255191 -0.275697 -0.308863
v 0.253577 -0.280546 -0.308294
v 0.25353 -0.280595 -0.318799
v 0.253697 -0.280345 -0.360925
v 0.253611 -0.280264 -0.429209
v 0.212473 -0.280808 -0.474559
v 0.212537 -0.280777 -0.45913
v 0.217966 -0.285096 -0.48504
v 0.254181 -0.190949 -0.545378
v 0.211865 -0.172871 -0.543173
v 0.217189 -0.169316 -0.548315
v 0.217776 -0.186232 -0.547583
v 0.249744 -0.272771 -0.545498
v 0.254342 -0.0306833 -0.543095
v 0.245889 0.0165758 -0.578289
v 0.247991 0.0340479 -0.584987
v 0.249209 0.028809 -0.584987
v 0.249209 0.02357 -0.584134
v 0.247405 0.0597605 -0.571463
v 0.244088 0.0621051 -0.582072
v 0.24709 0.0397108 -0.584974
v 0.247014 0.017121 -0.583094
v 0.255952 -0.016333 -0.551912
v 0.255706 -0.00780332 -0.556682
v 0.250039 0.0125241 -0.565768
v 0.251283 0.0241447 -0.564341
v 0.245766 0.0311962 -0.577456
v 0.249806 0.051886 -0.565252
v 0.244214 0.0656035 -0.579748
v 0.243971 0.070477 -0.579748
v 0.26625 0.0287768 -0.586139
v 0.410942 0.0223107 -0.584477
v 0.564509 0.0229474 -0.584672
v 0.254291 0.0206408 -0.586456
v 0.250101 0.0232764 -0.584819
v 0.249088 -0.00262484 -0.584987
v 0.245665 -0.0189494 -0.567466
v 0.258635 -0.0680618 -0.539223
v 0.259078 -0.0865701 -0.543076
v 0.257727 -0.127075 -0.545414
v 0.218117 -0.112622 -0.552658
v 0.210836 -0.117942 -0.540428
v 0.212531 -0.129117 -0.548511
v 0.212538 -0.113219 -0.549635
v 0.212594 -0.0934515 -0.551458
v 0.215687 -0.0975448 -0.533802
v 0.211684 -0.149559 -0.537837
v 0.211562 -0.154798 -0.537837
v 0.212537 -0.212549 -0.543076
v 0.212537 -0.218397 -0.543076
v 0.210529 -0.20792 -0.538887
v 0.212537 -0.217788 -0.543076
v 0.211238 -0.218705 -0.537931
v 0.257526 -0.156531 -0.537815
v 0.258187 -0.110438 -0.540554
v 0.211928 -0.139082 -0.537837
v 0.216716 -0.154475 -0.532031
v 0.212687 -0.231886 -0.542995
v 0.248473 -0.281651 -0.540058
v 0.257609 -0.191027 -0.53789
v 0.252043 -0.0825829 -0.533787
v 0.21094 -0.163143 -0.537844
v 0.211581 -0.198442 -0.535251
v 0.216705 -0.213055 -0.529234
v 0.212537 -0.212549 -0.532841
v 0.212537 -0.217788 -0.532598
v 0.212415 -0.223027 -0.532598
v 0.218897 -0.274102 -0.545617
v 0.254347 -0.17082 -0.532526
v 0.249209 -0.144321 -0.53211
v 0.212537 -0.217301 -0.532598
v 0.212537 -0.223027 -0.532476
v 0.212293 -0.228266 -0.532598
v 0.211075 -0.233505 -0.537837
v 0.210966 -0.256491 -0.53563
v 0.213087 -0.273295 -0.542194
v 0.21691 -0.283433 -0.537056
v 0.255362 -0.273814 -0.53853
v 0.257086 -0.230903 -0.540061
v 0.253546 -0.176582 -0.531448
v 0.212426 -0.228376 -0.532483
v 0.217527 -0.285697 -0.530019
v 0.255006 -0.278914 -0.52797
v 0.256065 -0.259139 -0.539145
v 0.210239 -0.276131 -0.53452
v 0.250437 -0.285763 -0.532371
v 0.251835 -0.283134 -0.499221
v 0.254136 -0.279517 -0.463627
v 0.253504 -0.280571 -0.492553
v 0.255811 -0.271725 -0.495715
v 0.255301 -0.275416 -0.501042
v 0.255625 -0.273047 -0.502907
v 0.254576 -0.269864 -0.521886
v 0.254915 -0.270192 -0.525888
v 0.254631 -0.263805 -0.531259
v 0.248896 -0.258288 -0.527727
v 0.211358 -0.279599 -0.506322
v 0.212384 -0.280716 -0.477365
v 0.211684 -0.278036 -0.45782
v 0.217776 -0.28492 -0.453891
v 0.235808 -0.285824 -0.450497
v 0.248675 -0.284657 -0.490422
v 0.253344 -0.280662 -0.432801
v 0.254473 -0.277735 -0.391984
v 0.253455 -0.28067 -0.366683
v 0.25556 -0.271788 -0.382007
v 0.255305 -0.272732 -0.404184
v 0.255058 -0.275416 -0.427575
v 0.255058 -0.275416 -0.432814
v 0.255058 -0.275416 -0.438053
v 0.255058 -0.275416 -0.448652
v 0.254566 -0.270163 -0.452343
v 0.255152 -0.275612 -0.469962
v 0.253456 -0.268275 -0.47221
v 0.254448 -0.269934 -0.495803
v 0.24958 -0.265705 -0.521827
v 0.218941 -0.259501 -0.527125
v 0.21792 -0.265167 -0.52278
v 0.212735 -0.267814 -0.526284
v 0.210421 -0.278249 -0.509881
v 0.211961 -0.269862 -0.508385
v 0.210906 -0.275331 -0.495422
v 0.212498 -0.280743 -0.443249
v 0.213436 -0.282041 -0.406894
v 0.212537 -0.280777 -0.40138
v 0.212537 -0.280777 -0.396141
v 0.212537 -0.280655 -0.380424
v 0.212415 -0.280655 -0.375185
v 0.212537 -0.280777 -0.369946
v 0.212537 -0.280777 -0.364707
v 0.217776 -0.284798 -0.359346
v 0.212537 -0.280777 -0.306957
v 0.212537 -0.280777 -0.312196
v 0.212537 -0.280777 -0.322673
v 0.212537 -0.280655 -0.327912
v 0.217776 -0.284798 -0.348868
v 0.212537 -0.280655 -0.348868
v 0.212537 -0.280655 -0.352402
v 0.212537 -0.280655 -0.354107
v 0.212537 -0.280655 -0.343873
v 0.212537 -0.280655 -0.34101
v 0.212537 -0.280655 -0.333151
v 0.212537 -0.280777 -0.317435
v 0.212415 -0.280655 -0.317435
v 0.212415 -0.280655 -0.312196
v 0.212415 -0.280655 -0.306957
v 0.212537 -0.280777 -0.301718
v 0.223015 -0.285651 -0.364707
v 0.248641 -0.284684 -0.405161
v 0.249191 -0.284382 -0.380107
v 0.251788 -0.282978 -0.320837
v 0.255268 -0.27556 -0.271999
v 0.254692 -0.270177 -0.270162
v 0.25457 -0.270177 -0.275401
v 0.25457 -0.270177 -0.280762
v 0.25457 -0.270177 -0.286001
v 0.25457 -0.270177 -0.301718
v 0.25457 -0.270177 -0.306957
v 0.25448 -0.269958 -0.322253
v 0.255513 -0.271779 -0.332008
v 0.255357 -0.271782 -0.365759
v 0.255179 -0.275416 -0.369946
v 0.254569 -0.270171 -0.396732
v 0.254568 -0.27017 -0.427398
v 0.254526 -0.270139 -0.432823
v 0.251864 -0.267396 -0.468562
v 0.210844 -0.271668 -0.472112
v 0.211806 -0.270177 -0.469608
v 0.211903 -0.269937 -0.467037
v 0.210555 -0.275561 -0.440986
v 0.214704 -0.283216 -0.429951
v 0.212415 -0.280655 -0.422336
v 0.210953 -0.275416 -0.422336
v 0.212537 -0.280655 -0.369946
v 0.212537 -0.280655 -0.364707
v 0.21096 -0.275438 -0.359372
v 0.210953 -0.275416 -0.33839
v 0.210953 -0.275416 -0.327912
v 0.212537 -0.280655 -0.301718
v 0.212537 -0.280655 -0.296479
v 0.212537 -0.280655 -0.29124
v 0.212537 -0.280655 -0.257126
v 0.215592 -0.283698 -0.258818
v 0.212537 -0.280655 -0.254445
v 0.212537 -0.280655 -0.249206
v 0.212537 -0.280655 -0.243967
v 0.212537 -0.280655 -0.238728
v 0.217776 -0.284798 -0.215153
v 0.212537 -0.280655 -0.233489
v 0.212537 -0.280655 -0.223011
v 0.212537 -0.280655 -0.22825
v 0.212537 -0.280655 -0.207294
v 0.217776 -0.284798 -0.202056
v 0.212537 -0.280655 -0.207173
v 0.212537 -0.280655 -0.202056
v 0.212537 -0.280655 -0.1705
v 0.217776 -0.284798 -0.180978
v 0.212537 -0.280655 -0.165261
v 0.223015 -0.285773 -0.212533
v 0.223246 -0.285687 -0.257356
v 0.217788 -0.284833 -0.301224
v 0.237197 -0.286749 -0.291594
v 0.249214 -0.284548 -0.22768
v 0.25221 -0.283007 -0.158845
v 0.254111 -0.280566 -0.175822
v 0.254037 -0.280568 -0.198917
v 0.255521 -0.275706 -0.212916
v 0.254692 -0.270177 -0.264923
v 0.254448 -0.269934 -0.264923
v 0.25457 -0.270177 -0.296479
v 0.25457 -0.270177 -0.312196
v 0.254687 -0.270162 -0.347932
v 0.254498 -0.269789 -0.370255
v 0.249578 -0.266227 -0.385372
v 0.249209 -0.266157 -0.45913
v 0.240856 -0.265784 -0.521082
v 0.217776 -0.266157 -0.516759
v 0.212171 -0.26969 -0.445972
v 0.213213 -0.26781 -0.431998
v 0.210816 -0.272531 -0.396918
v 0.210728 -0.272056 -0.371536
v 0.212103 -0.269589 -0.353941
v 0.211684 -0.270177 -0.326603
v 0.210953 -0.275416 -0.301718
v 0.212537 -0.280655 -0.286001
v 0.212537 -0.280777 -0.270162
v 0.212537 -0.280655 -0.264923
v 0.212537 -0.280655 -0.259684
v 0.212537 -0.280655 -0.217772
v 0.212537 -0.280655 -0.21692
v 0.212537 -0.280655 -0.212533
v 0.212537 -0.280655 -0.207416
v 0.212537 -0.280655 -0.196695
v 0.211026 -0.277525 -0.172191
v 0.212537 -0.280655 -0.171962
v 0.212537 -0.280655 -0.160022
v 0.212537 -0.280655 -0.154783
v 0.212537 -0.280655 -0.149544
v 0.212537 -0.280655 -0.144305
v 0.21243 -0.280857 -0.120572
v 0.255894 -0.273465 -0.157068
v 0.255769 -0.274134 -0.18471
v 0.255549 -0.275375 -0.221049
v 0.255443 -0.275742 -0.234507
v 0.254814 -0.270177 -0.233489
v 0.254582 -0.269933 -0.240641
v 0.254684 -0.270154 -0.249755
v 0.249209 -0.266157 -0.243967
v 0.218039 -0.266055 -0.220174
v 0.211997 -0.269689 -0.375597
v 0.211684 -0.270177 -0.303027
v 0.213224 -0.268106 -0.269629
v 0.211323 -0.278056 -0.278936
v 0.211684 -0.270177 -0.270162
v 0.211684 -0.270177 -0.264923
v 0.210953 -0.275416 -0.264923
v 0.210953 -0.275416 -0.212533
v 0.210776 -0.273582 -0.194543
v 0.212537 -0.280655 -0.142478
v 0.247233 -0.285481 -0.110045
v 0.247254 -0.286697 -0.123085
v 0.254448 -0.279803 -0.165261
v 0.254936 -0.270177 -0.165261
v 0.254842 -0.270066 -0.205646
v 0.254448 -0.26969 -0.207294
v 0.254448 -0.26969 -0.212533
v 0.254448 -0.269812 -0.223011
v 0.249209 -0.266157 -0.238728
v 0.217776 -0.266157 -0.327912
v 0.211684 -0.270177 -0.259684
v 0.211684 -0.270177 -0.254445
v 0.211684 -0.270177 -0.22956
v 0.211136 -0.274107 -0.226286
v 0.211777 -0.270036 -0.176333
v 0.211075 -0.275416 -0.128588
v 0.215178 -0.282225 -0.107761
v 0.254761 -0.280655 -0.110518
v 0.249334 -0.28517 -0.124808
v 0.254597 -0.280726 -0.130374
v 0.255435 -0.278302 -0.142539
v 0.249209 -0.266035 -0.144305
v 0.212537 -0.269203 -0.212533
v 0.21257 -0.269162 -0.157356
v 0.210702 -0.271866 -0.143355
v 0.248657 -0.27476 -0.100823
v 0.255989 -0.271816 -0.124619
v 0.254887 -0.270037 -0.133548
v 0.249024 -0.266052 -0.124437
v 0.217776 -0.266279 -0.128588
v 0.213603 -0.267559 -0.124868
v 0.211192 -0.277453 -0.110201
v 0.215563 -0.278391 -0.103628
v 0.219069 -0.275554 -0.101448
v 0.249408 -0.266028 -0.099872
v 0.233493 -0.228266 -0.095205
v 0.248779 -0.242148 -0.0970263
v 0.254271 -0.270753 -0.102778
v 0.255775 -0.2794 -0.117537
v 0.213326 -0.261188 -0.102313
v 0.218246 -0.267255 -0.100031
v 0.217031 -0.228225 -0.0955763
v 0.254836 -0.227796 -0.0969073
v 0.255218 -0.257762 -0.101749
v 0.256308 -0.263243 -0.110657
v 0.256205 -0.274401 -0.108431
v 0.212313 -0.260039 -0.112191
v 0.212242 -0.241744 -0.101866
v 0.214 -0.184411 -0.0930921
v 0.218038 -0.199699 -0.0917285
v 0.250051 -0.201906 -0.0919638
v 0.2535 -0.19779 -0.0919004
v 0.258163 -0.220569 -0.100145
v 0.250503 -0.264117 -0.119688
v 0.234678 -0.264177 -0.120495
v 0.215414 -0.264665 -0.119727
v 0.211653 -0.216356 -0.101518
v 0.213147 -0.212946 -0.0971198
v 0.212156 -0.188926 -0.100891
v 0.212474 -0.177987 -0.0955499
v 0.212537 -0.165276 -0.0970325
v 0.218481 -0.169422 -0.0878941
v 0.258347 -0.201949 -0.0970325
v 0.254448 -0.2597 -0.113846
v 0.248526 -0.256798 -0.116317
v 0.218028 -0.258535 -0.116223
v 0.211415 -0.246816 -0.108355
v 0.212119 -0.225652 -0.107524
v 0.21352 -0.205584 -0.106781
v 0.212293 -0.170515 -0.0970325
v 0.212537 -0.165033 -0.0970325
v 0.21339 -0.165276 -0.0917936
v 0.227793 -0.161704 -0.0859909
v 0.254936 -0.191471 -0.0917936
v 0.255659 -0.172549 -0.0893116
v 0.25786 -0.175754 -0.0917936
v 0.259568 -0.175232 -0.0941327
v 0.255911 -0.186232 -0.0917936
v 0.260123 -0.190895 -0.100389
v 0.255848 -0.250719 -0.112072
v 0.217647 -0.228586 -0.11285
v 0.212537 -0.233505 -0.108851
v 0.213926 -0.207468 -0.107481
v 0.213366 -0.178075 -0.102031
v 0.212537 -0.170515 -0.0975199
v 0.212659 -0.160037 -0.0970325
v 0.215661 -0.140537 -0.0856391
v 0.21373 -0.15038 -0.0886471
v 0.259945 -0.157639 -0.0916094
v 0.249347 -0.233524 -0.113968
v 0.21426 -0.158185 -0.100254
v 0.254779 -0.152277 -0.0859504
v 0.257567 -0.114263 -0.0808177
v 0.258956 -0.180993 -0.102272
v 0.254403 -0.182646 -0.106541
v 0.255571 -0.217106 -0.10994
v 0.249005 -0.206422 -0.110623
v 0.21759 -0.196461 -0.108926
v 0.218519 -0.188408 -0.107771
v 0.217808 -0.116587 -0.0812919
v 0.223171 -0.116601 -0.0800926
v 0.223896 -0.0944861 -0.076765
v 0.258937 -0.0757501 -0.0754544
v 0.258156 -0.0900086 -0.0776971
v 0.260209 -0.130686 -0.0863812
v 0.2609 -0.137589 -0.0959043
v 0.260251 -0.140214 -0.0883476
v 0.261097 -0.14589 -0.0927207
v 0.261009 -0.161078 -0.0969023
v 0.215675 -0.129943 -0.0973845
v 0.217782 -0.119496 -0.0971163
v 0.213096 -0.122062 -0.0921457
v 0.213253 -0.0863331 -0.085109
v 0.214684 -0.0892698 -0.0801773
v 0.254717 -0.0771169 -0.0744651
v 0.254175 -0.056554 -0.0717091
v 0.2595 -0.129123 -0.0970134
v 0.259687 -0.14956 -0.0983728
v 0.259376 -0.164909 -0.101297
v 0.253004 -0.171546 -0.105625
v 0.218648 -0.156632 -0.103166
v 0.218005 -0.0753292 -0.0755148
v 0.218789 -0.0536728 -0.0719385
v 0.218676 -0.0457465 -0.0707151
v 0.259754 -0.0763065 -0.0760564
v 0.262717 -0.078387 -0.0812734
v 0.262734 -0.0929441 -0.0841205
v 0.260906 -0.102287 -0.0917936
v 0.26221 -0.11081 -0.088696
v 0.254276 -0.13237 -0.100291
v 0.218406 -0.114193 -0.0967514
v 0.21403 -0.0419584 -0.0782221
v 0.214642 -0.0110632 -0.0727027
v 0.215349 -0.0350667 -0.0726188
v 0.258609 -0.0288903 -0.0682338
v 0.259985 -0.0410737 -0.0707036
v 0.263749 -0.0692928 -0.0811297
v 0.260026 -0.118223 -0.0953286
v 0.254433 -0.117796 -0.0982305
v 0.227604 -0.11261 -0.097986
v 0.215006 -0.0670684 -0.0864802
v 0.213987 -0.0589587 -0.0813094
v 0.214828 -0.032511 -0.0795863
v 0.217776 -0.0184636 -0.0813157
v 0.214852 -0.0183417 -0.0760767
v 0.223083 0.0190787 -0.0603848
v 0.219086 -0.00826377 -0.0654162
v 0.223161 -0.0208958 -0.0664032
v 0.259149 0.000850642 -0.0637322
v 0.261709 -0.00657437 -0.0660781
v 0.265456 -0.0156011 -0.0723809
v 0.264635 -0.0442295 -0.078789
v 0.254448 -0.091809 -0.094474
v 0.24136 -0.10348 -0.0963884
v 0.218062 -0.086701 -0.0928234
v 0.2178 -0.0496635 -0.0863163
v 0.217341 -0.0239375 -0.0816981
v 0.217776 -0.0235807 -0.0820467
v 0.217776 -0.0183417 -0.0813157
v 0.222582 0.0233985 -0.0597971
v 0.262006 0.0340595 -0.0594888
v 0.265453 0.0197341 -0.065601
v 0.265552 -0.000913069 -0.070691
v 0.264235 -0.0348454 -0.0804298
v 0.263336 -0.0371961 -0.0813608
v 0.260815 -0.0568717 -0.087268
v 0.259734 -0.0860644 -0.0916454
v 0.219014 -0.0868221 -0.0931343
v 0.223842 -0.0268762 -0.0847947
v 0.219481 -0.0131027 -0.0813157
v 0.216597 0.00142813 -0.0765821
v 0.215075 0.00499352 -0.0694744
v 0.258808 0.0242708 -0.0601156
v 0.263532 0.0466281 -0.0585882
v 0.263298 -0.0139003 -0.0801997
v 0.223209 -0.00478688 -0.0813342
v 0.214589 0.0149113 -0.0674735
v 0.216791 0.0639518 -0.0589808
v 0.220689 0.0548064 -0.0555819
v 0.244439 0.0549531 -0.0553287
v 0.265526 0.0617485 -0.0580611
v 0.267214 0.0409471 -0.0667815
v 0.265939 0.0205067 -0.0730293
v 0.264178 0.0131728 -0.0763664
v 0.259617 0.00727303 -0.0796986
v 0.254607 -0.0405822 -0.0870643
v 0.223969 -0.0027293 -0.0811477
v 0.218398 0.018663 -0.075716
v 0.21609 0.0439817 -0.0688732
v 0.216843 0.0556149 -0.0681881
v 0.217562 0.0574122 -0.0689513
v 0.261812 0.0702569 -0.0537784
v 0.267857 0.0545136 -0.0662422
v 0.223827 0.0323604 -0.0759647
v 0.216875 0.0763608 -0.0644292
v 0.217919 0.0936581 -0.0622819
v 0.216767 0.0988604 -0.0557549
v 0.217818 0.125478 -0.0535008
v 0.223297 0.0908622 -0.0498873
v 0.228009 0.091667 -0.0494617
v 0.265791 0.105986 -0.0503178
v 0.268631 0.0909946 -0.0604053
v 0.264821 0.0559506 -0.0708463
v 0.261416 0.0329318 -0.0759276
v 0.253673 0.0259863 -0.077503
v 0.225235 0.0836301 -0.0687255
v 0.219679 0.0769473 -0.0675434
v 0.223015 0.0917984 -0.0670608
v 0.222699 0.102542 -0.0655863
v 0.220311 0.127005 -0.0607044
v 0.221304 0.119451 -0.0474528
v 0.264926 0.0917984 -0.0662079
v 0.26616 0.0770929 -0.0668644
v 0.258347 0.0789122 -0.070417
v 0.222108 0.147909 -0.043928
v 0.228694 0.12912 -0.0441347
v 0.259356 0.102145 -0.0485644
v 0.267964 0.136214 -0.0464017
v 0.267887 0.115758 -0.0603041
v 0.264957 0.100242 -0.0653292
v 0.260211 0.106781 -0.0660904
v 0.222722 0.133265 -0.0612437
v 0.22387 0.140875 -0.0607926
v 0.229209 0.159077 -0.0402654
v 0.259417 0.128345 -0.0447621
v 0.265522 0.106922 -0.0494805
v 0.269576 0.149811 -0.055057
v 0.2702 0.138063 -0.0535959
v 0.269436 0.120955 -0.0571363
v 0.240358 0.16274 -0.0593329
v 0.218656 0.155345 -0.0499274
v 0.221803 0.165778 -0.0425567
v 0.241677 0.164515 -0.0395799
v 0.264593 0.139705 -0.0435329
v 0.270901 0.163287 -0.0499117
v 0.264811 0.140153 -0.0609508
v 0.220741 0.15533 -0.0565623
v 0.228438 0.168475 -0.0392046
v 0.268103 0.150646 -0.0440612
v 0.271548 0.175085 -0.0466584
v 0.269596 0.199891 -0.0510494
v 0.270165 0.180983 -0.0511003
v 0.263159 0.149828 -0.0601229
v 0.228254 0.160027 -0.058776
v 0.221661 0.167194 -0.055484
v 0.223015 0.175744 -0.0551209
v 0.223015 0.175865 -0.0551209
v 0.220334 0.180983 -0.0498819
v 0.220822 0.191274 -0.0426878
v 0.224138 0.180427 -0.0386195
v 0.270542 0.197418 -0.0393144
v 0.272115 0.196699 -0.0446429
v 0.270165 0.20206 -0.0498819
v 0.270165 0.207299 -0.0491509
v 0.271835 0.216752 -0.0460597
v 0.267845 0.173466 -0.0552042
v 0.228254 0.165266 -0.0580449
v 0.222213 0.197521 -0.0507341
v 0.266818 0.181385 -0.0387653
v 0.271273 0.240695 -0.047478
v 0.246944 0.184883 -0.0558402
v 0.228561 0.207802 -0.0522464
v 0.22249 0.202899 -0.0500928
v 0.221975 0.208656 -0.0389512
v 0.273291 0.238531 -0.0372118
v 0.249129 0.236852 -0.0618642
v 0.265164 0.234641 -0.0490301
v 0.229205 0.21906 -0.0506334
v 0.223697 0.213982 -0.0491427
v 0.225419 0.227308 -0.0329503
v 0.23865 0.237706 -0.0308346
v 0.268422 0.216414 -0.0346827
v 0.271762 0.240727 -0.0331724
v 0.303169 0.233862 -0.0614574
v 0.293422 0.23316 -0.0601182
v 0.287257 0.2336 -0.0576323
v 0.267438 0.237067 -0.0523299
v 0.254213 0.238628 -0.0501871
v 0.248011 0.233573 -0.0488601
v 0.264775 0.222251 -0.049902
v 0.243971 0.223869 -0.0498819
v 0.220868 0.238175 -0.0393573
v 0.224133 0.238894 -0.0330169
v 0.283095 0.244853 -0.0444674
v 0.360924 0.245395 -0.0343515
v 0.460675 0.244858 -0.0497918
v 0.436271 0.244968 -0.0452945
v 0.325236 0.244529 -0.0509898
v 0.313676 0.239451 -0.055174
v 0.301899 0.233497 -0.0658303
v 0.280624 0.232764 -0.0660667
v 0.260337 0.23517 -0.0703178
v 0.223719 0.240646 -0.0557079
v 0.235318 0.232876 -0.0488692
v -0.137796 0.266447 -0.00578137
v -0.112712 0.26646 -0.0136046
v -0.0973257 0.265081 -0.0178347
v -0.0917557 0.266862 -0.022577
v -0.0431442 0.265421 -0.0314189
v 0.00667808 0.269398 -0.0470359
v -0.012705 0.269118 -0.04057
v 0.0121041 0.266512 -0.0389667
v 0.0396771 0.267749 -0.0424521
v 0.0890986 0.268521 -0.0499743
v -0.0398461 0.269569 -0.0403909
v -0.044538 0.26773 -0.0340432
v -0.0106611 0.264263 -0.0350901
v 0.0205596 0.266515 -0.0388882
v 0.0340464 0.265293 -0.039404
v 0.0469473 0.264956 -0.0394167
v 0.110671 0.264948 -0.0394142
v 0.136086 0.265654 -0.0390561
v 0.159184 0.265739 -0.0384189
v 0.145094 0.265935 -0.0387948
v 0.139383 0.267197 -0.0460949
v 0.128591 0.267852 -0.0446429
v 0.117329 0.268192 -0.0449145
v 0.00862138 0.267651 -0.0550003
v -0.00926937 0.267552 -0.053275
v -0.0201392 0.268976 -0.0489162
v -0.0525761 0.26708 -0.0450804
v -0.0692164 0.268877 -0.0347208
v -0.0833354 0.265835 -0.0236817
v -0.092273 0.268528 -0.0286702
v -0.108846 0.268615 -0.0265761
v -0.125803 0.267379 -0.0111517
v -0.128118 0.264928 -0.00784832
v -0.128605 0.264928 -0.00772649
v -0.131685 0.265702 -0.00743415
v -0.123244 0.259689 -0.00784832
v -0.118005 0.259689 -0.00955403
v -0.0830617 0.250585 -0.0203925
v -0.0760176 0.259684 -0.0231631
v -0.0647984 0.263832 -0.026837
v -0.0218327 0.264532 -0.0341064
v 0.0586623 0.257343 -0.0375845
v 0.0702781 0.263327 -0.0385088
v 0.16952 0.258751 -0.0353037
v 0.113689 0.266469 -0.053988
v 0.0846519 0.267726 -0.0573239
v -0.0308033 0.264991 -0.0509277
v -0.0849825 0.265462 -0.0394857
v -0.0964898 0.267751 -0.0338049
v -0.124369 0.266311 -0.0289023
v -0.128605 0.25445 -0.00589895
v -0.108006 0.255862 -0.0130156
v -0.107649 0.25445 -0.0130873
v -0.107527 0.25445 -0.0130873
v -0.0988679 0.24927 -0.0150902
v -0.0671317 0.250002 -0.0243217
v -0.0427909 0.248031 -0.0270583
v -0.0398295 0.249168 -0.0288397
v -0.00140278 0.250634 -0.033932
v 0.0109875 0.256876 -0.0360301
v 0.0319609 0.260713 -0.0379296
v 0.053372 0.251735 -0.0369483
v 0.109052 0.250721 -0.0357584
v 0.153895 0.252445 -0.0340769
v 0.161786 0.24921 -0.0330349
v 0.187986 0.251271 -0.0346584
v 0.196123 0.247074 -0.0307855
v 0.202059 0.25445 -0.0386729
v 0.191459 0.259689 -0.039404
v 0.182461 0.263077 -0.0394398
v 0.168515 0.265368 -0.0395515
v 0.134271 0.265035 -0.0501527
v 0.0734026 0.254984 -0.0606369
v 0.048277 0.268181 -0.0590919
v 0.0281169 0.264062 -0.0598282
v -0.00238609 0.248913 -0.059807
v -0.0641556 0.266893 -0.0423086
v -0.135129 0.268736 -0.0212599
v -0.154116 0.265071 0.000929821
v -0.172122 0.2657 0.00887309
v -0.154325 0.25937 0.0034587
v -0.149389 0.250058 0.00267405
v -0.128605 0.249211 -0.00431508
v -0.107527 0.249211 -0.0116253
v -0.102288 0.249211 -0.0135747
v -0.0286464 0.246363 -0.022301
v -0.0179266 0.247202 -0.0287497
v 0.0113344 0.247124 -0.0328199
v 0.0146935 0.248921 -0.0343188
v 0.13383 0.249211 -0.034165
v 0.175314 0.24653 -0.0288084
v 0.197402 0.249789 -0.0210395
v 0.255053 0.240421 -0.0305363
v 0.273174 0.244669 -0.0295295
v 0.345136 0.245752 -0.0287706
v 0.563698 0.244805 -0.0500636
v 0.58141 0.245197 -0.0294759
v 0.831019 0.243331 -0.0551144
v 0.842406 0.236891 -0.0570112
v 0.832953 0.238838 -0.0613486
v 0.66497 0.245186 -0.0293932
v 0.68174 0.245022 -0.0494217
v 0.749342 0.241535 -0.0919879
v 0.742512 0.239112 -0.0891428
v 0.724363 0.24396 -0.0955726
v 0.688355 0.243478 -0.0950605
v 0.686921 0.237198 -0.0644343
v 0.613792 0.236568 -0.0863074
v 0.65492 0.236625 -0.0864829
v 0.772916 0.243304 -0.0560382
v 0.752881 0.244703 -0.0970325
v 0.727913 0.244813 -0.0973388
v 0.713841 0.244076 -0.0961412
v 0.695252 0.244581 -0.0970325
v 0.679414 0.244581 -0.0970325
v 0.674175 0.244581 -0.0970325
v 0.668936 0.244581 -0.0970325
v 0.641952 0.238739 -0.0900777
v 0.565184 0.244309 -0.0553977
v 0.662839 0.244312 -0.0552617
v 0.583757 0.244814 -0.0501055
v 0.638643 0.244921 -0.0348689
v 0.626096 0.253639 -0.023458
v 0.658755 0.254741 -0.0233561
v 0.685394 0.253866 -0.0234669
v 0.668936 0.270167 -0.0233216
v 0.72014 0.2757 -0.023365
v 0.750608 0.254782 -0.0233744
v 0.674175 0.249211 -0.0246618
v 0.746477 0.244944 -0.0342287
v 0.723735 0.244563 -0.0544862
v 0.834229 0.244444 -0.0470938
v 0.861612 0.23723 -0.0529058
v 0.843829 0.236706 -0.0638847
v 0.802964 0.23731 -0.0655799
v 0.737892 0.237194 -0.0863565
v 0.79683 0.23774 -0.0869583
v 0.696502 0.244638 -0.157117
v 0.659306 0.244593 -0.167837
v 0.647681 0.244397 -0.0966698
v 0.632263 0.243972 -0.0961797
v 0.61174 0.240019 -0.091821
v 0.591262 0.244275 -0.0968738
v 0.572337 0.236788 -0.0864192
v 0.465079 0.243618 -0.0550455
v 0.406057 0.244623 -0.0547012
v 0.349148 0.244322 -0.0543091
v 0.333155 0.238246 -0.0603598
v 0.284353 0.233644 -0.0775893
v 0.262697 0.23432 -0.0910773
v 0.254448 0.237149 -0.0760767
v 0.223949 0.237745 -0.0466268
v 0.219583 0.244714 -0.0292336
v 0.217776 0.24519 -0.0340432
v 0.18622 0.259689 -0.040135
v 0.164326 0.262343 -0.0447782
v 0.126744 0.250222 -0.0551806
v 0.103411 0.255981 -0.058057
v 0.0961393 0.250095 -0.0601844
v 0.0865579 0.25445 -0.0598724
v 0.0603631 0.25445 -0.0610908
v 0.034632 0.249076 -0.0627577
v 0.029112 0.247644 -0.064473
v -0.0279583 0.250094 -0.054358
v -0.0286009 0.249706 -0.0540692
v -0.0564391 0.254521 -0.0476404
v -0.100347 0.264256 -0.0363858
v -0.152558 0.268617 -0.00829519
v -0.176179 0.268185 -0.00162376
v -0.162963 0.25445 0.00786853
v -0.160039 0.249211 0.00786853
v -0.1548 0.249211 0.00567549
v -0.137577 0.252099 -0.00206757
v -0.133844 0.249211 -0.00260937
v -0.123812 0.247399 -0.00440887
v -0.108224 0.245968 -0.00696043
v -0.0884874 0.246096 -0.0114817
v -0.0748583 0.248103 -0.0208277
v -0.0649683 0.246442 -0.020684
v -0.0465905 0.246124 -0.0212654
v -0.0129551 0.250259 -0.0184947
v -0.0026263 0.247018 -0.0235652
v 0.0130906 0.247749 -0.0235652
v 0.0275951 0.248738 -0.0348059
v 0.0594862 0.248575 -0.0350365
v 0.101838 0.248366 -0.0344719
v 0.13727 0.246384 -0.0281464
v 0.276094 0.251432 -0.0227693
v 0.395977 0.249316 -0.0244092
v 0.461711 0.249748 -0.0243473
v 0.442868 0.245383 -0.029433
v 0.598425 0.246385 -0.025284
v 0.605543 0.250472 -0.0235881
v 0.616546 0.25445 -0.0233216
v 0.636192 0.280645 -0.0247836
v 0.642741 0.275406 -0.0233216
v 0.708373 0.283464 -0.0269858
v 0.742328 0.280273 -0.0244677
v 0.742403 0.275406 -0.0234434
v 0.760568 0.269867 -0.0228741
v 0.743537 0.250611 -0.0240137
v 0.760341 0.245257 -0.0292669
v 0.75359 0.244861 -0.0493268
v 0.788077 0.244136 -0.0545273
v 0.797832 0.243658 -0.0549361
v 0.841328 0.243478 -0.044757
v 0.852052 0.243626 -0.0444849
v 0.882735 0.23803 -0.054334
v 0.879788 0.237697 -0.0812678
v 0.845459 0.237219 -0.0818501
v 0.781498 0.244617 -0.113796
v 0.731007 0.244608 -0.18575
v 0.715668 0.244685 -0.150892
v 0.696815 0.244606 -0.157267
v 0.630183 0.244552 -0.17257
v 0.637602 0.244575 -0.149692
v 0.605946 0.244337 -0.0970325
v 0.532618 0.239126 -0.0901754
v 0.504994 0.237 -0.0865055
v 0.479856 0.23702 -0.0655556
v 0.522001 0.237027 -0.0655988
v 0.564511 0.238769 -0.0620064
v 0.339985 0.241559 -0.0571785
v 0.311602 0.23541 -0.0742391
v 0.256064 0.236658 -0.087975
v 0.249209 0.238733 -0.0760767
v 0.223933 0.23877 -0.0619662
v 0.224579 0.240749 -0.0498926
v 0.222284 0.238733 -0.0446429
v 0.217746 0.245886 -0.039628
v 0.213524 0.250041 -0.0399318
v 0.0870637 0.245194 -0.0670057
v 0.000742964 0.24583 -0.0650309
v -0.143564 0.247696 -0.0286858
v -0.142812 0.264442 -0.0243897
v -0.170529 0.267523 -0.00935857
v -0.190326 0.267039 0.00143936
v -0.194073 0.264714 0.0209968
v -0.18031 0.263591 0.0145976
v -0.181842 0.249669 0.018357
v -0.180995 0.249211 0.0183465
v -0.175756 0.249211 0.0157879
v -0.170622 0.249097 0.0129739
v -0.156314 0.246466 0.0107462
v -0.139083 0.246896 0.00262958
v -0.132731 0.246223 0.00503173
v -0.0471711 0.250023 -0.0137488
v -0.0193109 0.254463 -0.0166229
v 0.0341445 0.246689 -0.0288553
v 0.11344 0.249138 -0.0234574
v 0.128117 0.252927 -0.0212418
v 0.170503 0.25445 -0.0205193
v 0.232687 0.251903 -0.0209498
v 0.268705 0.251166 -0.0225102
v 0.325288 0.250342 -0.0238149
v 0.360303 0.254368 -0.0232145
v 0.375218 0.266219 -0.0226721
v 0.394629 0.25401 -0.0232967
v 0.4702 0.253749 -0.0235165
v 0.56041 0.275592 -0.023357
v 0.573719 0.254789 -0.0233849
v 0.680227 0.280518 -0.0246626
v 0.718123 0.283641 -0.0270623
v 0.726794 0.284114 -0.0287778
v 0.792326 0.279643 -0.0239083
v 0.857245 0.2794 -0.0238866
v 0.799958 0.27981 -0.0241209
v 0.885135 0.279651 -0.024056
v 0.87886 0.280645 -0.0247836
v 0.826387 0.254317 -0.0234602
v 0.767278 0.253446 -0.0235742
v 0.79251 0.244931 -0.0341525
v 0.852627 0.246182 -0.0323035
v 0.897844 0.241431 -0.049204
v 0.894443 0.239088 -0.0861727
v 0.870467 0.237477 -0.0807633
v 0.828449 0.237831 -0.087006
v 0.817175 0.243491 -0.0940801
v 0.830642 0.244768 -0.0970274
v 0.763347 0.244556 -0.165403
v 0.768374 0.244622 -0.196724
v 0.731921 0.24468 -0.189052
v 0.640121 0.244703 -0.225631
v 0.637502 0.244703 -0.202056
v 0.618502 0.244592 -0.146956
v 0.613907 0.244671 -0.138659
v 0.581021 0.24471 -0.124903
v 0.668916 0.244951 -0.106689
v 0.583597 0.244727 -0.101737
v 0.520776 0.244163 -0.096804
v 0.502083 0.237242 -0.0876248
v 0.479739 0.236944 -0.0795493
v 0.433183 0.237164 -0.0805136
v 0.414301 0.23756 -0.0640575
v 0.356432 0.237562 -0.065041
v 0.327916 0.238733 -0.0917936
v 0.322677 0.238733 -0.0921591
v 0.322677 0.238489 -0.0917936
v 0.312199 0.238002 -0.0917936
v 0.305712 0.236566 -0.0897727
v 0.312843 0.243963 -0.0986864
v 0.279211 0.233765 -0.0909833
v 0.270276 0.234218 -0.0916547
v 0.250782 0.244137 -0.0980731
v 0.243971 0.240073 -0.0760767
v 0.220523 0.243393 -0.0784417
v 0.212829 0.246951 -0.0484114
v 0.210087 0.252136 -0.0392864
v 0.191459 0.249211 -0.0436682
v 0.177257 0.250205 -0.0446292
v 0.157123 0.249024 -0.0489079
v 0.0678056 0.244913 -0.0717167
v 0.0146607 0.244795 -0.0716965
v -0.0191613 0.245271 -0.0627627
v -0.0297879 0.245311 -0.0619032
v -0.0442228 0.246104 -0.0564913
v -0.0516203 0.247862 -0.0514692
v -0.0905881 0.250977 -0.0419617
v -0.103946 0.24793 -0.0405291
v -0.150752 0.266338 -0.0203132
v -0.166879 0.263525 -0.0144329
v -0.180729 0.264501 -0.00655429
v -0.199539 0.268165 0.00955429
v -0.204786 0.268557 0.0238784
v -0.181117 0.249211 0.0183465
v -0.179346 0.246289 0.0243373
v -0.145093 0.248737 0.0148702
v -0.128194 0.248717 0.00847226
v -0.112491 0.247067 0.00132626
v -0.0558638 0.249725 -0.0121279
v -0.046904 0.25574 -0.0121843
v -0.0194483 0.249911 -0.0172582
v 0.00029969 0.254598 -0.0187676
v 0.0229428 0.254704 -0.0206959
v 0.0845717 0.250837 -0.0222392
v 0.144169 0.275062 -0.0209829
v 0.183784 0.275215 -0.0205766
v 0.21618 0.274231 -0.0202904
v 0.232357 0.277741 -0.0212359
v 0.228599 0.274716 -0.0207143
v 0.25441 0.275391 -0.0222049
v 0.287711 0.267606 -0.0223435
v 0.299169 0.278654 -0.0230308
v 0.310372 0.278959 -0.0234542
v 0.348055 0.278315 -0.0234136
v 0.374506 0.277552 -0.0235684
v 0.401383 0.275406 -0.0231997
v 0.402017 0.254764 -0.023268
v 0.490567 0.25445 -0.0234434
v 0.541184 0.254748 -0.0233963
v 0.557459 0.25523 -0.0233938
v 0.586096 0.280641 -0.0247843
v 0.679414 0.284178 -0.0288042
v 0.689892 0.284787 -0.0340432
v 0.708301 0.284796 -0.0341891
v 0.744133 0.284565 -0.029418
v 0.801643 0.284541 -0.0294259
v 0.821851 0.284148 -0.0288149
v 0.902228 0.284441 -0.0293794
v 0.989083 0.284065 -0.0293664
v 0.993735 0.280498 -0.0348164
v 0.993847 0.279411 -0.080982
v 0.993051 0.280627 -0.0916346
v 0.992267 0.281839 -0.121703
v 0.993633 0.279862 -0.131001
v 0.993142 0.280645 -0.149544
v 0.993866 0.279487 -0.154493
v 0.99445 0.255944 -0.193198
v 0.994504 0.267758 -0.162249
v 0.994548 0.27553 -0.143574
v 0.994516 0.275119 -0.137601
v 0.994483 0.275406 -0.11811
v 0.994487 0.275877 -0.107216
v 0.994492 0.27497 -0.081787
v 0.992488 0.282091 -0.0630597
v 0.99449 0.277093 -0.0546572
v 0.982753 0.283916 -0.0287788
v 0.941849 0.284787 -0.0340432
v 0.941849 0.284787 -0.039404
v 0.988134 0.284451 -0.0626981
v 0.989014 0.283929 -0.12762
v 0.991053 0.283571 -0.137939
v 0.992136 0.282433 -0.159512
v 0.993172 0.280489 -0.185778
v 0.99451 0.275474 -0.174093
v 0.994483 0.275406 -0.196695
v 0.994138 0.249316 -0.227392
v 0.994434 0.252706 -0.23408
v 0.994097 0.249566 -0.246156
v 0.993912 0.249248 -0.312145
v 0.994355 0.250029 -0.303403
v 0.993875 0.249212 -0.294868
v 0.994116 0.249532 -0.283582
v 0.99395 0.249495 -0.250994
v 0.993982 0.249258 -0.235437
v 0.993271 0.247513 -0.217766
v 0.994466 0.253388 -0.205803
v 0.994274 0.251949 -0.185472
v 0.994388 0.256026 -0.173617
v 0.99451 0.274498 -0.149723
v 0.994361 0.259689 -0.144305
v 0.994437 0.256788 -0.135086
v 0.994083 0.249637 -0.11322
v 0.994614 0.275433 -0.0656711
v 0.9945 0.275866 -0.0285674
v 0.988751 0.279595 -0.0245013
v 0.934786 0.284413 -0.0293328
v 0.903997 0.275898 -0.023471
v 0.873621 0.270167 -0.0234434
v 0.857979 0.275374 -0.0234401
v 0.836173 0.250346 -0.0240541
v 0.810131 0.253845 -0.0235021
v 0.793414 0.24911 -0.0247188
v 0.841251 0.245568 -0.0291236
v 0.894725 0.238364 -0.0589353
v 0.909044 0.242586 -0.0861025
v 0.852922 0.237587 -0.0863771
v 0.792822 0.244745 -0.19986
v 0.911153 0.244854 -0.223414
v 0.922983 0.244822 -0.216406
v 0.928923 0.244855 -0.233939
v 0.982927 0.245038 -0.218227
v 0.988325 0.245399 -0.242942
v 0.978522 0.245068 -0.286001
v 0.940596 0.244924 -0.289372
v 0.89874 0.244713 -0.353704
v 0.933232 0.244864 -0.363236
v 0.863748 0.244605 -0.431695
v 0.868467 0.244583 -0.443403
v 0.867767 0.24446 -0.489486
v 0.869833 0.241064 -0.500101
v 0.880599 0.239391 -0.495922
v 0.906127 0.229967 -0.535095
v 0.891662 0.234278 -0.564261
v 0.89857 0.23476 -0.567837
v 0.908637 0.208298 -0.568414
v 0.91401 0.191849 -0.567064
v 0.923118 0.160023 -0.566512
v 0.925819 0.100585 -0.566769
v 0.931992 0.0876714 -0.56477
v 0.931328 0.063227 -0.565547
v 0.947126 0.0415524 -0.57097
v 0.947204 0.0227871 -0.568674
v 0.945011 0.0118317 -0.564956
v 0.952451 -0.0065108 -0.569428
v 0.956712 -0.0261961 -0.574966
v 0.946632 -0.0708294 -0.565958
v 0.953252 -0.0561523 -0.565017
v 0.952958 -0.0687662 -0.564537
v 0.952294 -0.108702 -0.564577
v 0.942321 -0.0698575 -0.572584
v 0.940977 -0.0348805 -0.56707
v 0.936488 -0.0288197 -0.576946
v 0.93724 -0.0147318 -0.569762
v 0.932175 -4.22866e-05 -0.579729
v 0.931249 0.00785309 -0.579748
v 0.927798 0.0127489 -0.586494
v 0.90855 0.145487 -0.588749
v 0.90821 0.170884 -0.584988
v 0.58924 0.204816 -0.589232
v 0.558224 0.24091 -0.592893
v 0.5485 0.244332 -0.591037
v 0.571787 0.238231 -0.572709
v 0.639455 0.237479 -0.555537
v 0.736765 0.236154 -0.538222
v 0.782633 0.239069 -0.531895
v 0.721446 0.244012 -0.485237
v 0.732632 0.244443 -0.455731
v 0.748535 0.244561 -0.404591
v 0.715291 0.244437 -0.441419
v 0.710969 0.244459 -0.359346
v 0.661449 0.244455 -0.347364
v 0.700491 0.244581 -0.317435
v 0.693227 0.244581 -0.270847
v 0.676139 0.244581 -0.274792
v 0.707334 0.244607 -0.236355
v 0.655573 0.244626 -0.246491
v 0.580027 0.244623 -0.252459
v 0.608658 0.244703 -0.198733
v 0.608246 0.244595 -0.180775
v 0.577952 0.244801 -0.102581
v 0.352074 0.237466 -0.065739
v 0.34027 0.238698 -0.0882604
v 0.317438 0.242875 -0.0970325
v 0.296482 0.241048 -0.0970325
v 0.254448 0.244337 -0.102272
v 0.24661 0.244864 -0.104507
v 0.244486 0.241962 -0.0819975
v 0.152244 0.245597 -0.0571868
v 0.136407 0.248155 -0.0543575
v 0.129993 0.245488 -0.0610431
v 0.116056 0.245163 -0.0652083
v 0.0547784 0.244764 -0.0955909
v 0.0478188 0.244691 -0.103986
v -0.0217996 0.244704 -0.125542
v -0.0196559 0.244851 -0.11745
v -0.0340601 0.244825 -0.11811
v -0.0253036 0.244855 -0.079533
v -0.0694674 0.245411 -0.0556507
v -0.0810257 0.24714 -0.0468947
v -0.0970495 0.246652 -0.0446429
v -0.112766 0.247383 -0.039404
v -0.123402 0.248639 -0.0345346
v -0.161596 0.246896 -0.0215827
v -0.158646 0.26338 -0.0185987
v -0.201154 0.2647 0.00525882
v -0.21255 0.26907 0.0183465
v -0.220123 0.266626 0.0363748
v -0.20411 0.257095 0.0293309
v -0.198806 0.248914 0.0280117
v -0.186234 0.247383 0.0235854
v -0.100963 0.249962 0.000638653
v -0.0844791 0.248549 -0.00567499
v -0.0688011 0.248304 -0.0101529
v -0.0695054 0.254433 -0.00771271
v -0.00657163 0.275379 -0.0180721
v -0.0104302 0.279159 -0.0181245
v 0.0361537 0.249611 -0.0225069
v 0.0456507 0.275346 -0.0218053
v 0.114354 0.275119 -0.0213083
v 0.130369 0.285116 -0.0292225
v 0.137026 0.28181 -0.0230066
v 0.205576 0.281804 -0.0227407
v 0.27557 0.27988 -0.0236353
v 0.300579 0.283876 -0.0265659
v 0.410866 0.28046 -0.0243888
v 0.414843 0.274953 -0.0231518
v 0.448999 0.277922 -0.023436
v 0.512816 0.275942 -0.0234101
v 0.52724 0.275406 -0.0233216
v 0.558188 0.279858 -0.024176
v 0.559557 0.284158 -0.0288253
v 0.601819 0.284132 -0.0288081
v 0.654529 0.284787 -0.0340432
v 0.674344 0.28481 -0.0936416
v 0.678637 0.28482 -0.0734003
v 0.702204 0.284866 -0.0585903
v 0.729103 0.284833 -0.0343057
v 0.78574 0.28478 -0.0339858
v 0.816618 0.284893 -0.038093
v 0.847981 0.284856 -0.034032
v 0.865462 0.284882 -0.0610545
v 0.9182 0.284846 -0.0817912
v 0.9665 0.284697 -0.087383
v 0.988273 0.28439 -0.0824063
v 0.989 0.283934 -0.104891
v 0.983888 0.284639 -0.133006
v 0.989 0.283934 -0.182288
v 0.994396 0.275972 -0.187195
v 0.99448 0.275363 -0.210529
v 0.994462 0.253543 -0.21995
v 0.994521 0.258347 -0.254879
v 0.99441 0.25241 -0.288921
v 0.988969 0.245678 -0.252397
v 0.993928 0.24926 -0.19757
v 0.993203 0.247687 -0.172709
v 0.994142 0.249538 -0.167463
v 0.994093 0.249554 -0.147225
v 0.994483 0.259689 -0.139066
v 0.994419 0.261491 -0.10828
v 0.99452 0.253665 -0.0584325
v 0.994508 0.252127 -0.0280608
v 0.959781 0.279635 -0.0240089
v 0.855322 0.246091 -0.0292699
v 0.905659 0.244672 -0.0449059
v 0.905196 0.240526 -0.066505
v 0.889186 0.243107 -0.0921824
v 0.826224 0.244637 -0.166163
v 0.863651 0.244725 -0.180756
v 0.929699 0.244913 -0.159949
v 0.99155 0.246649 -0.160747
v 0.993871 0.24921 -0.123376
v 0.994448 0.253094 -0.132137
v 0.994462 0.253392 -0.087737
v 0.994601 0.260587 -0.0600836
v 0.994792 0.276767 -0.0392508
v 0.994807 0.263023 -0.0470242
v 0.994901 0.259755 -0.0342386
v 0.988999 0.270486 -0.0233323
v 0.962805 0.275406 -0.0234434
v 0.950406 0.266389 -0.0234359
v 0.890099 0.251061 -0.0238918
v 0.910259 0.244401 -0.0523053
v 0.915958 0.244836 -0.0637094
v 0.903695 0.243886 -0.0921561
v 0.884105 0.24494 -0.0973266
v 0.896983 0.244923 -0.116532
v 0.952327 0.245068 -0.133827
v 0.940985 0.245026 -0.127972
v 0.957398 0.244974 -0.190595
v 0.983688 0.245192 -0.16721
v 0.988786 0.245552 -0.126481
v 0.993807 0.249264 -0.094022
v 0.994345 0.252987 -0.100911
v 0.9949 0.24764 -0.0308874
v 0.950061 0.250248 -0.0242109
v 0.947837 0.244443 -0.032184
v 0.93464 0.245085 -0.0340244
v 0.919445 0.244943 -0.102166
v 0.993951 0.249325 -0.0806882
v 0.99386 0.249358 -0.0753827
v 0.993964 0.249452 -0.0553794
v 0.989073 0.250225 -0.0247525
v 0.96964 0.247333 -0.0258895
v 0.919253 0.244551 -0.0864234
v 0.960139 0.245233 -0.104985
v 0.988951 0.245685 -0.0913304
v 0.994348 0.243548 -0.036882
v 0.961155 0.239159 -0.030302
v 0.955391 0.245288 -0.0547857
v 0.992583 0.24697 -0.0513897
v 0.994037 0.24062 -0.0364894
v 0.994126 0.232047 -0.0393539
v 0.990303 0.236729 -0.0322395
v 0.989457 0.212519 -0.0340406
v 0.988162 0.174807 -0.0363706
v 0.983917 0.150918 -0.0377998
v 0.983748 0.212517 -0.0331053
v 0.958109 0.241745 -0.0308544
v 0.947717 0.244899 -0.0437732
v 0.954394 0.243747 -0.0495775
v 0.987032 0.24408 -0.0503077
v 0.992287 0.240674 -0.0446581
v 0.993707 0.19806 -0.0397275
v 0.989 0.165266 -0.0374546
v 0.991672 0.160124 -0.0393689
v 0.988966 0.135211 -0.0395207
v 0.96862 0.123645 -0.0392878
v 0.958186 0.18133 -0.0358559
v 0.962483 0.209047 -0.0330408
v 0.95586 0.223016 -0.0340432
v 0.952167 0.223166 -0.0400845
v 0.952108 0.237819 -0.0397724
v 0.994608 0.212879 -0.0411956
v 0.994228 0.209215 -0.0446974
v 0.994239 0.204375 -0.0446429
v 0.994239 0.20206 -0.0446429
v 0.994361 0.196699 -0.0446429
v 0.993505 0.186439 -0.0482292
v 0.994387 0.181918 -0.0415365
v 0.994396 0.179091 -0.0443097
v 0.994716 0.143927 -0.0460752
v 0.994208 0.12843 -0.0455757
v 0.991667 0.100131 -0.043413
v 0.96304 0.100745 -0.0412907
v 0.957789 0.137957 -0.0391084
v 0.956048 0.152396 -0.0394419
v 0.954619 0.174506 -0.0395139
v 0.957566 0.205715 -0.0340432
v 0.956835 0.212538 -0.0340432
v 0.956348 0.217777 -0.0340432
v 0.987211 0.238031 -0.047336
v 0.988503 0.209187 -0.0502678
v 0.991611 0.196595 -0.0495546
v 0.994336 0.163285 -0.0443168
v 0.994239 0.14431 -0.0469579
v 0.994327 0.144126 -0.0498717
v 0.96536 0.0765316 -0.0430857
v 0.957181 0.089812 -0.0430528
v 0.957841 0.131231 -0.0395344
v 0.953321 0.207928 -0.0393725
v 0.95318 0.217777 -0.0446429
v 0.95536 0.239628 -0.0457033
v 0.963481 0.216902 -0.0498633
v 0.983761 0.214975 -0.0498819
v 0.993462 0.174243 -0.0498759
v 0.9941 0.161377 -0.0498475
v 0.994309 0.151505 -0.0445088
v 0.994239 0.149549 -0.0498819
v 0.994361 0.14431 -0.0498819
v 0.99444 0.124823 -0.0498611
v 0.994232 0.108971 -0.0466475
v 0.993111 0.0992336 -0.0458023
v 0.989325 0.077091 -0.0440282
v 0.988973 0.0669089 -0.0447453
v 0.994126 0.0642104 -0.0499047
v 0.983697 0.0802913 -0.0430121
v 0.970706 0.0599244 -0.0441278
v 0.9523 0.122196 -0.047155
v 0.951944 0.139857 -0.0479168
v 0.952141 0.151365 -0.0467806
v 0.952454 0.161114 -0.048124
v 0.952814 0.20206 -0.0446429
v 0.988626 0.158161 -0.0547774
v 0.988818 0.154552 -0.0550333
v 0.994239 0.153326 -0.0498819
v 0.994277 0.11462 -0.0510608
v 0.99433 0.0788121 -0.0497252
v 0.993872 0.0564233 -0.0499058
v 0.989014 0.0408567 -0.0468491
v 0.957605 0.0656229 -0.0446625
v 0.95369 0.0887484 -0.0467753
v 0.953243 0.113376 -0.054729
v 0.957464 0.141975 -0.0553724
v 0.953485 0.184846 -0.0489067
v 0.956191 0.193593 -0.0505687
v 0.957593 0.202546 -0.0503727
v 0.990498 0.143011 -0.055277
v 0.994292 0.102832 -0.0546038
v 0.994502 0.0934706 -0.0497163
v 0.994239 0.0917984 -0.0551209
v 0.994361 0.0865594 -0.0551209
v 0.994287 0.0737008 -0.0496598
v 0.988084 0.0263777 -0.0474748
v 0.957409 0.0117603 -0.0488662
v 0.952418 0.0435745 -0.0521753
v 0.956046 0.0316534 -0.0482224
v 0.952814 0.0813204 -0.0551209
v 0.952286 0.0905549 -0.0529866
v 0.953422 0.100551 -0.0550939
v 0.958248 0.141567 -0.0557945
v 0.962318 0.154788 -0.0551209
v 0.974112 0.11779 -0.058559
v 0.988776 0.118656 -0.0580954
v 0.994239 0.0935041 -0.0551209
v 0.989947 0.090066 -0.0600847
v 0.994513 0.0777381 -0.0553318
v 0.994774 0.0420886 -0.055769
v 0.994195 0.0376722 -0.0519802
v 0.988336 0.00880138 -0.0488842
v 0.989047 -0.0101337 -0.0506464
v 0.970576 -0.00225838 -0.0487549
v 0.952693 0.0132805 -0.0551116
v 0.952498 0.0611361 -0.0513901
v 0.95385 0.0635445 -0.0592067
v 0.957565 0.0920523 -0.0594447
v 0.992775 0.0642513 -0.0602996
v 0.99377 0.045352 -0.0602905
v 0.993932 0.0378789 -0.0603201
v 0.994397 0.0336033 -0.0524248
v 0.994297 0.014106 -0.0541501
v 0.994274 0.00570791 -0.0550481
v 0.988475 -0.0338407 -0.0518826
v 0.952982 0.00861069 -0.0603804
v 0.952577 0.0199763 -0.0594392
v 0.954398 0.0446477 -0.0603598
v 0.957455 0.0805035 -0.060363
v 0.958537 0.0914261 -0.059935
v 0.962842 0.044298 -0.0637951
v 0.989071 0.0537155 -0.0631548
v 0.994117 0.028809 -0.0603598
v 0.994239 0.0253975 -0.0603598
v 0.994239 0.02357 -0.0603598
v 0.994361 0.018331 -0.0603598
v 0.993893 -0.0121368 -0.0551229
v 0.993834 -0.0164668 -0.0551261
v 0.990313 -0.0678547 -0.0544879
v 0.989167 -0.0815603 -0.0548446
v 0.957703 -0.0039706 -0.0501207
v 0.957543 -0.0320815 -0.0522221
v 0.952743 -0.0192481 -0.0565301
v 0.952562 -0.0219723 -0.0615035
v 0.955686 -0.0182128 -0.0660681
v 0.952138 0.00258626 -0.0570841
v 0.957463 0.0419668 -0.0630312
v 0.98895 0.0240433 -0.0650279
v 0.994361 0.0130921 -0.0603598
v 0.993927 -0.00079852 -0.0627011
v 0.994445 -0.00247728 -0.0607932
v 0.982178 -0.0782398 -0.0539752
v 0.981442 -0.0662805 -0.0532893
v 0.962987 -0.0332741 -0.0515152
v 0.962805 0.028809 -0.0648678
v 0.978953 0.0167016 -0.0660544
v 0.991437 -0.00786379 -0.0655988
v 0.991802 -0.0131027 -0.0655988
v 0.994248 -0.016051 -0.0619103
v 0.9947 -0.0271883 -0.0580061
v 0.993899 -0.0446176 -0.0567715
v 0.994582 -0.0500792 -0.0592887
v 0.994441 -0.061229 -0.0594365
v 0.994785 -0.0806621 -0.06098
v 0.981844 -0.0999958 -0.0552145
v 0.962651 -0.0843828 -0.054407
v 0.954617 -0.0437337 -0.055123
v 0.956963 -0.0126722 -0.0665962
v 0.964442 -0.0196707 -0.0680025
v 0.989 0.00785309 -0.0659643
v 0.990516 -0.041671 -0.0687776
v 0.994229 -0.0439825 -0.0652391
v 0.994272 -0.0533471 -0.0659469
v 0.994411 -0.0695622 -0.0658101
v 0.994039 -0.106675 -0.0604543
v 0.988475 -0.114672 -0.0565293
v 0.988063 -0.126184 -0.0572479
v 0.958558 -0.0945066 -0.0551022
v 0.957599 -0.0822184 -0.0549226
v 0.955725 -0.0632958 -0.0551952
v 0.952047 -0.0525291 -0.063257
v 0.952844 -0.0686521 -0.0657009
v 0.957723 -0.0690812 -0.0707827
v 0.958219 -0.0581763 -0.0700886
v 0.973283 -0.0498973 -0.0701067
v 0.994731 -0.0918772 -0.0609008
v 0.994729 -0.113349 -0.0648847
v 0.962916 -0.123444 -0.0569621
v 0.952151 -0.11412 -0.0676252
v 0.9529 -0.0888566 -0.0603584
v 0.967727 -0.06206 -0.0710331
v 0.994361 -0.118004 -0.0708377
v 0.99501 -0.128483 -0.0664607
v 0.992777 -0.133843 -0.0603598
v 0.991206 -0.140704 -0.058942
v 0.99128 -0.149793 -0.0603811
v 0.957886 -0.127458 -0.057891
v 0.952204 -0.118084 -0.0655922
v 0.952338 -0.124887 -0.0659842
v 0.954841 -0.0864517 -0.0704298
v 0.952238 -0.101541 -0.0655655
v 0.951987 -0.0726383 -0.0622396
v 0.957052 -0.0741116 -0.0709076
v 0.994057 -0.109059 -0.070866
v 0.994239 -0.112765 -0.0708377
v 0.994483 -0.123243 -0.0708377
v 0.994179 -0.128494 -0.0616723
v 0.988739 -0.152952 -0.0590792
v 0.969481 -0.14673 -0.0583364
v 0.951902 -0.162968 -0.0674399
v 0.957268 -0.158367 -0.0601099
v 0.952205 -0.123243 -0.0655988
v 0.952205 -0.128604 -0.0655988
v 0.952327 -0.132502 -0.0655988
v 0.953208 -0.126948 -0.0708184
v 0.955617 -0.0865701 -0.0708377
v 0.958863 -0.090661 -0.0727412
v 0.989895 -0.0742409 -0.0713835
v 0.988579 -0.122366 -0.0749704
v 0.992278 -0.143748 -0.0749632
v 0.995454 -0.14138 -0.0700585
v 0.994473 -0.159385 -0.0650813
v 0.989 -0.180993 -0.0613345
v 0.988606 -0.166532 -0.0600685
v 0.951923 -0.149145 -0.0692969
v 0.952742 -0.131844 -0.0629504
v 0.952327 -0.133843 -0.0655988
v 0.95758 -0.130354 -0.074825
v 0.974681 -0.123746 -0.0753643
v 0.995079 -0.172835 -0.0675972
v 0.994289 -0.17511 -0.0655086
v 0.994239 -0.18075 -0.0655988
v 0.994239 -0.180993 -0.0655988
v 0.993995 -0.186232 -0.0655988
v 0.993204 -0.213404 -0.0660372
v 0.967755 -0.193511 -0.0611535
v 0.953638 -0.188272 -0.0656067
v 0.951954 -0.158569 -0.067695
v 0.952845 -0.143288 -0.0708679
v 0.969315 -0.138795 -0.0760779
v 0.988233 -0.144359 -0.076368
v 0.994361 -0.175754 -0.0655988
v 0.994239 -0.186232 -0.0665735
v 0.989552 -0.229398 -0.0640553
v 0.983761 -0.2597 -0.0652333
v 0.989 -0.259578 -0.0655988
v 0.989 -0.2597 -0.0655988
v 0.980322 -0.268124 -0.0652079
v 0.968703 -0.222592 -0.0633117
v 0.9583 -0.18575 -0.0615099
v 0.952713 -0.192713 -0.0729048
v 0.957217 -0.168693 -0.0771333
v 0.957258 -0.156687 -0.0761089
v 0.96296 -0.138857 -0.0759756
v 0.992962 -0.157246 -0.0752198
v 0.992868 -0.186141 -0.0760067
v 0.994582 -0.179949 -0.07266
v 0.994791 -0.204715 -0.0712467
v 0.994733 -0.226608 -0.0703487
v 0.994352 -0.227136 -0.0760469
v 0.989264 -0.248159 -0.0651973
v 0.989365 -0.254461 -0.0655988
v 0.989 -0.264939 -0.0655988
v 0.992016 -0.274801 -0.0675226
v 0.987471 -0.279423 -0.0681114
v 0.960956 -0.240909 -0.0645738
v 0.956543 -0.23039 -0.0651586
v 0.96461 -0.23867 -0.0641799
v 0.953068 -0.217624 -0.0683788
v 0.952497 -0.227122 -0.0739427
v 0.954182 -0.207235 -0.0760807
v 0.954642 -0.19671 -0.0760767
v 0.986278 -0.147684 -0.0772143
v 0.993646 -0.201779 -0.0756985
v 0.993873 -0.217788 -0.0760767
v 0.994239 -0.228266 -0.0761985
v 0.989928 -0.222844 -0.0792161
v 0.994361 -0.233505 -0.0760767
v 0.992936 -0.220279 -0.0659866
v 0.993558 -0.240719 -0.0675643
v 0.994483 -0.275416 -0.0708377
v 0.994239 -0.280655 -0.0760767
v 0.990218 -0.280655 -0.0708377
v 0.958247 -0.273066 -0.0661873
v 0.957811 -0.199664 -0.0785513
v 0.994361 -0.238744 -0.0760767
v 0.994438 -0.263985 -0.0700952
v 0.994875 -0.273491 -0.0715103
v 0.994239 -0.281021 -0.0813157
v 0.958055 -0.282066 -0.0714249
v 0.954438 -0.269301 -0.0680703
v 0.95783 -0.242442 -0.0806048
v 0.962819 -0.217692 -0.0798517
v 0.994321 -0.250407 -0.0764347
v 0.994726 -0.2597 -0.0760767
v 0.994566 -0.264934 -0.0807374
v 0.990545 -0.28472 -0.0804833
v 0.95327 -0.254144 -0.0762488
v 0.958143 -0.254377 -0.0812994
v 0.988946 -0.259111 -0.0812938
v 0.976764 -0.246718 -0.0808205
v 0.994239 -0.2597 -0.0775387
v 0.994552 -0.270331 -0.107504
v 0.993953 -0.280634 -0.132176
v 0.994614 -0.276909 -0.146159
v 0.994239 -0.270177 -0.139066
v 0.994239 -0.270177 -0.144305
v 0.994239 -0.270177 -0.149544
v 0.994284 -0.279604 -0.183722
v 0.99538 -0.277087 -0.11377
v 0.994117 -0.280655 -0.107511
v 0.994493 -0.280428 -0.0907332
v 0.952535 -0.27834 -0.0854347
v 0.952202 -0.275363 -0.138705
v 0.952212 -0.27535 -0.169545
v 0.952243 -0.275509 -0.154174
v 0.952891 -0.270229 -0.148784
v 0.953253 -0.270184 -0.0923536
v 0.952597 -0.266112 -0.0734034
v 0.956751 -0.262381 -0.082987
v 0.994438 -0.269211 -0.0866053
v 0.994794 -0.27105 -0.101076
v 0.994508 -0.270323 -0.123209
v 0.994356 -0.27016 -0.13371
v 0.994239 -0.270056 -0.133827
v 0.994239 -0.270177 -0.154783
v 0.994604 -0.275416 -0.165261
v 0.994239 -0.270177 -0.165261
v 0.994239 -0.270177 -0.1705
v 0.994239 -0.270177 -0.175739
v 0.994239 -0.27895 -0.191456
v 0.994885 -0.27172 -0.205705
v 0.994601 -0.276938 -0.192662
v 0.994239 -0.270177 -0.186217
v 0.994239 -0.270177 -0.191456
v 0.994239 -0.270177 -0.196695
v 0.993821 -0.280537 -0.195787
v 0.994631 -0.274243 -0.245513
v 0.994625 -0.274621 -0.280806
v 0.994238 -0.278206 -0.277114
v 0.993818 -0.280406 -0.260572
v 0.994239 -0.278462 -0.243967
v 0.994595 -0.276448 -0.224702
v 0.993622 -0.280668 -0.222852
v 0.993782 -0.280649 -0.169045
v 0.99396 -0.280538 -0.146778
v 0.989016 -0.284802 -0.135207
v 0.986163 -0.285673 -0.0776427
v 0.959467 -0.285489 -0.0845777
v 0.956376 -0.283422 -0.0729055
v 0.957564 -0.284765 -0.124627
v 0.953424 -0.280655 -0.139066
v 0.953508 -0.280665 -0.162811
v 0.952194 -0.275392 -0.194196
v 0.952327 -0.27566 -0.212533
v 0.952327 -0.275538 -0.217772
v 0.952327 -0.275538 -0.223011
v 0.952327 -0.275538 -0.22825
v 0.952228 -0.275431 -0.236673
v 0.95233 -0.274892 -0.246327
v 0.952205 -0.275416 -0.243967
v 0.952205 -0.275416 -0.249206
v 0.953206 -0.270632 -0.274023
v 0.952228 -0.27542 -0.259413
v 0.952232 -0.275423 -0.255689
v 0.95293 -0.270183 -0.24289
v 0.952044 -0.272383 -0.197128
v 0.952811 -0.27018 -0.191969
v 0.952123 -0.273072 -0.182762
v 0.953061 -0.270186 -0.174997
v 0.953126 -0.270134 -0.124734
v 0.953256 -0.270224 -0.102686
v 0.957595 -0.266398 -0.0921907
v 0.957748 -0.264914 -0.0860188
v 0.988793 -0.265967 -0.0872687
v 0.989 -0.266279 -0.118049
v 0.989 -0.266279 -0.133827
v 0.989 -0.266279 -0.139066
v 0.994239 -0.270177 -0.160022
v 0.994239 -0.270177 -0.180978
v 0.994239 -0.270177 -0.197182
v 0.994155 -0.270217 -0.210448
v 0.994133 -0.270192 -0.221193
v 0.994127 -0.270197 -0.228511
v 0.993997 -0.27018 -0.244896
v 0.994779 -0.272403 -0.252216
v 0.993933 -0.270187 -0.27584
v 0.994464 -0.275374 -0.30783
v 0.994384 -0.275236 -0.314677
v 0.994255 -0.274296 -0.340686
v 0.994374 -0.274996 -0.379188
v 0.994172 -0.278997 -0.387673
v 0.994413 -0.275587 -0.370657
v 0.994366 -0.275635 -0.346509
v 0.993638 -0.280102 -0.313706
v 0.994592 -0.275382 -0.294028
v 0.993612 -0.28067 -0.28028
v 0.99363 -0.280655 -0.249206
v 0.989051 -0.284518 -0.185454
v 0.972757 -0.287028 -0.105899
v 0.962074 -0.285894 -0.0970325
v 0.957563 -0.284628 -0.162038
v 0.953691 -0.280589 -0.180091
v 0.954944 -0.282866 -0.205107
v 0.952327 -0.27566 -0.233489
v 0.952327 -0.27566 -0.238728
v 0.952327 -0.27566 -0.243967
v 0.952327 -0.275782 -0.249206
v 0.952318 -0.275543 -0.259083
v 0.952205 -0.275416 -0.270162
v 0.952205 -0.275417 -0.293731
v 0.952228 -0.275436 -0.282753
v 0.953671 -0.280728 -0.274984
v 0.952173 -0.275517 -0.318049
v 0.952074 -0.275482 -0.33708
v 0.95342 -0.280615 -0.331451
v 0.952125 -0.275591 -0.340189
v 0.952118 -0.275435 -0.365235
v 0.952133 -0.275441 -0.404546
v 0.952231 -0.275236 -0.409006
v 0.952765 -0.270178 -0.431368
v 0.95269 -0.270185 -0.403701
v 0.952086 -0.275438 -0.385902
v 0.952609 -0.270273 -0.385275
v 0.953107 -0.269194 -0.361032
v 0.95269 -0.270179 -0.340724
v 0.952695 -0.270176 -0.317388
v 0.952595 -0.270599 -0.311305
v 0.952816 -0.270176 -0.289484
v 0.952814 -0.270177 -0.280762
v 0.952936 -0.270177 -0.275401
v 0.952936 -0.270177 -0.259684
v 0.957566 -0.266157 -0.223011
v 0.957537 -0.266118 -0.204314
v 0.957564 -0.266171 -0.13336
v 0.966512 -0.265364 -0.0903435
v 0.989 -0.266279 -0.160022
v 0.989 -0.266279 -0.202056
v 0.989018 -0.26628 -0.212502
v 0.993873 -0.270177 -0.29124
v 0.993868 -0.270292 -0.295287
v 0.993639 -0.27017 -0.315977
v 0.993661 -0.270349 -0.35069
v 0.994275 -0.275126 -0.400063
v 0.994091 -0.27874 -0.41656
v 0.993351 -0.28043 -0.395616
v 0.993565 -0.280495 -0.377368
v 0.993518 -0.280437 -0.363965
v 0.99326 -0.280659 -0.348042
v 0.993264 -0.280655 -0.327912
v 0.993652 -0.280028 -0.304726
v 0.993335 -0.280679 -0.302121
v 0.993762 -0.280397 -0.283096
v 0.989 -0.284432 -0.286001
v 0.98906 -0.284317 -0.239931
v 0.954329 -0.282074 -0.242116
v 0.957565 -0.284457 -0.271219
v 0.953547 -0.280657 -0.258963
v 0.953412 -0.280584 -0.295993
v 0.953424 -0.280655 -0.314896
v 0.952139 -0.275521 -0.374121
v 0.952327 -0.276391 -0.396141
v 0.952788 -0.279363 -0.428684
v 0.952816 -0.27015 -0.455396
v 0.952241 -0.27502 -0.436366
v 0.952699 -0.270145 -0.497927
v 0.9522 -0.271451 -0.48362
v 0.95195 -0.272754 -0.470257
v 0.952874 -0.270195 -0.525771
v 0.95757 -0.266166 -0.483392
v 0.957601 -0.266155 -0.422202
v 0.957566 -0.266157 -0.369946
v 0.957566 -0.266157 -0.356727
v 0.957566 -0.266157 -0.317435
v 0.957566 -0.266157 -0.309576
v 0.957566 -0.266157 -0.280762
v 0.957566 -0.266157 -0.259684
v 0.962805 -0.26567 -0.1705
v 0.98454 -0.265975 -0.227462
v 0.989082 -0.266444 -0.29524
v 0.988986 -0.26646 -0.330631
v 0.992656 -0.268597 -0.370275
v 0.989035 -0.266526 -0.385233
v 0.993509 -0.270179 -0.388353
v 0.993377 -0.270168 -0.40372
v 0.994193 -0.271738 -0.420183
v 0.994068 -0.271671 -0.430808
v 0.99401 -0.271657 -0.440406
v 0.993264 -0.270177 -0.453891
v 0.994239 -0.275416 -0.480086
v 0.994021 -0.278963 -0.500395
v 0.993142 -0.280655 -0.45913
v 0.99302 -0.280655 -0.453891
v 0.99302 -0.280655 -0.443291
v 0.99302 -0.280655 -0.432814
v 0.989002 -0.284163 -0.396889
v 0.988995 -0.284307 -0.373917
v 0.988969 -0.28445 -0.311875
v 0.981836 -0.285644 -0.248828
v 0.962805 -0.285651 -0.202056
v 0.957566 -0.284554 -0.29124
v 0.955495 -0.282605 -0.317435
v 0.95432 -0.282375 -0.340865
v 0.954837 -0.282889 -0.374144
v 0.953413 -0.280645 -0.376644
v 0.953424 -0.280655 -0.388282
v 0.952813 -0.279688 -0.397222
v 0.953368 -0.280597 -0.418689
v 0.95297 -0.280015 -0.43043
v 0.952265 -0.278698 -0.441701
v 0.952153 -0.275684 -0.501732
v 0.952188 -0.275189 -0.509571
v 0.952351 -0.272018 -0.555436
v 0.957587 -0.266095 -0.532277
v 0.962805 -0.265791 -0.45913
v 0.962805 -0.265791 -0.354107
v 0.983761 -0.266035 -0.364707
v 0.988991 -0.266521 -0.43547
v 0.991132 -0.26835 -0.485325
v 0.993264 -0.270177 -0.501042
v 0.994117 -0.275416 -0.521998
v 0.9938 -0.270955 -0.526679
v 0.99414 -0.279038 -0.547754
v 0.992048 -0.282455 -0.482913
v 0.988996 -0.284373 -0.461817
v 0.989028 -0.284173 -0.41917
v 0.983761 -0.285407 -0.343629
v 0.963305 -0.285745 -0.416889
v 0.962805 -0.285651 -0.296479
v 0.957566 -0.284554 -0.385663
v 0.957587 -0.284625 -0.421111
v 0.954244 -0.282527 -0.454184
v 0.952671 -0.279336 -0.48909
v 0.952135 -0.275639 -0.516191
v 0.952226 -0.275542 -0.550829
v 0.959405 -0.265811 -0.564231
v 0.959037 -0.266018 -0.556594
v 0.983761 -0.266035 -0.438053
v 0.988903 -0.266453 -0.520451
v 0.994239 -0.275416 -0.553553
v 0.993867 -0.280543 -0.574412
v 0.994239 -0.275416 -0.558792
v 0.994239 -0.275416 -0.558183
v 0.994239 -0.276026 -0.564031
v 0.988299 -0.285731 -0.573869
v 0.992245 -0.282177 -0.52246
v 0.98897 -0.284535 -0.517359
v 0.974264 -0.287246 -0.522123
v 0.957578 -0.284669 -0.456426
v 0.953953 -0.281863 -0.49882
v 0.952607 -0.279161 -0.529245
v 0.954809 -0.282717 -0.549478
v 0.973081 -0.253004 -0.569856
v 0.969163 -0.259129 -0.568206
v 0.994361 -0.275416 -0.564031
v 0.957543 -0.284739 -0.526176
v 0.954931 -0.281935 -0.572858
v 0.953229 -0.270453 -0.56521
v 0.973739 -0.242198 -0.568889
v 0.975513 -0.265267 -0.565585
v 0.993138 -0.270227 -0.561258
v 0.959515 -0.285647 -0.575928
v 0.953514 -0.267291 -0.573507
v 0.953201 -0.26163 -0.578961
v 0.97349 -0.225196 -0.569063
v 0.988692 -0.26617 -0.571432
v 0.994282 -0.274774 -0.564813
v 0.994483 -0.275416 -0.579748
v 0.991406 -0.282005 -0.583362
v 0.974299 -0.285337 -0.585869
v 0.952382 -0.275347 -0.579065
v 0.952327 -0.274685 -0.579748
v 0.952213 -0.254599 -0.579752
v 0.954549 -0.242256 -0.579352
v 0.96722 -0.24884 -0.567221
v 0.966352 -0.2357 -0.565592
v 0.955601 -0.185401 -0.5692
v 0.957677 -0.180725 -0.565718
v 0.962807 -0.182258 -0.56382
v 0.970164 -0.206231 -0.56596
v 0.973274 -0.214664 -0.574612
v 0.973718 -0.220623 -0.574486
v 0.976166 -0.259005 -0.575459
v 0.988946 -0.263931 -0.576253
v 0.994 -0.269443 -0.576329
v 0.994239 -0.275416 -0.584987
v 0.989 -0.280655 -0.587546
v 0.962969 -0.285092 -0.583301
v 0.952327 -0.275416 -0.584987
v 0.949827 -0.260449 -0.587888
v 0.959152 -0.232732 -0.574606
v 0.957581 -0.204259 -0.570145
v 0.951717 -0.138249 -0.566734
v 0.947054 -0.10472 -0.569093
v 0.946008 -0.0922407 -0.569383
v 0.944521 -0.048348 -0.564798
v 0.941575 -0.0458987 -0.569084
v 0.932206 -0.021427 -0.58449
v 0.929422 0.00261414 -0.584987
v 0.920802 0.0212113 -0.585971
v 0.894145 0.0473434 -0.588606
v 0.901612 0.177275 -0.585754
v 0.570456 0.206863 -0.584313
v 0.569094 0.216017 -0.585586
v 0.569085 0.222493 -0.58879
v 0.534106 0.242318 -0.591028
v 0.53784 0.244337 -0.590226
v 0.532157 0.237538 -0.573603
v 0.60785 0.237975 -0.57357
v 0.635029 0.236934 -0.537826
v 0.685779 0.237023 -0.556463
v 0.690287 0.242407 -0.525612
v 0.675037 0.243456 -0.503485
v 0.69528 0.244033 -0.477743
v 0.655898 0.244529 -0.375831
v 0.627651 0.244475 -0.335186
v 0.621493 0.244657 -0.247532
v 0.537178 0.244584 -0.256226
v 0.482824 0.244636 -0.124961
v 0.482034 0.244563 -0.097565
v 0.464373 0.240073 -0.0917936
v 0.453747 0.237147 -0.0876037
v 0.357977 0.238087 -0.0865187
v 0.338137 0.24401 -0.0974413
v 0.265145 0.243828 -0.103083
v 0.223183 0.245072 -0.122905
v 0.237435 0.245015 -0.100093
v 0.216353 0.244794 -0.0645415
v 0.201331 0.247449 -0.0467488
v 0.0966724 0.244808 -0.0808573
v 0.0541269 0.244756 -0.101796
v 0.0183295 0.244703 -0.180978
v 0.0184258 0.244804 -0.166445
v -0.0301308 0.244825 -0.189522
v -0.0541491 0.244823 -0.225534
v -0.0656157 0.244825 -0.180978
v -0.060464 0.244748 -0.133173
v -0.0600783 0.244852 -0.108052
v -0.0990812 0.245089 -0.0495498
v -0.118242 0.24516 -0.0446914
v -0.130267 0.246419 -0.035157
v -0.143063 0.245409 -0.034247
v -0.188774 0.251681 -0.00587681
v -0.21748 0.248691 0.0104076
v -0.214548 0.265949 0.0140439
v -0.219136 0.269366 0.0212862
v -0.218859 0.270576 0.0275953
v -0.226312 0.270587 0.0313557
v -0.23011 0.270019 0.0340223
v -0.257582 0.267328 0.0711261
v -0.247172 0.267703 0.0581273
v -0.233506 0.259689 0.0500239
v -0.211164 0.248366 0.0356816
v -0.191473 0.246531 0.0288244
v -0.185121 0.248477 0.0330846
v -0.166167 0.247 0.0217178
v -0.157062 0.248418 0.0192095
v -0.0718237 0.279577 -0.00691053
v -0.0455385 0.279673 -0.0126058
v -0.0285573 0.274315 -0.0152427
v 0.0603746 0.281229 -0.0233667
v 0.0911473 0.283811 -0.0250448
v 0.112056 0.281493 -0.0231392
v 0.225138 0.283961 -0.0258597
v 0.279952 0.284562 -0.0291433
v 0.340524 0.282898 -0.0257791
v 0.422339 0.280645 -0.0246618
v 0.427578 0.280645 -0.0246618
v 0.432817 0.280645 -0.0246618
v 0.456518 0.280643 -0.0247221
v 0.516762 0.280645 -0.0247836
v 0.56417 0.284789 -0.0550799
v 0.560146 0.284865 -0.0579946
v 0.576812 0.284788 -0.0612968
v 0.646285 0.284835 -0.0677402
v 0.653894 0.284809 -0.0759448
v 0.635076 0.284789 -0.124647
v 0.700956 0.284828 -0.0776148
v 0.777129 0.284836 -0.0517803
v 0.773919 0.284909 -0.0723541
v 0.874435 0.28492 -0.0566758
v 0.910011 0.284842 -0.0568009
v 0.914919 0.284858 -0.0876379
v 0.956422 0.284783 -0.113602
v 0.988246 0.284521 -0.1372
v 0.983702 0.284671 -0.205268
v 0.994469 0.276042 -0.238187
v 0.994631 0.266758 -0.279627
v 0.994659 0.271922 -0.28803
v 0.994179 0.249607 -0.317413
v 0.989 0.245678 -0.307611
v 0.983761 0.24519 -0.296479
v 0.938254 0.24491 -0.323403
v 0.966925 0.245065 -0.369916
v 0.889243 0.244582 -0.457752
v 0.87886 0.242632 -0.490564
v 0.906667 0.235052 -0.519378
v 0.916097 0.238495 -0.528841
v 0.912712 0.233294 -0.547448
v 0.905761 0.233941 -0.564035
v 0.921312 0.199244 -0.568859
v 0.93415 0.112296 -0.56626
v 0.936826 0.108625 -0.569002
v 0.942482 0.0709821 -0.56963
v 0.938414 0.0514507 -0.564234
v 0.945611 0.04422 -0.569244
v 0.952936 0.00785309 -0.574509
v 0.956631 -0.0463769 -0.569265
v 0.958822 -0.0664611 -0.569627
v 0.962101 -0.0911649 -0.569461
v 0.964111 -0.117665 -0.569035
v 0.967799 -0.159192 -0.569387
v 0.967976 -0.182373 -0.566261
v 0.969512 -0.191119 -0.566073
v 0.972894 -0.199785 -0.579474
v 0.975567 -0.215454 -0.579793
v 0.978162 -0.227394 -0.579603
v 0.983761 -0.233505 -0.580967
v 0.97815 -0.260474 -0.576458
v 0.992606 -0.256065 -0.582696
v 0.994239 -0.270177 -0.585596
v 0.952327 -0.270177 -0.588642
v 0.956016 -0.236869 -0.578483
v 0.957943 -0.220482 -0.573542
v 0.952476 -0.175195 -0.575706
v 0.9548 -0.171071 -0.565816
v 0.955132 -0.155502 -0.5652
v 0.951983 -0.149777 -0.568132
v 0.951093 -0.145072 -0.569259
v 0.94457 -0.0777289 -0.569441
v 0.94075 -0.07672 -0.579665
v 0.91414 0.0237429 -0.584645
v 0.767336 0.0233327 -0.584531
v 0.820755 0.0349811 -0.588323
v 0.897713 0.164221 -0.588773
v 0.813901 0.176138 -0.584796
v 0.662003 0.176034 -0.585005
v 0.579013 0.185189 -0.588475
v 0.567245 0.197236 -0.584148
v 0.556517 0.202607 -0.58177
v 0.540112 0.247412 -0.583159
v 0.552179 0.239154 -0.573667
v 0.588197 0.237134 -0.538205
v 0.710258 0.236716 -0.535109
v 0.668899 0.24084 -0.528359
v 0.634118 0.24289 -0.525045
v 0.666847 0.242358 -0.525639
v 0.660743 0.243661 -0.503977
v 0.63914 0.244594 -0.434824
v 0.64372 0.244567 -0.387143
v 0.607947 0.244455 -0.3553
v 0.621785 0.244581 -0.286001
v 0.620146 0.244594 -0.266035
v 0.504758 0.244586 -0.271705
v 0.51242 0.244643 -0.250552
v 0.572308 0.244651 -0.163382
v 0.527819 0.244678 -0.17543
v 0.527204 0.244643 -0.169121
v 0.503141 0.244656 -0.101991
v 0.463447 0.244604 -0.179655
v 0.426652 0.244566 -0.115175
v 0.432817 0.244581 -0.107511
v 0.447878 0.244646 -0.102091
v 0.464237 0.244323 -0.097192
v 0.42763 0.244184 -0.0971675
v 0.406622 0.238733 -0.0894787
v 0.384261 0.237665 -0.0872354
v 0.364588 0.243972 -0.0970325
v 0.359349 0.243972 -0.0970325
v 0.354232 0.243972 -0.0970325
v 0.354111 0.243972 -0.0970325
v 0.286765 0.244542 -0.112336
v 0.187387 0.245071 -0.118392
v 0.223285 0.244822 -0.0874419
v 0.175114 0.245104 -0.0913007
v 0.178278 0.246281 -0.050649
v 0.0395065 0.244788 -0.142353
v 0.0379501 0.244825 -0.179867
v 0.0394073 0.244825 -0.212533
v -0.00793984 0.244825 -0.228618
v -0.0708547 0.244825 -0.233489
v -0.0760599 0.244744 -0.143952
v -0.0911615 0.244802 -0.121034
v -0.147504 0.244639 -0.0781109
v -0.126363 0.2448 -0.0495263
v -0.153454 0.246111 -0.0267704
v -0.225761 0.254234 0.0184567
v -0.230416 0.266501 0.0251907
v -0.233017 0.267688 0.0465469
v -0.238745 0.269192 0.0393023
v -0.243098 0.269251 0.0492211
v -0.267189 0.266361 0.0845198
v -0.264702 0.262835 0.083898
v -0.24974 0.263087 0.0653955
v -0.233431 0.254351 0.0505949
v -0.171851 0.255144 0.0284536
v -0.152854 0.254879 0.0195459
v -0.129164 0.255032 0.0106999
v -0.103243 0.256572 0.00232892
v -0.104124 0.27411 0.00253067
v 0.033506 0.280591 -0.022296
v 0.0336592 0.283941 -0.0245013
v 0.0614805 0.284905 -0.028787
v 0.1028 0.285343 -0.043871
v 0.123451 0.285249 -0.0499364
v 0.164262 0.284998 -0.0489337
v 0.21217 0.283964 -0.0253676
v 0.223172 0.284838 -0.0288881
v 0.338145 0.284893 -0.0556158
v 0.43994 0.284702 -0.0299164
v 0.464373 0.284178 -0.0288042
v 0.531536 0.284503 -0.0292938
v 0.552406 0.284788 -0.0340988
v 0.508164 0.284881 -0.0670248
v 0.553557 0.284909 -0.0708377
v 0.549757 0.284831 -0.0923333
v 0.621785 0.284787 -0.154783
v 0.686671 0.284764 -0.134449
v 0.75085 0.2849 -0.052825
v 0.819789 0.28491 -0.0594799
v 0.870179 0.28484 -0.0776138
v 0.883867 0.284812 -0.0872324
v 0.891091 0.284774 -0.101781
v 0.897851 0.284787 -0.151509
v 0.937859 0.284787 -0.133172
v 0.957566 0.284787 -0.133827
v 0.97323 0.284742 -0.166121
v 0.991285 0.283231 -0.191546
v 0.994059 0.279456 -0.223668
v 0.994509 0.274984 -0.223936
v 0.994459 0.27615 -0.269456
v 0.994591 0.266132 -0.316118
v 0.988459 0.24539 -0.34444
v 0.98231 0.245176 -0.34523
v 0.931249 0.244825 -0.380424
v 0.936639 0.24485 -0.434074
v 0.901472 0.243996 -0.488594
v 0.896239 0.239318 -0.497685
v 0.914035 0.241304 -0.518244
v 0.917482 0.238733 -0.537837
v 0.917358 0.241513 -0.556682
v 0.92323 0.242171 -0.56747
v 0.915223 0.234213 -0.568174
v 0.920039 0.233169 -0.574226
v 0.915829 0.21708 -0.567649
v 0.922907 0.185742 -0.568584
v 0.927494 0.138278 -0.565731
v 0.938489 0.0819362 -0.566311
v 0.947116 0.0498794 -0.573121
v 0.951435 0.0268959 -0.574732
v 0.952512 0.0225771 -0.576212
v 0.957927 0.000725084 -0.586141
v 0.959738 -0.0760234 -0.569397
v 0.964269 -0.0838859 -0.576042
v 0.967228 -0.0926117 -0.579573
v 0.962732 -0.100288 -0.569176
v 0.969384 -0.144321 -0.579748
v 0.967996 -0.160346 -0.569299
v 0.969262 -0.175754 -0.56927
v 0.972612 -0.196228 -0.579605
v 0.973092 -0.198581 -0.579809
v 0.981209 -0.205905 -0.582771
v 0.990157 -0.227349 -0.584764
v 0.990858 -0.236034 -0.584754
v 0.9944 -0.267883 -0.584331
v 0.955727 -0.279719 -0.589358
v 0.949412 -0.251111 -0.584877
v 0.952577 -0.227374 -0.57974
v 0.954035 -0.205901 -0.578203
v 0.9507 -0.208525 -0.580372
v 0.952475 -0.18067 -0.576936
v 0.952448 -0.170482 -0.574509
v 0.948941 -0.142112 -0.574578
v 0.947041 -0.124431 -0.575016
v 0.942382 -0.0584077 -0.57098
v 0.935806 -0.0540435 -0.584783
v 0.936193 -0.0408391 -0.581022
v 0.931775 -0.0239386 -0.585731
v 0.92773 -0.0146009 -0.58763
v 0.920988 0.0129943 -0.588727
v 0.764028 0.0219293 -0.585454
v 0.502113 0.0117486 -0.588108
v 0.249209 -0.00786379 -0.584987
v 0.24699 -0.0214134 -0.564299
v 0.25752 -0.0319129 -0.553761
v 0.258154 -0.0559028 -0.553573
v 0.259915 -0.0730219 -0.549024
v 0.256637 -0.108652 -0.549129
v 0.255024 -0.130905 -0.548822
v 0.249188 -0.103806 -0.552862
v 0.218054 -0.0740584 -0.534516
v 0.223015 -0.0656142 -0.5354
v 0.253796 -0.0361298 -0.540422
v 0.246362 0.00166242 -0.546874
v 0.247814 0.066365 -0.569426
v 0.243971 0.0708425 -0.579748
v 0.252207 0.0346119 -0.588141
v 0.429556 0.0243235 -0.584548
v 0.537474 0.0347668 -0.588199
v 0.749716 0.0347104 -0.588235
v 0.842065 0.160027 -0.588399
v 0.589053 0.17313 -0.587397
v 0.572506 0.187131 -0.588027
v 0.560534 0.186416 -0.586844
v 0.538299 0.215135 -0.583679
v 0.549284 0.222023 -0.586363
v 0.552558 0.237037 -0.566
v 0.561549 0.237585 -0.568109
v 0.648401 0.244334 -0.465518
v 0.635267 0.244249 -0.46542
v 0.606024 0.244362 -0.458648
v 0.607093 0.244454 -0.453059
v 0.616546 0.244581 -0.422336
v 0.590774 0.244678 -0.411506
v 0.599785 0.244556 -0.329861
v 0.584991 0.244581 -0.306957
v 0.525378 0.24458 -0.350129
v 0.508312 0.244581 -0.323913
v 0.532722 0.244631 -0.252531
v 0.51682 0.244653 -0.170052
v 0.47029 0.244715 -0.190137
v 0.439148 0.244587 -0.175598
v 0.411861 0.244581 -0.180978
v 0.39401 0.244558 -0.174801
v 0.427578 0.244581 -0.102272
v 0.380822 0.243979 -0.0968488
v 0.326856 0.244607 -0.114393
v 0.363297 0.244547 -0.125562
v 0.31431 0.244555 -0.131853
v 0.264985 0.244597 -0.143473
v 0.255763 0.244749 -0.153059
v 0.213039 0.245635 -0.0876698
v 0.108187 0.244846 -0.0923127
v 0.0976907 0.244825 -0.173774
v 0.081319 0.244825 -0.154783
v 0.0655716 0.244825 -0.213782
v 0.0298607 0.244809 -0.249379
v -0.0197477 0.244699 -0.252624
v -0.11735 0.244825 -0.232311
v -0.105563 0.244825 -0.206609
v -0.108662 0.244817 -0.15588
v -0.110902 0.244714 -0.118098
v -0.184219 0.24761 -0.0104847
v -0.196321 0.247317 -0.00322855
v -0.212535 0.245702 0.00185836
v -0.222692 0.247191 0.0129322
v -0.246335 0.267577 0.0424153
v -0.256599 0.267823 0.0532026
v -0.267529 0.268167 0.0694004
v -0.270179 0.267608 0.0760969
v -0.273062 0.265816 0.0919533
v -0.281212 0.265623 0.104438
v -0.286875 0.26306 0.119426
v -0.288921 0.260981 0.125711
v -0.264953 0.249454 0.0883122
v -0.242996 0.250522 0.0608311
v -0.22427 0.249192 0.0446543
v -0.198153 0.246489 0.0381714
v -0.19326 0.250875 0.0395466
v -0.141127 0.266927 0.0145486
v -0.13871 0.279379 0.0125733
v -0.121536 0.283843 0.00402181
v -0.109093 0.27945 0.00345632
v -0.0832667 0.281881 -0.00517592
v -0.030648 0.28396 -0.0177657
v -0.0259131 0.284501 -0.0190756
v 0.00435525 0.284517 -0.024229
v 0.0545151 0.285064 -0.0291062
v 0.0676403 0.28563 -0.0424307
v 0.110172 0.285111 -0.0670515
v 0.202059 0.284909 -0.0655988
v 0.242139 0.284902 -0.0341857
v 0.312199 0.284909 -0.0498819
v 0.339703 0.284909 -0.0754218
v 0.366064 0.284865 -0.0574135
v 0.399073 0.284771 -0.0493284
v 0.47137 0.284462 -0.0294932
v 0.522001 0.284909 -0.0655988
v 0.511523 0.284909 -0.112749
v 0.565552 0.284788 -0.106441
v 0.600707 0.284787 -0.102272
v 0.568619 0.284787 -0.194761
v 0.634005 0.284815 -0.161507
v 0.676794 0.284787 -0.165261
v 0.762862 0.284898 -0.128235
v 0.784153 0.284817 -0.143857
v 0.789132 0.284901 -0.146203
v 0.801352 0.284894 -0.190629
v 0.855524 0.284903 -0.125948
v 0.863909 0.284788 -0.138723
v 0.857648 0.284802 -0.175815
v 0.899816 0.284787 -0.175739
v 0.96787 0.284735 -0.202211
v 0.993504 0.280213 -0.233363
v 0.994546 0.275687 -0.254693
v 0.994569 0.275785 -0.256907
v 0.994559 0.276249 -0.297324
v 0.994551 0.276322 -0.310497
v 0.994451 0.252413 -0.335722
v 0.99454 0.254487 -0.335355
v 0.99401 0.249277 -0.349122
v 0.994559 0.253028 -0.366999
v 0.994049 0.249258 -0.381481
v 0.994604 0.25445 -0.380424
v 0.994148 0.24922 -0.392861
v 0.989002 0.245679 -0.366974
v 0.921297 0.244607 -0.463412
v 0.907928 0.24422 -0.490078
v 0.911172 0.243984 -0.497575
v 0.919295 0.243305 -0.521193
v 0.922727 0.242055 -0.546793
v 0.920226 0.23804 -0.576497
v 0.919614 0.227334 -0.572156
v 0.922674 0.200166 -0.571415
v 0.9258 0.174416 -0.5693
v 0.931443 0.158839 -0.574148
v 0.936402 0.148345 -0.579511
v 0.932274 0.135015 -0.568823
v 0.939854 0.0889574 -0.56941
v 0.941854 0.0934402 -0.574107
v 0.947052 0.0554629 -0.574473
v 0.957713 0.0142631 -0.58471
v 0.957566 -0.00288388 -0.58466
v 0.961542 -0.0185495 -0.588286
v 0.961008 -0.0312458 -0.585806
v 0.961208 -0.0388356 -0.584916
v 0.957191 -0.0517039 -0.569356
v 0.964037 -0.0655339 -0.582638
v 0.970383 -0.118257 -0.583339
v 0.965075 -0.121059 -0.570364
v 0.968928 -0.137718 -0.580258
v 0.970634 -0.171054 -0.579407
v 0.968356 -0.165774 -0.569253
v 0.988727 -0.217727 -0.584964
v 0.990339 -0.273901 -0.592441
v 0.958047 -0.270111 -0.593716
v 0.952924 -0.259097 -0.592356
v 0.954203 -0.245319 -0.59361
v 0.947023 -0.219293 -0.58494
v 0.946913 -0.213958 -0.584282
v 0.946824 -0.212129 -0.583884
v 0.942753 -0.179597 -0.585055
v 0.947191 -0.17369 -0.579724
v 0.949845 -0.153194 -0.575659
v 0.946331 -0.116259 -0.575034
v 0.943727 -0.107081 -0.578059
v 0.941968 -0.101917 -0.580569
v 0.937875 -0.0772576 -0.585627
v 0.937491 -0.0761639 -0.585402
v 0.937061 -0.0708461 -0.585068
v 0.930833 -0.0366176 -0.587334
v 0.852543 0.00785309 -0.588399
v 0.726686 0.0130921 -0.587911
v 0.626657 0.0212085 -0.585501
v 0.634646 -0.00498449 -0.588917
v 0.251359 0.0109607 -0.587331
v 0.254448 -0.0131027 -0.588155
v 0.249465 -0.0176594 -0.585026
v 0.249453 -0.0235807 -0.584987
v 0.249209 -0.029307 -0.584987
v 0.24682 -0.0600756 -0.585144
v 0.256907 -0.0640202 -0.555202
v 0.211002 -0.0915278 -0.548898
v 0.210798 -0.0730938 -0.545191
v 0.212628 -0.0436291 -0.545431
v 0.253271 0.0155168 -0.557168
v 0.25151 0.0364144 -0.559903
v 0.249499 0.0460165 -0.558753
v 0.243971 0.0760815 -0.579139
v 0.243289 0.0864511 -0.580302
v 0.243752 0.107095 -0.585066
v 0.264926 0.112754 -0.588155
v 0.314317 0.0348026 -0.588248
v 0.721447 0.165266 -0.588399
v 0.528454 0.201698 -0.581565
v 0.524797 0.215119 -0.583671
v 0.527245 0.23742 -0.590016
v 0.505412 0.236291 -0.574361
v 0.53631 0.236279 -0.535296
v 0.563767 0.236969 -0.537584
v 0.620339 0.239364 -0.530848
v 0.591158 0.244079 -0.495518
v 0.543194 0.244074 -0.49057
v 0.543079 0.244094 -0.485325
v 0.57169 0.244328 -0.465266
v 0.577498 0.244724 -0.419492
v 0.491873 0.244439 -0.419153
v 0.498864 0.244512 -0.32968
v 0.479175 0.244597 -0.291926
v 0.457361 0.244583 -0.260375
v 0.414731 0.244613 -0.253389
v 0.411861 0.244703 -0.191456
v 0.389088 0.244718 -0.212401
v 0.356295 0.244665 -0.191992
v 0.389595 0.244581 -0.156093
v 0.400706 0.244578 -0.133791
v 0.401155 0.244548 -0.101087
v 0.317438 0.244581 -0.154783
v 0.260409 0.244636 -0.190345
v 0.190161 0.244842 -0.229789
v 0.176152 0.245024 -0.152094
v 0.158554 0.244846 -0.123129
v 0.0708411 0.244825 -0.233489
v -0.0707849 0.244622 -0.309391
v -0.13011 0.244602 -0.30454
v -0.165278 0.244703 -0.254445
v -0.15026 0.244759 -0.188002
v -0.156934 0.244631 -0.12782
v -0.176247 0.244671 -0.14337
v -0.225617 0.244703 -0.186217
v -0.220726 0.244747 -0.121166
v -0.21107 0.244803 -0.0651892
v -0.172597 0.245417 -0.019439
v -0.190048 0.244972 -0.01573
v -0.234007 0.245201 0.0126183
v -0.228541 0.246757 0.0161288
v -0.237387 0.264425 0.0304837
v -0.245934 0.264928 0.0393023
v -0.249546 0.260727 0.0421837
v -0.261947 0.266506 0.0583248
v -0.273344 0.265367 0.0728312
v -0.294072 0.249441 0.144285
v -0.295 0.261405 0.1391
v -0.286922 0.249868 0.12593
v -0.277834 0.246585 0.113434
v -0.275992 0.248793 0.106798
v -0.265344 0.245811 0.104919
v -0.266395 0.247948 0.0930066
v -0.258519 0.246447 0.09425
v -0.258073 0.246522 0.0834916
v -0.253252 0.248231 0.0738591
v -0.247775 0.247457 0.0685195
v -0.237628 0.247036 0.0591041
v -0.228082 0.246112 0.0540096
v -0.219314 0.246463 0.047826
v -0.191839 0.2554 0.0395345
v -0.191095 0.254848 0.0389702
v -0.197643 0.279989 0.0418732
v -0.182944 0.264928 0.0340633
v -0.169196 0.278918 0.0258072
v -0.153849 0.273423 0.0194329
v -0.097631 0.285103 -0.00587053
v -0.0779279 0.285519 -0.0129436
v -0.0586614 0.284385 -0.0126862
v -0.0518871 0.285409 -0.0170829
v 0.0268111 0.285303 -0.0290365
v 0.051282 0.285039 -0.0830817
v 0.107514 0.285031 -0.0970325
v 0.139649 0.285166 -0.0538547
v 0.16823 0.284932 -0.068333
v 0.137737 0.284996 -0.11504
v 0.148424 0.284947 -0.120711
v 0.210219 0.284914 -0.0857109
v 0.243316 0.284909 -0.103612
v 0.300411 0.284909 -0.0826254
v 0.345597 0.284909 -0.0865546
v 0.378041 0.284892 -0.0655263
v 0.392821 0.284911 -0.115614
v 0.45568 0.284889 -0.0431271
v 0.498543 0.284806 -0.0346478
v 0.520333 0.284833 -0.121731
v 0.532601 0.284909 -0.133827
v 0.546105 0.284787 -0.161273
v 0.553557 0.284787 -0.209914
v 0.569274 0.284787 -0.215153
v 0.642741 0.284787 -0.217772
v 0.667626 0.284787 -0.186217
v 0.68632 0.284827 -0.168332
v 0.706976 0.284859 -0.170505
v 0.705741 0.284909 -0.186191
v 0.747278 0.284915 -0.155163
v 0.855732 0.284915 -0.158622
v 0.847304 0.284909 -0.202056
v 0.873621 0.284787 -0.196695
v 0.956585 0.284791 -0.220011
v 0.988365 0.284335 -0.228639
v 0.993312 0.280449 -0.241948
v 0.991926 0.282477 -0.263256
v 0.993475 0.280427 -0.282915
v 0.993264 0.280645 -0.296479
v 0.992172 0.282306 -0.316207
v 0.993277 0.247534 -0.414243
v 0.994155 0.249477 -0.42752
v 0.988544 0.24538 -0.42737
v 0.983761 0.24519 -0.380424
v 0.970103 0.24509 -0.42293
v 0.926259 0.20556 -0.579443
v 0.931491 0.19109 -0.585494
v 0.931334 0.173446 -0.579895
v 0.9505 0.0446477 -0.579748
v 0.952327 0.0446477 -0.584987
v 0.952327 0.0394087 -0.583647
v 0.953592 0.0367869 -0.584554
v 0.962783 -0.00318224 -0.588985
v 0.966244 0.00453027 -0.589353
v 0.969245 -0.0745843 -0.586014
v 0.971141 -0.160015 -0.582391
v 0.973521 -0.172153 -0.582783
v 0.985135 -0.195015 -0.584935
v 0.990127 -0.218487 -0.591019
v 0.990121 -0.224186 -0.591748
v 0.990595 -0.241875 -0.591731
v 0.989273 -0.268714 -0.593305
v 0.98324 -0.256957 -0.595126
v 0.947824 -0.214232 -0.591025
v 0.944172 -0.176985 -0.582562
v 0.942388 -0.137866 -0.582903
v 0.930809 -0.0709743 -0.589143
v 0.525689 -0.01022 -0.588595
v 0.259687 -0.0183417 -0.58852
v 0.254472 -0.0286057 -0.588442
v 0.245266 -0.0510654 -0.579716
v 0.243942 -0.0449314 -0.570352
v 0.243397 -0.0387608 -0.563527
v 0.254411 -0.0891342 -0.553996
v 0.211437 -0.0685065 -0.548728
v 0.212156 -0.0500846 -0.548349
v 0.212537 -0.0498973 -0.549655
v 0.218007 -0.0246394 -0.542034
v 0.217606 -0.0227477 -0.543022
v 0.224161 -0.0018195 -0.543865
v 0.24916 0.0264089 -0.553329
v 0.248543 0.0480057 -0.557651
v 0.249293 0.052899 -0.56086
v 0.247556 0.0680131 -0.562175
v 0.245797 0.114116 -0.586983
v 0.24278 0.14177 -0.585095
v 0.248963 0.162688 -0.588492
v 0.259211 0.152866 -0.588508
v 0.680161 0.034638 -0.588217
v 0.597935 0.158134 -0.5888
v 0.536354 0.176885 -0.586344
v 0.522001 0.217777 -0.585231
v 0.523599 0.240469 -0.585475
v 0.516097 0.241329 -0.583804
v 0.506284 0.240804 -0.579748
v 0.506284 0.243972 -0.584987
v 0.482446 0.247885 -0.5846
v 0.526009 0.232096 -0.56392
v 0.5196 0.233995 -0.538891
v 0.590229 0.241901 -0.527359
v 0.604025 0.243292 -0.522013
v 0.557078 0.243598 -0.513253
v 0.543079 0.244459 -0.438053
v 0.516368 0.244322 -0.454295
v 0.525621 0.244558 -0.39064
v 0.474478 0.244542 -0.327077
v 0.459619 0.244515 -0.312733
v 0.446616 0.244581 -0.293075
v 0.443295 0.244581 -0.259684
v 0.411554 0.244711 -0.25108
v 0.340582 0.244636 -0.179062
v 0.322677 0.244703 -0.207294
v 0.296482 0.244703 -0.196695
v 0.274765 0.244703 -0.215153
v 0.259687 0.244703 -0.22825
v 0.228339 0.244822 -0.245343
v 0.161373 0.244827 -0.17531
v -0.0129278 0.244741 -0.260191
v -0.0275887 0.24471 -0.306798
v -0.0437651 0.244596 -0.301749
v -0.062981 0.244581 -0.3699
v -0.0472184 0.244581 -0.348868
v -0.0839521 0.244581 -0.396141
v -0.0498988 0.244581 -0.327912
v -0.0865716 0.244581 -0.322674
v -0.133121 0.244509 -0.330909
v -0.180214 0.244591 -0.299596
v -0.217789 0.244703 -0.254445
v -0.194799 0.244721 -0.258788
v -0.144776 0.244815 -0.194203
v -0.172644 0.244723 -0.184136
v -0.237848 0.244681 -0.215673
v -0.235825 0.244592 -0.227693
v -0.270179 0.244703 -0.180978
v -0.249911 0.244623 -0.129763
v -0.240397 0.244758 -0.0620998
v -0.246817 0.246319 0.0290434
v -0.233669 0.250023 0.0231021
v -0.243984 0.25445 0.0340633
v -0.268689 0.247612 0.0575969
v -0.269361 0.258348 0.0637472
v -0.277776 0.266289 0.0815051
v -0.280463 0.266201 0.0894869
v -0.285975 0.265447 0.111406
v -0.296475 0.265073 0.128192
v -0.301326 0.260794 0.155653
v -0.28819 0.245297 0.145232
v -0.291135 0.248114 0.139086
v -0.284342 0.245944 0.129588
v -0.276485 0.247642 0.131133
v -0.275418 0.246409 0.123248
v -0.254462 0.246531 0.0813358
v -0.248649 0.248139 0.0854481
v -0.241836 0.246177 0.0688699
v -0.231019 0.247349 0.0631328
v -0.226001 0.25423 0.063771
v -0.212412 0.248489 0.0505791
v -0.207823 0.25225 0.0498038
v -0.206559 0.275398 0.0488817
v -0.199903 0.275907 0.0442427
v -0.180995 0.275406 0.0326013
v -0.169318 0.284381 0.0217554
v -0.165278 0.280645 0.0232199
v -0.154757 0.280786 0.0184322
v -0.143827 0.284312 0.00986025
v -0.135584 0.28528 0.00286447
v -0.113241 0.285136 -0.00193445
v -0.0936746 0.285587 -0.0118085
v -0.0701918 0.284953 -0.076366
v 0.0318009 0.285602 -0.0446334
v 0.0944164 0.285031 -0.0760767
v 0.0505401 0.285031 -0.123349
v 0.0852482 0.285031 -0.11808
v 0.114456 0.285034 -0.113801
v 0.165264 0.284909 -0.123349
v 0.210557 0.284909 -0.135792
v 0.247245 0.284909 -0.127918
v 0.295797 0.284909 -0.117394
v 0.342323 0.284909 -0.121979
v 0.369949 0.284909 -0.0917936
v 0.382257 0.284831 -0.128003
v 0.485328 0.284909 -0.102191
v 0.478945 0.284864 -0.121753
v 0.488382 0.284789 -0.143833
v 0.512416 0.284844 -0.156183
v 0.544305 0.284841 -0.163807
v 0.519382 0.284787 -0.209914
v 0.525306 0.284787 -0.23218
v 0.553557 0.284787 -0.249206
v 0.624937 0.284812 -0.204982
v 0.62853 0.284902 -0.233346
v 0.642635 0.284815 -0.223911
v 0.669063 0.284787 -0.220966
v 0.684653 0.284787 -0.223011
v 0.70573 0.284909 -0.238728
v 0.801804 0.284904 -0.193028
v 0.853595 0.284871 -0.186385
v 0.836826 0.284909 -0.254445
v 0.858899 0.284875 -0.2058
v 0.911619 0.284787 -0.198065
v 0.905055 0.284787 -0.249206
v 0.988609 0.284327 -0.238618
v 0.989 0.284056 -0.285315
v 0.993873 0.279767 -0.319975
v 0.99415 0.279495 -0.321494
v 0.994543 0.262308 -0.344939
v 0.994543 0.257069 -0.359407
v 0.994491 0.252309 -0.388993
v 0.994339 0.249325 -0.402653
v 0.994604 0.25445 -0.411858
v 0.994513 0.253708 -0.4315
v 0.994087 0.249564 -0.456845
v 0.937858 0.244756 -0.506678
v 0.929017 0.243812 -0.536013
v 0.928666 0.24388 -0.555427
v 0.928451 0.243383 -0.575002
v 0.912421 0.239146 -0.584594
v 0.92637 0.220008 -0.582631
v 0.928191 0.161746 -0.570241
v 0.936563 0.130004 -0.574443
v 0.936856 0.113571 -0.570003
v 0.941826 0.109175 -0.579546
v 0.943849 0.110934 -0.584917
v 0.947041 0.0873401 -0.584998
v 0.947471 0.083489 -0.584846
v 0.950052 0.0690751 -0.585702
v 0.952327 0.0551256 -0.585962
v 0.952327 0.0498866 -0.585475
v 0.952327 0.0447695 -0.584987
v 0.961392 0.0253718 -0.585001
v 0.964275 0.017277 -0.588173
v 0.96488 -0.0559961 -0.587068
v 0.965852 -0.0633769 -0.586225
v 0.970493 -0.0877838 -0.585111
v 0.971676 -0.128593 -0.585269
v 0.975777 -0.134731 -0.589226
v 0.975274 -0.135689 -0.588711
v 0.973984 -0.16347 -0.584894
v 0.983733 -0.185813 -0.585355
v 0.989095 -0.204354 -0.590283
v 0.952275 -0.217737 -0.594121
v 0.948128 -0.193833 -0.594122
v 0.942148 -0.157219 -0.584916
v 0.938681 -0.154798 -0.590226
v 0.936918 -0.119282 -0.589663
v 0.931057 -0.0825221 -0.590068
v 0.922197 -0.0339412 -0.58875
v 0.706339 0.000996646 -0.588643
v 0.301564 -0.0701003 -0.588161
v 0.298751 -0.0230212 -0.587842
v 0.244584 -0.0496914 -0.560292
v 0.234977 -0.0821166 -0.555996
v 0.228254 -0.0760922 -0.55733
v 0.214868 -0.0812484 -0.554918
v 0.212925 -0.059615 -0.552849
v 0.224855 0.0100208 -0.545235
v 0.223015 0.018331 -0.547462
v 0.226741 0.0335225 -0.547856
v 0.223015 0.02357 -0.548314
v 0.250444 0.00945038 -0.54992
v 0.234498 0.0507878 -0.54998
v 0.240068 0.0587177 -0.553904
v 0.237005 0.0713721 -0.553546
v 0.247317 0.0784254 -0.564582
v 0.245555 0.0918379 -0.56564
v 0.243901 0.111355 -0.566322
v 0.244605 0.10709 -0.569129
v 0.241157 0.13194 -0.579358
v 0.240908 0.1674 -0.579368
v 0.51284 0.164876 -0.588585
v 0.522225 0.194399 -0.585481
v 0.516549 0.199157 -0.586919
v 0.522315 0.232056 -0.588269
v 0.506406 0.243972 -0.584987
v 0.501045 0.243972 -0.586327
v 0.495806 0.243972 -0.587302
v 0.50682 0.23266 -0.565788
v 0.501698 0.232649 -0.538286
v 0.484547 0.243939 -0.463522
v 0.454865 0.244115 -0.438683
v 0.473706 0.24433 -0.422532
v 0.443482 0.244458 -0.403841
v 0.429317 0.24446 -0.401172
v 0.397845 0.244389 -0.375278
v 0.418476 0.244498 -0.324538
v 0.401383 0.244459 -0.333151
v 0.379762 0.24456 -0.305287
v 0.336353 0.244703 -0.210099
v 0.20496 0.244802 -0.262493
v 0.107865 0.244741 -0.238037
v 0.10838 0.244733 -0.248743
v 0.0935752 0.2447 -0.284827
v 0.0690787 0.244601 -0.324106
v 0.0559067 0.244647 -0.373707
v 0.0244572 0.244691 -0.335784
v -0.0760936 0.244581 -0.406619
v -0.0924654 0.244581 -0.381718
v -0.0918105 0.244581 -0.358067
v -0.0909932 0.244649 -0.301994
v -0.176339 0.244574 -0.379068
v -0.204782 0.244581 -0.397005
v -0.199331 0.244581 -0.351488
v -0.25115 0.244561 -0.328806
v -0.260242 0.244493 -0.315758
v -0.191365 0.244685 -0.218817
v -0.249851 0.244771 -0.0432133
v -0.240093 0.245436 0.0204148
v -0.249397 0.245017 0.0234589
v -0.249223 0.249211 0.0363783
v -0.281418 0.260472 0.0814462
v -0.286067 0.264398 0.0921962
v -0.301492 0.264306 0.142779
v -0.291184 0.245368 0.154807
v -0.285451 0.248461 0.15477
v -0.28009 0.248137 0.139622
v -0.266055 0.249559 0.113158
v -0.250929 0.25445 0.0918138
v -0.23744 0.249169 0.0730161
v -0.233505 0.254338 0.0708049
v -0.233384 0.25445 0.0708579
v -0.233384 0.259689 0.0708579
v -0.223828 0.250524 0.0613672
v -0.154829 0.285237 0.0107987
v -0.149986 0.285542 -0.00376634
v -0.131813 0.285238 -0.0357554
v -0.0968285 0.284915 -0.0689431
v -0.0924654 0.284909 -0.089829
v -0.0737307 0.284964 -0.0968277
v -0.0452499 0.285132 -0.0695411
v -0.00335812 0.285606 -0.0340722
v 0.0232375 0.285634 -0.0478064
v 0.0235685 0.285031 -0.0813157
v 0.0235685 0.285031 -0.0917936
v 0.0413262 0.285031 -0.150854
v 0.133823 0.285033 -0.132888
v 0.155997 0.284966 -0.147139
v 0.18753 0.284909 -0.159367
v 0.27478 0.284909 -0.138411
v 0.312199 0.284909 -0.138396
v 0.343633 0.284909 -0.146925
v 0.381717 0.284831 -0.132749
v 0.400453 0.284856 -0.124579
v 0.445975 0.284909 -0.0917936
v 0.501411 0.284892 -0.0666387
v 0.472301 0.284845 -0.151402
v 0.511352 0.284789 -0.186368
v 0.491282 0.284787 -0.217756
v 0.53388 0.284787 -0.216463
v 0.532186 0.284875 -0.259648
v 0.567964 0.284787 -0.276772
v 0.577461 0.284782 -0.252402
v 0.60468 0.284795 -0.275865
v 0.636634 0.284862 -0.241294
v 0.767958 0.284909 -0.219082
v 0.758232 0.284909 -0.26675
v 0.794914 0.284909 -0.238728
v 0.799499 0.284909 -0.246587
v 0.863607 0.284787 -0.232986
v 0.87049 0.284859 -0.247329
v 0.912258 0.284787 -0.28597
v 0.93131 0.284787 -0.28862
v 0.988261 0.284348 -0.283469
v 0.994554 0.276359 -0.348206
v 0.994604 0.264928 -0.354107
v 0.994513 0.260999 -0.370601
v 0.994604 0.25445 -0.406619
v 0.994604 0.275406 -0.396141
v 0.994536 0.254644 -0.44872
v 0.977845 0.245211 -0.463293
v 0.967386 0.244878 -0.532978
v 0.915445 0.238946 -0.588177
v 0.932332 0.207679 -0.584545
v 0.937206 0.212913 -0.5859
v 0.941467 0.189673 -0.589233
v 0.936635 0.161263 -0.584473
v 0.938392 0.152418 -0.584474
v 0.941845 0.126223 -0.584874
v 0.950853 0.0901243 -0.588442
v 0.957566 0.0446477 -0.588764
v 0.95983 0.0444739 -0.589548
v 0.966759 0.0289667 -0.5879
v 0.97305 -0.0663742 -0.589167
v 0.973231 -0.0858043 -0.587276
v 0.975375 -0.0999774 -0.588362
v 0.984932 -0.163298 -0.590543
v 0.985397 -0.209057 -0.59469
v 0.970819 -0.176652 -0.597083
v 0.943882 -0.182229 -0.59175
v 0.936222 -0.149706 -0.591387
v 0.914779 -0.0749274 -0.589282
v 0.664657 -0.0755101 -0.588591
v 0.601128 -0.073909 -0.589409
v 0.425039 -0.0687847 -0.588802
v 0.241205 -0.0591207 -0.571838
v 0.235152 -0.0620319 -0.56412
v 0.232762 -0.0706276 -0.559388
v 0.218388 -0.0560927 -0.557648
v 0.217573 -0.00186038 -0.547948
v 0.218525 0.0054253 -0.548919
v 0.223015 0.028809 -0.549289
v 0.233493 0.0408708 -0.548314
v 0.238421 0.0979888 -0.558542
v 0.243605 0.175882 -0.584296
v 0.281626 0.164523 -0.588664
v 0.522534 0.18574 -0.587621
v 0.486093 0.237292 -0.574147
v 0.48311 0.23688 -0.572008
v 0.423291 0.23679 -0.56852
v 0.490149 0.23307 -0.540198
v 0.494016 0.234102 -0.534741
v 0.513168 0.242159 -0.526058
v 0.514717 0.242654 -0.525578
v 0.522454 0.244007 -0.484871
v 0.376556 0.244064 -0.428838
v 0.411861 0.243972 -0.443291
v 0.416202 0.244455 -0.40063
v 0.367919 0.244254 -0.393834
v 0.340488 0.244654 -0.258641
v 0.296813 0.244871 -0.281542
v 0.280643 0.244703 -0.243967
v 0.271354 0.244659 -0.244734
v 0.163611 0.244702 -0.312784
v 0.17357 0.244728 -0.26696
v 0.162341 0.244738 -0.253326
v 0.0548535 0.244677 -0.344951
v 0.0422371 0.244722 -0.378182
v -0.0026263 0.244703 -0.417097
v -0.0110033 0.244652 -0.412948
v -0.0785909 0.244539 -0.431056
v -0.0963507 0.244568 -0.434836
v -0.239307 0.24446 -0.390764
v -0.246478 0.244479 -0.364174
v -0.254462 0.244459 -0.354107
v -0.208828 0.244626 -0.272895
v -0.23039 0.244631 -0.25995
v -0.247496 0.244654 -0.220522
v -0.29969 0.244702 -0.2022
v -0.295155 0.244703 -0.156093
v -0.301169 0.244645 -0.12384
v -0.295014 0.244705 -0.111992
v -0.274203 0.244693 -0.0812502
v -0.296496 0.244703 -0.0655988
v -0.285941 0.24473 -0.0444703
v -0.294182 0.244754 -0.00263395
v -0.260508 0.244978 0.0380759
v -0.257377 0.245452 0.0370225
v -0.286435 0.26086 0.0908412
v -0.293291 0.260875 0.101113
v -0.295636 0.264223 0.109714
v -0.301486 0.26326 0.123519
v -0.306887 0.262045 0.161116
v -0.302181 0.259383 0.159453
v -0.300548 0.248111 0.165708
v -0.296863 0.246716 0.15814
v -0.26824 0.248126 0.116758
v -0.26762 0.25445 0.118009
v -0.26762 0.259689 0.118009
v -0.264925 0.254647 0.11354
v -0.254462 0.259689 0.0970528
v -0.245434 0.255202 0.0845174
v -0.228007 0.278364 0.0653857
v -0.2214 0.275726 0.0598769
v -0.207684 0.283387 0.0462888
v -0.188674 0.282086 0.0346676
v -0.175345 0.285525 0.0184926
v -0.166018 0.285377 0.0132479
v -0.174559 0.285272 -0.00672028
v -0.251188 0.284909 -0.0937582
v -0.219754 0.284909 -0.136447
v -0.20789 0.284909 -0.126608
v -0.198021 0.284909 -0.11147
v -0.20457 0.284909 -0.103581
v -0.171293 0.284889 -0.0752185
v -0.168295 0.284768 -0.063376
v -0.123266 0.284913 -0.0655163
v -0.141832 0.284884 -0.065806
v -0.139083 0.284909 -0.0865546
v -0.119985 0.284909 -0.097063
v -0.032171 0.285013 -0.0920185
v -0.0183432 0.285031 -0.104891
v 0.0144003 0.285031 -0.152164
v 0.0150552 0.285031 -0.168535
v 0.0288379 0.285031 -0.179013
v 0.045956 0.285031 -0.17181
v 0.0918348 0.28503 -0.162395
v 0.14773 0.28497 -0.149531
v 0.183601 0.284909 -0.175739
v 0.220395 0.284909 -0.154128
v 0.272785 0.284909 -0.144305
v 0.339049 0.284909 -0.188197
v 0.375188 0.284909 -0.154783
v 0.406622 0.284909 -0.123349
v 0.453968 0.28491 -0.147259
v 0.497823 0.28488 -0.160914
v 0.487801 0.284792 -0.220145
v 0.495806 0.284787 -0.233489
v 0.497521 0.284792 -0.277924
v 0.53784 0.284787 -0.270162
v 0.632263 0.284787 -0.275401
v 0.671908 0.284828 -0.242276
v 0.687702 0.284877 -0.248608
v 0.739784 0.284909 -0.226925
v 0.836826 0.284909 -0.296479
v 0.859161 0.284817 -0.310818
v 0.855124 0.284882 -0.314416
v 0.994088 0.279822 -0.348334
v 0.994546 0.276623 -0.378402
v 0.994483 0.259689 -0.45913
v 0.994415 0.252578 -0.470206
v 0.993967 0.249318 -0.48089
v 0.994002 0.249342 -0.465004
v 0.989037 0.245722 -0.455093
v 0.935283 0.244433 -0.5721
v 0.935776 0.242894 -0.588926
v 0.923667 0.230367 -0.586722
v 0.963466 0.203626 -0.58392
v 0.937435 0.195706 -0.587587
v 0.936221 0.174718 -0.586339
v 0.9429 0.158054 -0.588616
v 0.954962 0.0628265 -0.588686
v 0.989142 0.0258934 -0.589565
v 0.988412 0.0206319 -0.589852
v 0.988994 -0.0307544 -0.590671
v 0.989 -0.091809 -0.590835
v 0.98935 -0.122235 -0.591448
v 0.994776 -0.143514 -0.594362
v 0.985639 -0.170728 -0.590151
v 0.986528 -0.172777 -0.596898
v 0.987177 -0.184288 -0.592273
v 0.948024 -0.173996 -0.596152
v 0.941399 -0.171148 -0.592235
v 0.938471 -0.165471 -0.593007
v 0.905387 -0.1658 -0.59581
v 0.490574 -0.084788 -0.590479
v 0.358426 -0.0817305 -0.589893
v 0.276155 -0.0734333 -0.588595
v 0.253795 -0.0625215 -0.589632
v 0.250613 -0.0690745 -0.588605
v 0.24403 -0.0645823 -0.58308
v 0.238957 -0.0654095 -0.578788
v 0.238732 -0.0612281 -0.56927
v 0.229169 -0.0661336 -0.56159
v 0.218141 -0.0340586 -0.558792
v 0.212619 -0.0319587 -0.55089
v 0.216588 0.0030144 -0.552094
v 0.22175 0.0399513 -0.552868
v 0.227033 0.0804602 -0.553969
v 0.234135 0.0752037 -0.552229
v 0.242251 0.142463 -0.570219
v 0.279005 0.176847 -0.58502
v 0.464081 0.176355 -0.585089
v 0.510221 0.186897 -0.588479
v 0.5039 0.198766 -0.589077
v 0.466317 0.212697 -0.589049
v 0.510679 0.222127 -0.589894
v 0.508261 0.237917 -0.590106
v 0.373178 0.248093 -0.58511
v 0.480269 0.242772 -0.578244
v 0.405319 0.236776 -0.569272
v 0.415906 0.236718 -0.555174
v 0.504221 0.238236 -0.529902
v 0.494722 0.242824 -0.521015
v 0.439643 0.243209 -0.486202
v 0.373298 0.242422 -0.510822
v 0.365931 0.24265 -0.502192
v 0.354111 0.243241 -0.469608
v 0.367183 0.244263 -0.401804
v 0.362721 0.244288 -0.359595
v 0.297661 0.244108 -0.385625
v 0.317157 0.24427 -0.342106
v 0.275577 0.240599 -0.291316
v 0.254897 0.243739 -0.285259
v 0.288231 0.243188 -0.287583
v 0.285641 0.244746 -0.280992
v 0.24445 0.244705 -0.281721
v 0.229563 0.244703 -0.279391
v 0.202059 0.244703 -0.280762
v 0.142178 0.244645 -0.350245
v 0.0717315 0.244555 -0.335653
v 0.0812736 0.244621 -0.361
v 0.0846266 0.244646 -0.366783
v 0.0112627 0.244631 -0.442337
v -0.0144971 0.244646 -0.4507
v -0.0292599 0.24458 -0.437672
v -0.076182 0.244324 -0.510017
v -0.113892 0.24433 -0.510991
v -0.0869519 0.244461 -0.464432
v -0.118013 0.244578 -0.448134
v -0.173971 0.244487 -0.479908
v -0.128129 0.244521 -0.445632
v -0.160039 0.244581 -0.443291
v -0.178467 0.244584 -0.417305
v -0.213961 0.244523 -0.406549
v -0.223028 0.244459 -0.417097
v -0.224896 0.244511 -0.396568
v -0.26494 0.244459 -0.45913
v -0.262321 0.244459 -0.409238
v -0.271323 0.244459 -0.348881
v -0.285896 0.244581 -0.286001
v -0.298648 0.24457 -0.261317
v -0.331418 0.244618 -0.20828
v -0.356534 0.244536 -0.131736
v -0.327171 0.244586 -0.0822102
v -0.314766 0.244736 -0.0420823
v -0.277657 0.246001 0.0629841
v -0.279984 0.249746 0.0743966
v -0.306285 0.259079 0.134003
v -0.311565 0.257538 0.163317
v -0.296496 0.2458 0.175759
v -0.290798 0.248442 0.169397
v -0.288792 0.255072 0.168224
v -0.280377 0.256434 0.144547
v -0.278948 0.280216 0.13917
v -0.271988 0.27578 0.125655
v -0.26762 0.270167 0.118009
v -0.258042 0.255 0.102604
v -0.254584 0.264928 0.0970528
v -0.233506 0.280645 0.0689086
v -0.217789 0.281376 0.055141
v -0.200811 0.28516 0.0344699
v -0.190112 0.285246 0.0284748
v -0.191473 0.284909 -0.0235652
v -0.254462 0.284909 -0.0708377
v -0.283276 0.284909 -0.120669
v -0.243329 0.284909 -0.120699
v -0.261666 0.284909 -0.133827
v -0.230887 0.284909 -0.179699
v -0.165278 0.284909 -0.0813157
v -0.0890894 0.284912 -0.142152
v -0.0727658 0.285017 -0.146249
v -0.0485281 0.285031 -0.119359
v -0.0222724 0.285031 -0.124628
v 0.0176747 0.285031 -0.129898
v 0.103446 0.284971 -0.180428
v 0.100181 0.284927 -0.206279
v 0.130713 0.284908 -0.186462
v 0.154786 0.284909 -0.186217
v 0.237422 0.284909 -0.167226
v 0.277399 0.284909 -0.168535
v 0.287953 0.284909 -0.182288
v 0.301721 0.284909 -0.16788
v 0.406869 0.284901 -0.16739
v 0.415361 0.284908 -0.186768
v 0.443295 0.284909 -0.196695
v 0.422339 0.284909 -0.2551
v 0.489258 0.284787 -0.299753
v 0.522615 0.284789 -0.335031
v 0.52992 0.284787 -0.318744
v 0.592225 0.284787 -0.301063
v 0.637502 0.284787 -0.275401
v 0.707101 0.284872 -0.265654
v 0.715187 0.284785 -0.302865
v 0.742403 0.284909 -0.270162
v 0.805068 0.284915 -0.28606
v 0.813687 0.284923 -0.304394
v 0.831587 0.284909 -0.322673
v 0.853061 0.284885 -0.345676
v 0.875067 0.284838 -0.348129
v 0.960884 0.284787 -0.316159
v 0.983761 0.284787 -0.340355
v 0.989 0.284056 -0.33839
v 0.994536 0.276654 -0.359043
v 0.993602 0.280527 -0.382035
v 0.994614 0.275247 -0.381104
v 0.994604 0.275406 -0.417097
v 0.994637 0.274548 -0.432934
v 0.994633 0.268909 -0.459788
v 0.994574 0.263618 -0.469608
v 0.994404 0.252583 -0.486293
v 0.989 0.245556 -0.521998
v 0.994503 0.253508 -0.529811
v 0.994239 0.249211 -0.543076
v 0.994239 0.249211 -0.548314
v 0.994119 0.249187 -0.556896
v 0.983702 0.246267 -0.579468
v 0.927055 0.237608 -0.590779
v 0.939803 0.219223 -0.587831
v 0.946655 0.155559 -0.589415
v 0.952327 0.117993 -0.589251
v 0.994383 -0.00332828 -0.594476
v 0.994394 -0.0199877 -0.594662
v 0.994483 -0.0406073 -0.59845
v 0.994418 -0.0626063 -0.594731
v 0.99165 -0.0757105 -0.591546
v 0.994402 -0.125038 -0.593679
v 0.994594 -0.161129 -0.603786
v 0.993954 -0.163504 -0.594566
v 0.992549 -0.165775 -0.59527
v 0.983672 -0.175995 -0.596182
v 0.941849 -0.169784 -0.595465
v 0.92601 -0.166495 -0.595465
v 0.929731 -0.162268 -0.593051
v 0.876256 -0.159721 -0.594166
v 0.865574 -0.159828 -0.595404
v 0.838717 -0.155571 -0.594386
v 0.834362 -0.154784 -0.594696
v 0.795753 -0.150529 -0.59905
v 0.795072 -0.14835 -0.595064
v 0.788896 -0.144406 -0.593238
v 0.836826 -0.133843 -0.592054
v 0.72029 -0.085588 -0.590041
v 0.282616 -0.0809314 -0.589793
v 0.238732 -0.0706095 -0.584987
v 0.215878 -0.0135595 -0.55707
v 0.218007 -0.00698961 -0.559252
v 0.21741 0.00785309 -0.558792
v 0.217898 0.018331 -0.558792
v 0.218535 0.0237594 -0.560195
v 0.238679 0.121354 -0.562026
v 0.238758 0.135709 -0.563885
v 0.240476 0.167469 -0.570361
v 0.236816 0.186339 -0.56837
v 0.24072 0.182921 -0.579592
v 0.24987 0.174804 -0.584611
v 0.255785 0.186 -0.587413
v 0.284647 0.187772 -0.588974
v 0.486568 0.241797 -0.590208
v 0.478472 0.243625 -0.589713
v 0.36475 0.238036 -0.57556
v 0.421891 0.236177 -0.538472
v 0.453754 0.242254 -0.527188
v 0.377057 0.242326 -0.521378
v 0.305665 0.242366 -0.521424
v 0.343633 0.242754 -0.501042
v 0.347795 0.24348 -0.460521
v 0.315577 0.244298 -0.332087
v 0.293962 0.244399 -0.303338
v 0.293398 0.244297 -0.291252
v 0.277342 0.239131 -0.311606
v 0.254495 0.239077 -0.354534
v 0.254908 0.24042 -0.300268
v 0.250679 0.242977 -0.289318
v 0.249209 0.244703 -0.280762
v 0.158588 0.244697 -0.340553
v 0.0820278 0.244706 -0.395995
v 0.0493181 0.244661 -0.456239
v 0.000505009 0.244578 -0.494147
v -0.0366993 0.244459 -0.489765
v -0.231975 0.244459 -0.464739
v -0.321216 0.244432 -0.459145
v -0.314832 0.244459 -0.391557
v -0.34954 0.244459 -0.392212
v -0.343646 0.244459 -0.375185
v -0.3078 0.244553 -0.342165
v -0.319271 0.244506 -0.280257
v -0.350741 0.244537 -0.226994
v -0.327617 0.244632 -0.165125
v -0.364602 0.244459 -0.175739
v -0.360751 0.244485 -0.162857
v -0.329689 0.244636 -0.0750191
v -0.316604 0.244838 -0.0295901
v -0.269286 0.245049 0.049399
v -0.286344 0.246379 0.0774818
v -0.292882 0.245293 0.0800981
v -0.305558 0.246612 0.113753
v -0.309418 0.251434 0.135628
v -0.313073 0.248716 0.146801
v -0.307028 0.255429 0.175686
v -0.307172 0.245815 0.198487
v -0.301722 0.245505 0.187196
v -0.295256 0.248133 0.186785
v -0.29114 0.254348 0.176036
v -0.285502 0.255539 0.158765
v -0.281563 0.278305 0.146847
v -0.276025 0.282825 0.128111
v -0.264583 0.275082 0.112707
v -0.249626 0.277755 0.0887382
v -0.240451 0.280645 0.0760969
v -0.236866 0.277748 0.0743173
v -0.230589 0.283789 0.0634335
v -0.212819 0.285352 0.0395753
v -0.283276 0.284909 -0.0826254
v -0.295155 0.284909 -0.103581
v -0.270864 0.284909 -0.145615
v -0.234816 0.284909 -0.199375
v -0.219084 0.284909 -0.177049
v -0.174446 0.284909 -0.133797
v -0.125239 0.284909 -0.139066
v -0.155455 0.284909 -0.158057
v -0.115386 0.284909 -0.160022
v -0.0708547 0.285031 -0.160022
v -0.0170334 0.285031 -0.175084
v 0.00719675 0.285031 -0.188181
v -0.0248919 0.285031 -0.204005
v 0.0176747 0.285031 -0.197365
v 0.125719 0.285029 -0.223203
v 0.211851 0.284909 -0.175099
v 0.205318 0.284909 -0.207234
v 0.240041 0.284909 -0.192811
v 0.313509 0.284909 -0.215153
v 0.353486 0.284909 -0.247242
v 0.364672 0.284901 -0.22944
v 0.396727 0.284798 -0.20692
v 0.432817 0.284909 -0.196695
v 0.45465 0.284874 -0.228981
v 0.482554 0.284908 -0.254031
v 0.459036 0.284908 -0.309967
v 0.482348 0.284812 -0.31149
v 0.479384 0.284903 -0.37011
v 0.56207 0.284787 -0.331842
v 0.616485 0.284787 -0.328567
v 0.657148 0.284787 -0.301718
v 0.668936 0.284787 -0.301718
v 0.723689 0.284936 -0.303577
v 0.717138 0.284806 -0.314414
v 0.768068 0.284798 -0.288138
v 0.784365 0.284879 -0.343239
v 0.797456 0.284873 -0.353604
v 0.834403 0.284918 -0.375699
v 0.894063 0.284805 -0.360007
v 0.954632 0.284788 -0.36114
v 0.993386 0.280645 -0.359346
v 0.993995 0.278025 -0.372565
v 0.994579 0.276546 -0.420219
v 0.994091 0.249475 -0.501223
v 0.994424 0.257215 -0.519215
v 0.994239 0.249576 -0.553553
v 0.994533 0.251561 -0.551565
v 0.994113 0.250736 -0.58491
v 0.987938 0.246023 -0.58722
v 0.927287 0.245171 -0.585337
v 0.969626 0.219217 -0.589335
v 0.970002 0.182964 -0.589218
v 0.989096 0.156575 -0.590073
v 0.994495 0.145636 -0.594967
v 0.994986 0.109429 -0.596405
v 0.989 0.112754 -0.589983
v 0.994391 0.103431 -0.595083
v 0.994245 0.0305986 -0.593868
v 0.994555 0.0190962 -0.59427
v 0.995119 -0.00919521 -0.598199
v 0.995155 -0.0542984 -0.59603
v 0.994623 -0.072163 -0.5954
v 0.994464 -0.092558 -0.594207
v 0.995328 -0.112056 -0.597342
v 0.995486 -0.1302 -0.597888
v 0.994152 -0.137153 -0.605426
v 0.994517 -0.165952 -0.601297
v 0.936399 -0.168693 -0.600658
v 0.828541 -0.154798 -0.595465
v 0.778549 -0.146345 -0.602953
v 0.779198 -0.145173 -0.595465
v 0.774568 -0.144321 -0.595465
v 0.778296 -0.138702 -0.592247
v 0.729152 -0.129414 -0.592444
v 0.645441 -0.120129 -0.592475
v 0.249493 -0.0864021 -0.590623
v 0.246356 -0.0781901 -0.588892
v 0.233723 -0.0655991 -0.583009
v 0.230148 -0.0578315 -0.578921
v 0.227833 -0.0603255 -0.563412
v 0.225939 -0.0445365 -0.56927
v 0.223015 -0.0183417 -0.563788
v 0.221333 0.0464184 -0.565865
v 0.230152 0.0912781 -0.554395
v 0.234087 0.118547 -0.558755
v 0.235208 0.145426 -0.562801
v 0.238597 0.181302 -0.569878
v 0.245385 0.188371 -0.587528
v 0.265929 0.189081 -0.587784
v 0.39674 0.228594 -0.59064
v 0.322352 0.23715 -0.572661
v 0.374334 0.236792 -0.537632
v 0.463114 0.235759 -0.536704
v 0.440717 0.241527 -0.527452
v 0.338449 0.242963 -0.496017
v 0.322908 0.243221 -0.471274
v 0.324728 0.243393 -0.464085
v 0.336405 0.244276 -0.411464
v 0.313469 0.243994 -0.407465
v 0.295067 0.243362 -0.452739
v 0.293821 0.243764 -0.346245
v 0.283446 0.239241 -0.347858
v 0.276665 0.238806 -0.361599
v 0.280643 0.238855 -0.380424
v 0.280646 0.238733 -0.396755
v 0.280609 0.238746 -0.387125
v 0.254658 0.238759 -0.394032
v 0.253577 0.240354 -0.324289
v 0.245191 0.244771 -0.330521
v 0.244107 0.244782 -0.311576
v 0.0917969 0.244703 -0.396141
v 0.0955431 0.24474 -0.424214
v 0.0454351 0.244602 -0.459775
v -0.0262958 0.24446 -0.49449
v -0.0722223 0.241238 -0.519568
v -0.104789 0.244099 -0.512144
v -0.0957102 0.2429 -0.515957
v -0.165278 0.244459 -0.51152
v -0.191473 0.244459 -0.474847
v -0.201951 0.244459 -0.469608
v -0.20725 0.244494 -0.45618
v -0.233414 0.244408 -0.472468
v -0.257372 0.244431 -0.471397
v -0.298918 0.244388 -0.475136
v -0.417114 0.244459 -0.396141
v -0.37776 0.244459 -0.356727
v -0.308157 0.244515 -0.315591
v -0.371381 0.244412 -0.239552
v -0.359451 0.244493 -0.181404
v -0.368444 0.244437 -0.181781
v -0.37306 0.244423 -0.118666
v -0.352135 0.244621 -0.061145
v -0.348885 0.244703 -0.039404
v -0.32904 0.244834 -0.00518812
v -0.313098 0.244748 0.0122153
v -0.317813 0.244553 0.0358107
v -0.285667 0.244712 0.0598006
v -0.293838 0.244868 0.07093
v -0.295738 0.248559 0.0969464
v -0.32269 0.244459 0.154803
v -0.317286 0.249523 0.176986
v -0.312339 0.25623 0.1741
v -0.311891 0.253512 0.186926
v -0.312495 0.248575 0.200574
v -0.306643 0.248411 0.239709
v -0.308304 0.245119 0.218533
v -0.303053 0.245777 0.204391
v -0.295283 0.250527 0.190083
v -0.282026 0.284895 0.127662
v -0.269265 0.280619 0.119183
v -0.267196 0.280175 0.115112
v -0.249491 0.280836 0.0872744
v -0.224896 0.285227 0.0528567
v -0.207808 0.285454 0.0243735
v -0.235972 0.284947 -0.0171986
v -0.265595 0.284909 -0.0498819
v -0.279347 0.284909 -0.064289
v -0.302359 0.284909 -0.089829
v -0.314832 0.284909 -0.107511
v -0.299739 0.284909 -0.177703
v -0.265595 0.284909 -0.20332
v -0.186234 0.284909 -0.200654
v -0.184924 0.284909 -0.163951
v -0.150871 0.284909 -0.167226
v -0.137118 0.284909 -0.184937
v -0.0976223 0.284909 -0.198905
v -0.039299 0.285031 -0.180978
v -0.0708547 0.285031 -0.22825
v -0.0157237 0.285031 -0.215153
v 0.0603631 0.285031 -0.22825
v 0.00872632 0.284925 -0.274678
v 0.0130906 0.285031 -0.275401
v 0.0222588 0.285031 -0.254445
v 0.0577436 0.285031 -0.258374
v 0.0340464 0.285031 -0.29124
v 0.0767349 0.285031 -0.277442
v 0.116943 0.285007 -0.291081
v 0.156356 0.284913 -0.203663
v 0.198724 0.284909 -0.245932
v 0.263617 0.284909 -0.204629
v 0.293862 0.284909 -0.23087
v 0.320057 0.284909 -0.227595
v 0.331845 0.284909 -0.239383
v 0.384952 0.284843 -0.229615
v 0.401383 0.284909 -0.238728
v 0.400073 0.284909 -0.277411
v 0.443295 0.284909 -0.322673
v 0.469385 0.284863 -0.351629
v 0.467973 0.28482 -0.378594
v 0.511523 0.284787 -0.364707
v 0.556176 0.284787 -0.353452
v 0.593519 0.284787 -0.355478
v 0.640776 0.284787 -0.329877
v 0.676794 0.284787 -0.343629
v 0.721447 0.284787 -0.343629
v 0.72145 0.284814 -0.356431
v 0.763492 0.284778 -0.32173
v 0.759161 0.284828 -0.352939
v 0.772736 0.284787 -0.419717
v 0.830294 0.284861 -0.406445
v 0.922374 0.284788 -0.375315
v 0.964115 0.284787 -0.377804
v 0.988481 0.284357 -0.375254
v 0.988996 0.284105 -0.394966
v 0.994302 0.279476 -0.398281
v 0.992017 0.282575 -0.412764
v 0.993508 0.280645 -0.417097
v 0.993662 0.280438 -0.421044
v 0.994565 0.276394 -0.453728
v 0.994469 0.276861 -0.467728
v 0.994579 0.276103 -0.464312
v 0.994483 0.259689 -0.548314
v 0.994604 0.25445 -0.564031
v 0.99442 0.253195 -0.576215
v 0.987216 0.241488 -0.591169
v 0.985797 0.208614 -0.589655
v 0.977036 0.199276 -0.587709
v 0.994485 0.120845 -0.594994
v 0.994483 0.107515 -0.595465
v 0.994374 0.068861 -0.594945
v 0.995137 0.0369821 -0.597257
v 0.995198 0.00594635 -0.598704
v 0.994773 -0.0860822 -0.602352
v 0.994236 -0.116255 -0.604708
v 0.994158 -0.136865 -0.605383
v 0.99069 -0.164323 -0.606401
v 0.947487 -0.165464 -0.604932
v 0.912117 -0.16735 -0.602437
v 0.869004 -0.162174 -0.601419
v 0.756796 -0.139031 -0.593983
v 0.73899 -0.133707 -0.593247
v 0.699074 -0.128542 -0.593904
v 0.69542 -0.123915 -0.592272
v 0.632062 -0.123419 -0.594477
v 0.530618 -0.117422 -0.592392
v 0.438873 -0.118094 -0.591759
v 0.356105 -0.137106 -0.593457
v 0.321702 -0.144206 -0.593587
v 0.285331 -0.153274 -0.593313
v 0.232915 -0.137844 -0.592072
v 0.260734 -0.155723 -0.592752
v 0.228254 -0.139082 -0.595465
v 0.228254 -0.139325 -0.600704
v 0.228254 -0.133843 -0.592541
v 0.217664 -0.102273 -0.591164
v 0.254663 -0.0879935 -0.590811
v 0.2274 -0.0756404 -0.588654
v 0.225623 -0.0352448 -0.572482
v 0.223415 -0.0276642 -0.56386
v 0.224551 -0.0115421 -0.567515
v 0.221698 0.0547271 -0.566537
v 0.221375 0.0612025 -0.563022
v 0.222448 0.0735277 -0.564934
v 0.223012 0.0812904 -0.569385
v 0.224078 0.0807151 -0.559806
v 0.223986 0.0986486 -0.565559
v 0.227998 0.134292 -0.563943
v 0.228258 0.149977 -0.566417
v 0.232596 0.170884 -0.565927
v 0.226618 0.159594 -0.56922
v 0.233451 0.200709 -0.569245
v 0.235929 0.19146 -0.56927
v 0.242718 0.208674 -0.583288
v 0.25826 0.199735 -0.584191
v 0.28799 0.206061 -0.589112
v 0.39945 0.243016 -0.590408
v 0.300325 0.247727 -0.584964
v 0.305907 0.24217 -0.590162
v 0.329883 0.236473 -0.543354
v 0.320225 0.236415 -0.537861
v 0.373633 0.241441 -0.526698
v 0.302041 0.242388 -0.521998
v 0.293611 0.242442 -0.517961
v 0.296152 0.242925 -0.484047
v 0.286004 0.240195 -0.348868
v 0.249133 0.243236 -0.369462
v 0.244008 0.244855 -0.335329
v 0.197071 0.244702 -0.348754
v 0.139069 0.244581 -0.390902
v -0.00891893 0.244537 -0.511534
v -0.0664421 0.244408 -0.511511
v 0.0822601 0.240366 -0.518796
v -0.0763278 0.240513 -0.519143
v -0.202836 0.243166 -0.51565
v -0.224809 0.244388 -0.511723
v -0.241021 0.244338 -0.490036
v -0.304928 0.24428 -0.48646
v -0.326633 0.24442 -0.450318
v -0.378605 0.24448 -0.426305
v -0.432741 0.244428 -0.419205
v -0.364602 0.244459 -0.312196
v -0.394757 0.244558 -0.185504
v -0.38089 0.244437 -0.123962
v -0.387279 0.244702 -0.0432961
v -0.375202 0.244703 -0.0340432
v -0.359363 0.244703 -0.0235652
v -0.30186 0.245082 0.0957931
v -0.317691 0.244827 0.0918102
v -0.30791 0.245074 0.114035
v -0.312625 0.244758 0.126583
v -0.317515 0.244762 0.144222
v -0.341491 0.243792 0.133225
v -0.323403 0.244667 0.163103
v -0.313486 0.252936 0.189095
v -0.312212 0.245678 0.254465
v -0.311119 0.245344 0.239473
v -0.302613 0.274979 0.224625
v -0.298769 0.254371 0.205317
v -0.290171 0.280142 0.169777
v -0.287769 0.284224 0.148481
v -0.291209 0.285162 0.144348
v -0.316598 0.284902 0.0855842
v -0.27668 0.28511 0.113955
v -0.265704 0.282759 0.110813
v -0.241912 0.284647 0.0711594
v -0.219128 0.28549 0.0443541
v -0.293815 0.284909 -0.0590501
v -0.319416 0.284909 -0.098388
v -0.299709 0.284909 -0.19607
v -0.0847009 0.284995 -0.240445
v -0.0625321 0.285031 -0.234611
v -0.00131655 0.285031 -0.246587
v 0.0209643 0.285031 -0.236109
v -0.011376 0.285012 -0.294733
v -0.00808431 0.285035 -0.305355
v 0.0538144 0.285031 -0.320709
v 0.0656021 0.285031 -0.306957
v 0.0963962 0.285031 -0.278736
v 0.117889 0.285028 -0.290263
v 0.155637 0.284937 -0.232013
v 0.161163 0.28491 -0.26238
v 0.128204 0.285027 -0.297803
v 0.153541 0.284922 -0.289735
v 0.165264 0.284909 -0.275401
v 0.263007 0.284909 -0.22627
v 0.282684 0.284909 -0.25379
v 0.329225 0.284909 -0.271487
v 0.390905 0.284909 -0.259684
v 0.389595 0.284909 -0.273482
v 0.39156 0.284909 -0.29124
v 0.385011 0.284909 -0.334461
v 0.409241 0.284909 -0.327912
v 0.426923 0.284909 -0.326603
v 0.467769 0.284907 -0.320278
v 0.434863 0.284909 -0.365802
v 0.464856 0.28479 -0.398473
v 0.506284 0.284787 -0.369946
v 0.548973 0.284787 -0.376495
v 0.577787 0.284787 -0.379084
v 0.628958 0.284787 -0.361372
v 0.691917 0.284787 -0.373845
v 0.703111 0.284787 -0.396141
v 0.763027 0.284799 -0.369246
v 0.736509 0.284787 -0.434809
v 0.767334 0.284787 -0.451881
v 0.829193 0.284832 -0.407397
v 0.863143 0.284787 -0.385663
v 0.875585 0.284787 -0.419061
v 0.909833 0.28486 -0.374777
v 0.931249 0.284787 -0.396141
v 0.958876 0.284787 -0.407929
v 0.989 0.284178 -0.422336
v 0.993386 0.280645 -0.464369
v 0.994723 0.271335 -0.484253
v 0.994604 0.264928 -0.501042
v 0.9943 0.249776 -0.513097
v 0.994545 0.274513 -0.511923
v 0.994514 0.274024 -0.545751
v 0.994455 0.261453 -0.567376
v 0.994771 0.109477 -0.601885
v 0.994779 0.083677 -0.595766
v 0.994398 0.0622527 -0.594873
v 0.994668 0.0322478 -0.603055
v 0.994565 0.0122975 -0.60317
v 0.994224 -0.00853326 -0.603232
v 0.994391 -0.0327489 -0.602532
v 0.99441 -0.0536625 -0.602892
v 0.994635 -0.0729459 -0.602768
v 0.994216 -0.0933356 -0.603857
v 0.99291 -0.116423 -0.605919
v 0.98916 -0.141386 -0.607496
v 0.982741 -0.165698 -0.606252
v 0.900272 -0.160289 -0.607177
v 0.871604 -0.159811 -0.605497
v 0.809967 -0.149468 -0.606519
v 0.788717 -0.143676 -0.607171
v 0.776785 -0.143402 -0.606045
v 0.716545 -0.132498 -0.595506
v 0.65949 -0.12759 -0.598537
v 0.59368 -0.122461 -0.595511
v 0.454373 -0.123412 -0.595394
v 0.441576 -0.123964 -0.594591
v 0.412691 -0.123341 -0.592084
v 0.385371 -0.128749 -0.592409
v 0.380427 -0.133843 -0.594978
v 0.375188 -0.133843 -0.594247
v 0.369949 -0.133843 -0.593516
v 0.344862 -0.138435 -0.593227
v 0.314063 -0.147497 -0.595481
v 0.302421 -0.149479 -0.594158
v 0.249758 -0.154238 -0.594734
v 0.241361 -0.151842 -0.5989
v 0.227777 -0.138061 -0.60314
v 0.22226 -0.121896 -0.591691
v 0.215013 -0.115764 -0.594475
v 0.228458 -0.0636756 -0.585815
v 0.228524 -0.0485987 -0.582415
v 0.226674 0.004989 -0.572951
v 0.226583 0.0244293 -0.57703
v 0.222812 0.0719945 -0.570271
v 0.223371 0.0853661 -0.562703
v 0.224886 0.136434 -0.571035
v 0.226846 0.154405 -0.569269
v 0.224123 0.185058 -0.582715
v 0.239023 0.203118 -0.57456
v 0.272099 0.207446 -0.586093
v 0.279091 0.243921 -0.587101
v 0.275145 0.244536 -0.586059
v 0.305059 0.244481 -0.579679
v 0.282799 0.238644 -0.57701
v 0.300671 0.236051 -0.537901
v 0.25976 0.238241 -0.435377
v 0.279569 0.238284 -0.482486
v 0.258764 0.238353 -0.453816
v 0.254448 0.238733 -0.448652
v 0.254448 0.238611 -0.438053
v 0.254328 0.238732 -0.434785
v 0.254448 0.238733 -0.417097
v 0.247522 0.24417 -0.380914
v 0.176738 0.244666 -0.397106
v 0.173959 0.244608 -0.463222
v 0.0803793 0.244556 -0.475866
v 0.061011 0.244521 -0.487206
v 0.0446463 0.244581 -0.51152
v -0.0340601 0.243972 -0.513347
v 0.127305 0.242517 -0.516359
v -0.139431 0.238246 -0.519677
v -0.240123 0.241326 -0.518333
v -0.250864 0.244405 -0.51197
v -0.286469 0.24428 -0.512158
v -0.393364 0.244182 -0.498393
v -0.397456 0.244296 -0.461927
v -0.445462 0.2443 -0.451284
v -0.406636 0.244459 -0.369261
v -0.428901 0.244459 -0.359422
v -0.415804 0.244459 -0.354107
v -0.391563 0.244487 -0.241472
v -0.40626 0.244583 -0.156153
v -0.38963 0.244579 -0.121151
v -0.392602 0.244583 -0.0644525
v -0.354124 0.244703 0.00786853
v -0.339407 0.244449 0.0754263
v -0.32077 0.244713 0.13915
v -0.354518 0.239406 0.128927
v -0.328862 0.245096 0.186009
v -0.317594 0.249514 0.204993
v -0.320288 0.247913 0.224009
v -0.322828 0.247113 0.244134
v -0.307229 0.250435 0.252245
v -0.306449 0.265339 0.253152
v -0.302368 0.25128 0.222413
v -0.296648 0.270935 0.197396
v -0.294751 0.279916 0.187491
v -0.29247 0.275403 0.180747
v -0.296496 0.285153 0.154803
v -0.297695 0.285079 0.137363
v -0.327929 0.284909 0.118009
v -0.331859 0.284909 0.0878846
v -0.319483 0.284865 0.0758727
v -0.270982 0.285157 0.102837
v -0.259978 0.283997 0.0986814
v -0.254805 0.284797 0.0848418
v -0.256316 0.285304 0.0772981
v -0.273874 0.284961 0.0356665
v -0.263361 0.284918 0.00546847
v -0.249223 0.284909 -0.0130873
v -0.330549 0.284909 -0.0262152
v -0.32004 0.284909 -0.0616696
v -0.335788 0.284909 -0.0970326
v -0.338407 0.284909 -0.123958
v -0.333168 0.284909 -0.179714
v -0.320071 0.284909 -0.198065
v -0.311527 0.284909 -0.235454
v -0.299724 0.284909 -0.251171
v -0.29313 0.284909 -0.266918
v -0.155037 0.284938 -0.250185
v -0.110147 0.285031 -0.261649
v -0.0915835 0.284935 -0.254037
v -0.0760936 0.285031 -0.259684
v -0.0544524 0.285031 -0.257065
v -0.0235821 0.285031 -0.25641
v -0.0131042 0.285031 -0.274091
v -0.0026263 0.285031 -0.322673
v 0.0603631 0.285031 -0.327912
v 0.163715 0.284928 -0.311944
v 0.207907 0.284909 -0.264283
v 0.230873 0.284909 -0.257065
v 0.284633 0.284909 -0.292504
v 0.317438 0.284909 -0.291895
v 0.330535 0.284909 -0.34101
v 0.338394 0.284909 -0.351488
v 0.347577 0.284909 -0.365316
v 0.390905 0.284909 -0.354107
v 0.389154 0.284881 -0.396386
v 0.393277 0.28487 -0.412201
v 0.414959 0.284863 -0.413087
v 0.468302 0.284787 -0.42561
v 0.510868 0.284787 -0.407274
v 0.541769 0.284787 -0.407274
v 0.570583 0.284787 -0.411203
v 0.58761 0.284787 -0.39876
v 0.600707 0.284787 -0.385663
v 0.642726 0.284787 -0.37188
v 0.657803 0.284787 -0.417097
v 0.681409 0.284787 -0.421026
v 0.725376 0.284787 -0.389592
v 0.81587 0.284787 -0.469608
v 0.869037 0.284787 -0.443322
v 0.924131 0.28479 -0.41257
v 0.983896 0.284787 -0.419966
v 0.98836 0.284496 -0.469219
v 0.993624 0.280384 -0.490352
v 0.994617 0.275237 -0.502502
v 0.993695 0.280271 -0.499747
v 0.993609 0.280399 -0.506601
v 0.994458 0.276135 -0.526392
v 0.99447 0.275413 -0.542543
v 0.994337 0.253596 -0.582963
v 0.99263 0.245092 -0.593237
v 0.994529 0.217963 -0.59451
v 0.994429 0.192762 -0.593351
v 0.994476 0.176406 -0.593601
v 0.99526 0.171782 -0.597815
v 0.994829 0.161154 -0.594921
v 0.99466 0.130993 -0.602942
v 0.994237 0.123601 -0.603707
v 0.994238 0.107608 -0.603346
v 0.994388 0.0639363 -0.603562
v 0.994063 0.028772 -0.604571
v 0.99183 -0.00112352 -0.605936
v 0.991558 -0.0183417 -0.605943
v 0.991558 -0.0445365 -0.605943
v 0.990723 -0.0699627 -0.606612
v 0.991808 -0.0819995 -0.605942
v 0.982223 -0.158494 -0.607527
v 0.880631 -0.154342 -0.60793
v 0.836326 -0.154772 -0.606432
v 0.776265 -0.136504 -0.607952
v 0.750208 -0.140751 -0.602479
v 0.74537 -0.139487 -0.597602
v 0.531264 -0.122683 -0.598471
v 0.409145 -0.12888 -0.594934
v 0.383108 -0.133843 -0.595465
v 0.361765 -0.139859 -0.599622
v 0.310014 -0.149692 -0.604108
v 0.297671 -0.153504 -0.60051
v 0.259228 -0.159478 -0.600564
v 0.219412 -0.127914 -0.596966
v 0.217776 -0.123243 -0.600704
v 0.215704 -0.118004 -0.595465
v 0.212537 -0.0865701 -0.592176
v 0.213555 -0.0823508 -0.590815
v 0.223015 -0.0445365 -0.58718
v 0.226841 -0.017928 -0.579381
v 0.22671 0.0321751 -0.577497
v 0.225578 0.059101 -0.580094
v 0.224452 0.0826267 -0.579662
v 0.223502 0.0865594 -0.574509
v 0.223875 0.110058 -0.567605
v 0.224428 0.124719 -0.570373
v 0.224222 0.132208 -0.582781
v 0.227915 0.18053 -0.57114
v 0.239828 0.212538 -0.579748
v 0.269366 0.210716 -0.586186
v 0.278408 0.21521 -0.588769
v 0.290276 0.243941 -0.579934
v 0.291033 0.237464 -0.532984
v 0.29308 0.242134 -0.509269
v 0.254614 0.238727 -0.472996
v 0.254448 0.238733 -0.450236
v 0.254327 0.238733 -0.443291
v 0.254448 0.238733 -0.411858
v 0.246116 0.244817 -0.413831
v 0.243965 0.244947 -0.381409
v 0.182574 0.244628 -0.402908
v 0.155907 0.244564 -0.411724
v 0.0680269 0.244565 -0.511554
v 0.107514 0.243972 -0.513469
v 0.108612 0.208926 -0.514036
v -0.356581 0.244214 -0.511739
v -0.397107 0.243915 -0.513204
v -0.42224 0.244269 -0.504681
v -0.45264 0.244234 -0.50615
v -0.461365 0.244288 -0.455718
v -0.47877 0.244278 -0.453461
v -0.474583 0.244362 -0.448483
v -0.438069 0.244459 -0.40138
v -0.422353 0.244459 -0.325293
v -0.464458 0.244513 -0.302469
v -0.467198 0.244532 -0.350998
v -0.406636 0.244581 -0.144305
v -0.444747 0.24458 -0.116511
v -0.455644 0.244423 -0.0776942
v -0.395337 0.244711 0.0215013
v -0.341696 0.244505 0.0588215
v -0.342891 0.244583 0.104948
v -0.351831 0.242341 0.120236
v -0.372323 0.241063 0.124666
v -0.35644 0.237881 0.170655
v -0.348338 0.243964 0.184611
v -0.344726 0.244216 0.171166
v -0.32024 0.248244 0.218617
v -0.322667 0.24734 0.234166
v -0.348165 0.244369 0.248117
v -0.324949 0.246524 0.258312
v -0.318279 0.245509 0.287763
v -0.313389 0.2453 0.259654
v -0.296843 0.28372 0.181202
v -0.289867 0.283374 0.161503
v -0.318813 0.284969 0.145671
v -0.328718 0.284909 0.137915
v -0.352814 0.284909 0.0931235
v -0.370667 0.284903 0.0588421
v -0.281486 0.285013 0.0768425
v -0.333168 0.284909 -0.039404
v -0.370572 0.284909 -0.134452
v -0.4086 0.284909 -0.164606
v -0.375141 0.284909 -0.186262
v -0.342991 0.284909 -0.207264
v -0.361983 0.284909 -0.237419
v -0.344956 0.284909 -0.250516
v -0.337752 0.284909 -0.301718
v -0.333168 0.284909 -0.306957
v -0.333823 0.284909 -0.320709
v -0.270179 0.284909 -0.279422
v -0.239095 0.284909 -0.280491
v -0.206337 0.284958 -0.254762
v -0.127285 0.28503 -0.256344
v -0.102288 0.285031 -0.264923
v -0.120518 0.284922 -0.280566
v -0.0991926 0.284949 -0.291203
v -0.0669255 0.285031 -0.263613
v -0.0472184 0.285031 -0.286001
v -0.0104847 0.285031 -0.344939
v 0.0268581 0.285031 -0.354793
v 0.0629826 0.285031 -0.348868
v 0.152368 0.285031 -0.343463
v 0.217776 0.284909 -0.291864
v 0.215811 0.284909 -0.314815
v 0.262368 0.284909 -0.281356
v 0.330535 0.284909 -0.314815
v 0.282029 0.284909 -0.327912
v 0.281344 0.284909 -0.3699
v 0.322677 0.284909 -0.359346
v 0.373848 0.284909 -0.357427
v 0.404638 0.284885 -0.454355
v 0.480089 0.284787 -0.438053
v 0.526616 0.284787 -0.428884
v 0.608612 0.284787 -0.407929
v 0.596123 0.284787 -0.434793
v 0.683404 0.284787 -0.444023
v 0.717518 0.284787 -0.46041
v 0.7555 0.284787 -0.474847
v 0.775862 0.284787 -0.491874
v 0.827595 0.284822 -0.475097
v 0.813804 0.284816 -0.449443
v 0.884099 0.284787 -0.439393
v 0.907276 0.284791 -0.438309
v 0.952688 0.284803 -0.453687
v 0.983761 0.284787 -0.474847
v 0.988879 0.284206 -0.481747
v 0.993386 0.280645 -0.495803
v 0.992836 0.281756 -0.542163
v 0.994603 0.276345 -0.552924
v 0.994239 0.278086 -0.553553
v 0.994563 0.276255 -0.558062
v 0.994528 0.23348 -0.59567
v 0.994479 0.237132 -0.603258
v 0.994995 0.208501 -0.600648
v 0.99407 0.196611 -0.591219
v 0.994659 0.188505 -0.605443
v 0.994616 0.164924 -0.60481
v 0.992541 0.133844 -0.605938
v 0.992259 0.117346 -0.605959
v 0.994298 0.0845514 -0.603873
v 0.993814 0.0693549 -0.604345
v 0.991806 0.0567424 -0.606271
v 0.989 0.028809 -0.607283
v 0.83525 -0.149487 -0.60788
v 0.750337 -0.133579 -0.607593
v 0.720734 -0.134235 -0.603805
v 0.681162 -0.12866 -0.604036
v 0.629596 -0.12264 -0.605951
v 0.425699 -0.128119 -0.600799
v 0.39188 -0.133604 -0.601073
v 0.334426 -0.144375 -0.603076
v 0.289996 -0.155461 -0.60161
v 0.269313 -0.159914 -0.598484
v 0.280135 -0.154847 -0.60598
v 0.244179 -0.148806 -0.605589
v 0.224346 -0.124794 -0.606746
v 0.219481 -0.118004 -0.605943
v 0.210595 -0.102604 -0.596074
v 0.209916 -0.0792465 -0.595455
v 0.213907 -0.0690953 -0.590008
v 0.211854 -0.0526113 -0.590945
v 0.212659 -0.00786379 -0.590226
v 0.227071 -0.0396574 -0.584085
v 0.226258 -0.00561348 -0.582777
v 0.224005 0.0222912 -0.585367
v 0.224376 0.0881094 -0.581907
v 0.224317 0.114745 -0.579815
v 0.223258 0.112754 -0.584987
v 0.223258 0.128593 -0.584987
v 0.223325 0.132317 -0.585124
v 0.223205 0.197852 -0.584044
v 0.233632 0.218501 -0.571561
v 0.24194 0.226205 -0.587095
v 0.284992 0.235635 -0.572286
v 0.265458 0.234685 -0.570353
v 0.249035 0.243207 -0.415756
v 0.18622 0.244703 -0.422336
v 0.11923 0.244584 -0.511455
v 0.165661 0.202975 -0.516227
v 0.150493 0.199597 -0.51817
v 0.128591 0.20206 -0.515175
v 0.0143537 0.202063 -0.514993
v -0.0868803 0.201586 -0.514741
v -0.104319 0.210208 -0.515478
v -0.118713 0.187734 -0.512837
v -0.267383 0.196166 -0.512773
v -0.32667 0.214198 -0.514603
v -0.374054 0.241644 -0.516552
v -0.464386 0.243972 -0.51152
v -0.459147 0.243972 -0.51152
v -0.515722 0.244206 -0.5073
v -0.491516 0.244503 -0.406614
v -0.450043 0.244458 -0.344381
v -0.479576 0.244581 -0.343132
v -0.539102 0.244581 -0.335771
v -0.474508 0.244564 -0.239207
v -0.482068 0.244581 -0.202665
v -0.474834 0.244581 -0.174429
v -0.472245 0.244581 -0.156093
v -0.46507 0.244579 -0.111415
v -0.452745 0.244493 -0.0877724
v -0.452571 0.244677 -0.0432523
v -0.421166 0.244712 0.0356851
v -0.366667 0.244276 0.115236
v -0.37463 0.240043 0.131818
v -0.368502 0.238869 0.161942
v -0.35029 0.243819 0.20736
v -0.338407 0.245312 0.228271
v -0.317379 0.245143 0.277912
v -0.311448 0.249643 0.284462
v -0.313659 0.274648 0.318206
v -0.311851 0.27503 0.295741
v -0.307177 0.279865 0.249465
v -0.308565 0.282669 0.244208
v -0.312467 0.284767 0.240081
v -0.301367 0.284887 0.182838
v -0.31058 0.285035 0.168384
v -0.333168 0.284909 0.154803
v -0.37324 0.284839 0.105574
v -0.359363 0.284909 0.055141
v -0.333168 0.284909 0.055141
v -0.293659 0.284908 0.0320147
v -0.359394 0.284909 -0.0505063
v -0.380395 0.284909 -0.112795
v -0.410565 0.284909 -0.135106
v -0.427592 0.284909 -0.154783
v -0.414494 0.284909 -0.195431
v -0.344956 0.284909 -0.278097
v -0.367252 0.284909 -0.310886
v -0.359363 0.284909 -0.317435
v -0.337098 0.284909 -0.348213
v -0.348885 0.284909 -0.347559
v -0.306974 0.284909 -0.330532
v -0.292475 0.284909 -0.291179
v -0.196712 0.284909 -0.259684
v -0.159406 0.284954 -0.280361
v -0.0511629 0.285031 -0.308921
v -0.0734741 0.285031 -0.37188
v -0.0235822 0.285031 -0.317435
v 0.00261268 0.285031 -0.365316
v 0.0157101 0.285031 -0.369946
v 0.0373665 0.285031 -0.373875
v 0.0832836 0.285031 -0.369885
v 0.115372 0.285031 -0.321364
v 0.128591 0.285031 -0.352828
v 0.165264 0.284909 -0.348868
v 0.196698 0.284909 -0.348868
v 0.272388 0.284905 -0.41294
v 0.283567 0.284906 -0.406203
v 0.30827 0.284909 -0.387628
v 0.356776 0.284909 -0.396796
v 0.343633 0.284909 -0.448652
v 0.370595 0.284839 -0.434192
v 0.373459 0.284937 -0.470025
v 0.454616 0.28483 -0.437403
v 0.44908 0.28492 -0.461115
v 0.459134 0.284787 -0.45913
v 0.498426 0.284787 -0.445972
v 0.591539 0.284787 -0.449932
v 0.616516 0.284787 -0.451241
v 0.704421 0.284787 -0.51417
v 0.747642 0.284787 -0.504971
v 0.842065 0.284787 -0.469608
v 0.92627 0.284896 -0.461439
v 0.903084 0.284826 -0.497282
v 0.922314 0.284922 -0.497538
v 0.983851 0.284775 -0.485532
v 0.991166 0.283063 -0.514687
v 0.993508 0.280645 -0.553553
v 0.992057 0.28337 -0.559436
v 0.994242 0.278512 -0.573284
v 0.994627 0.279827 -0.594247
v 0.994385 0.245347 -0.597385
v 0.994239 0.217777 -0.605699
v 0.994239 0.212538 -0.605943
v 0.994239 0.21266 -0.605943
v 0.994239 0.207299 -0.605943
v 0.994239 0.196699 -0.605943
v 0.992912 0.15025 -0.605944
v 0.98898 0.148685 -0.607647
v 0.989 0.128593 -0.607527
v 0.981526 0.0550209 -0.607781
v 0.81575 -0.144658 -0.607954
v 0.708361 -0.128848 -0.606638
v 0.456852 -0.124076 -0.603235
v 0.421282 -0.124437 -0.606617
v 0.375183 -0.133842 -0.60619
v 0.355357 -0.137439 -0.606098
v 0.34012 -0.135544 -0.607886
v 0.327762 -0.142968 -0.606316
v 0.253172 -0.15619 -0.604536
v 0.249524 -0.149245 -0.607334
v 0.214146 -0.103529 -0.606065
v 0.212671 -0.110474 -0.602252
v 0.209748 -0.082027 -0.600697
v 0.208962 -0.0604622 -0.598024
v 0.212537 -0.0235807 -0.590348
v 0.212537 -0.0183417 -0.590348
v 0.212537 -0.0131027 -0.590348
v 0.212537 -0.00786379 -0.590348
v 0.212537 0.00261414 -0.590348
v 0.223015 -0.0183417 -0.586693
v 0.224293 0.0265216 -0.585312
v 0.223029 0.0688039 -0.586198
v 0.223412 0.079452 -0.585283
v 0.223015 0.107515 -0.585353
v 0.212728 0.176343 -0.5902
v 0.228016 0.220817 -0.575415
v 0.235501 0.22759 -0.574457
v 0.23727 0.228255 -0.579748
v 0.243663 0.232099 -0.589929
v 0.270165 0.238733 -0.577555
v 0.254047 0.234456 -0.57047
v 0.281603 0.23676 -0.527263
v 0.253763 0.239337 -0.483534
v 0.249043 0.243373 -0.452687
v 0.244376 0.245032 -0.458594
v 0.244501 0.245022 -0.415709
v 0.212537 0.244703 -0.422336
v 0.1499 0.244577 -0.493355
v 0.164169 0.244669 -0.512104
v 0.165713 0.201855 -0.523141
v 0.115751 0.199011 -0.522028
v -0.102404 0.201602 -0.516517
v -0.103442 0.198943 -0.521948
v -0.109154 0.19897 -0.515186
v -0.123244 0.182323 -0.516759
v -0.178859 0.186629 -0.514281
v -0.244582 0.190389 -0.513455
v -0.313298 0.195158 -0.513021
v -0.428997 0.223135 -0.515594
v -0.375202 0.238733 -0.518465
v -0.453786 0.243972 -0.51152
v -0.462924 0.243972 -0.51152
v -0.480103 0.243972 -0.51152
v -0.482618 0.242184 -0.514689
v -0.534379 0.244043 -0.510902
v -0.513511 0.244327 -0.467047
v -0.516753 0.244417 -0.447487
v -0.516724 0.24446 -0.430507
v -0.541097 0.244581 -0.373205
v -0.605825 0.24458 -0.390768
v -0.627045 0.24446 -0.398001
v -0.624776 0.244464 -0.387783
v -0.587624 0.244581 -0.333151
v -0.560119 0.244581 -0.282665
v -0.542377 0.244581 -0.299068
v -0.527254 0.244581 -0.261009
v -0.529919 0.244581 -0.160022
v -0.37193 0.244454 0.100031
v -0.345093 0.244839 0.274001
v -0.338324 0.245271 0.332494
v -0.318905 0.245245 0.305565
v -0.317451 0.245434 0.296499
v -0.31458 0.261444 0.332067
v -0.311489 0.280622 0.281715
v -0.313321 0.283943 0.271408
v -0.307015 0.283738 0.230309
v -0.303331 0.28273 0.214875
v -0.303318 0.284304 0.202019
v -0.306827 0.285012 0.194737
v -0.345611 0.284909 0.138431
v -0.379616 0.284908 0.119176
v -0.406636 0.284787 0.0918138
v -0.411875 0.284787 0.0780615
v -0.386737 0.284799 0.0486229
v -0.35152 0.284909 -0.0143971
v -0.389609 0.284909 -0.0485722
v -0.392229 0.284909 -0.0806608
v -0.438069 0.284909 -0.150854
v -0.463046 0.284909 -0.177049
v -0.43676 0.284909 -0.220392
v -0.424317 0.284909 -0.222356
v -0.388924 0.284909 -0.226941
v -0.366597 0.284909 -0.354153
v -0.308283 0.284909 -0.343629
v -0.243984 0.284909 -0.29124
v -0.150455 0.284978 -0.297607
v -0.12658 0.285031 -0.335116
v -0.0969736 0.285028 -0.370196
v 0.0800092 0.285031 -0.40138
v 0.118692 0.285031 -0.390247
v 0.167198 0.284952 -0.352499
v 0.182946 0.284909 -0.370601
v 0.219055 0.284909 -0.351533
v 0.24397 0.284909 -0.34232
v 0.262307 0.284909 -0.355447
v 0.240041 0.284909 -0.377804
v 0.248555 0.284909 -0.404654
v 0.251474 0.284906 -0.438527
v 0.287837 0.284805 -0.43028
v 0.317438 0.284909 -0.396141
v 0.378371 0.284816 -0.480694
v 0.400955 0.284838 -0.477875
v 0.425863 0.284888 -0.485336
v 0.453741 0.284829 -0.491109
v 0.513533 0.284787 -0.459755
v 0.556176 0.284787 -0.438113
v 0.584336 0.284787 -0.522028
v 0.576492 0.284787 -0.491219
v 0.647325 0.284787 -0.471573
v 0.667626 0.284787 -0.508246
v 0.70835 0.284787 -0.537151
v 0.70966 0.284787 -0.531288
v 0.758805 0.284787 -0.522698
v 0.799265 0.284798 -0.544788
v 0.847304 0.284787 -0.485325
v 0.865036 0.284838 -0.53292
v 0.89633 0.284809 -0.521018
v 0.92559 0.284798 -0.514876
v 0.987877 0.284612 -0.493211
v 0.990749 0.283987 -0.550077
v 0.993962 0.280476 -0.584342
v 0.994678 0.276682 -0.579465
v 0.993716 0.273682 -0.60756
v 0.992053 0.243897 -0.605957
v 0.989 0.212538 -0.608136
v 0.988614 0.198532 -0.608153
v 0.61491 -0.118464 -0.607339
v 0.432111 -0.118458 -0.607453
v 0.394802 -0.12911 -0.606723
v 0.305478 -0.14218 -0.607922
v 0.293236 -0.150344 -0.606834
v 0.265188 -0.155606 -0.606865
v 0.223926 -0.111831 -0.608348
v 0.212554 -0.0709056 -0.605848
v 0.210568 -0.0694367 -0.603813
v 0.212554 -0.0603031 -0.605844
v 0.208817 -0.0362483 -0.598762
v 0.210095 -0.0234921 -0.593381
v 0.21078 0.0257737 -0.591897
v 0.212537 0.0446477 -0.590714
v 0.212537 0.0498866 -0.590835
v 0.212537 0.0551256 -0.590835
v 0.212537 0.0603646 -0.590835
v 0.212537 0.0656035 -0.590835
v 0.212537 0.0708425 -0.590714
v 0.217776 0.133832 -0.588642
v 0.22344 0.143269 -0.58539
v 0.222819 0.156661 -0.585923
v 0.212691 0.149261 -0.590425
v 0.212537 0.165266 -0.59047
v 0.218317 0.199055 -0.58694
v 0.221382 0.204811 -0.585875
v 0.223387 0.212462 -0.585007
v 0.233493 0.232032 -0.579748
v 0.233493 0.233494 -0.584987
v 0.238732 0.233494 -0.58913
v 0.238656 0.241931 -0.590269
v 0.251176 0.233428 -0.563178
v 0.252425 0.239127 -0.519234
v 0.249209 0.241413 -0.51152
v 0.253676 0.238571 -0.500414
v 0.174912 0.244652 -0.491743
v 0.163695 0.242427 -0.51675
v 0.165153 0.2385 -0.5194
v 0.132298 0.202041 -0.525824
v 0.0456489 0.198225 -0.519922
v -0.0572043 0.199359 -0.516779
v -0.0844865 0.197779 -0.521984
v -0.107181 0.195272 -0.520626
v -0.112906 0.183634 -0.518327
v -0.114926 0.181196 -0.520677
v -0.206953 0.183896 -0.518989
v -0.371336 0.198357 -0.513215
v -0.411875 0.207299 -0.513469
v -0.423012 0.202999 -0.513416
v -0.473277 0.208712 -0.513542
v -0.553273 0.229077 -0.515842
v -0.5494 0.219482 -0.514471
v -0.431764 0.238353 -0.518262
v -0.524864 0.244567 -0.391761
v -0.563898 0.244575 -0.411277
v -0.594207 0.244534 -0.407813
v -0.603537 0.24446 -0.410648
v -0.66962 0.244457 -0.403099
v -0.663792 0.244533 -0.379816
v -0.692056 0.244503 -0.382569
v -0.632729 0.244567 -0.380078
v -0.617692 0.244577 -0.363004
v -0.595882 0.244574 -0.31964
v -0.610492 0.244575 -0.262002
v -0.569287 0.244581 -0.263644
v -0.543686 0.244581 -0.239383
v -0.548331 0.244581 -0.233489
v -0.534457 0.244581 -0.217772
v -0.531883 0.244581 -0.20399
v -0.524649 0.244581 -0.138411
v -0.484068 0.24464 -0.0538256
v -0.502233 0.244703 -0.0242459
v -0.480088 0.244703 0.0203111
v -0.519395 0.244703 0.0137624
v -0.481811 0.244686 0.0712945
v -0.434104 0.244631 0.0898021
v -0.385824 0.244435 0.124275
v -0.38891 0.244496 0.129384
v -0.381417 0.243985 0.169752
v -0.369653 0.23841 0.181555
v -0.359651 0.237553 0.203897
v -0.343935 0.24431 0.304552
v -0.342919 0.240644 0.368251
v -0.338267 0.244639 0.361493
v -0.318144 0.245631 0.313001
v -0.314406 0.25445 0.327933
v -0.314966 0.274715 0.365906
v -0.314753 0.278885 0.327394
v -0.317535 0.282763 0.3308
v -0.316992 0.282493 0.329467
v -0.317213 0.284845 0.280588
v -0.312357 0.28491 0.20189
v -0.348886 0.284932 0.169939
v -0.441497 0.284804 0.074581
v -0.44453 0.284837 0.0633765
v -0.408694 0.284785 0.025762
v -0.419967 0.284775 -0.00965952
v -0.401544 0.284864 0.00748811
v -0.39187 0.284906 -0.0151908
v -0.458462 0.284909 -0.139066
v -0.483377 0.284909 -0.209229
v -0.456467 0.284909 -0.258374
v -0.423007 0.284909 -0.266263
v -0.430211 0.284909 -0.308906
v -0.423678 0.284909 -0.330532
v -0.444618 0.284909 -0.363336
v -0.410565 0.284909 -0.368591
v -0.372521 0.284909 -0.337081
v -0.380441 0.284909 -0.40138
v -0.335788 0.284909 -0.363367
v -0.297775 0.284909 -0.355478
v -0.222067 0.284936 -0.335204
v -0.176352 0.285008 -0.319819
v -0.171343 0.285073 -0.324443
v -0.148862 0.285028 -0.335215
v -0.102288 0.285031 -0.33839
v -0.0970495 0.285031 -0.369946
v -0.111457 0.284909 -0.39876
v -0.119315 0.284909 -0.409238
v -0.0868502 0.284978 -0.405706
v -0.0656157 0.285031 -0.406619
v -0.044538 0.285031 -0.40138
v -0.0168186 0.28499 -0.431829
v 0.0662569 0.285031 -0.4243
v 0.123353 0.285031 -0.40138
v 0.156457 0.284964 -0.408846
v 0.133005 0.285049 -0.396712
v 0.217121 0.284909 -0.409238
v 0.275246 0.284902 -0.438998
v 0.300704 0.284879 -0.444573
v 0.363782 0.284904 -0.408216
v 0.335774 0.284909 -0.456511
v 0.375247 0.284877 -0.499741
v 0.572548 0.284787 -0.454516
v 0.574513 0.284787 -0.480086
v 0.561415 0.284787 -0.529978
v 0.58499 0.284787 -0.535217
v 0.602017 0.284787 -0.516789
v 0.630953 0.284787 -0.512845
v 0.681627 0.284773 -0.529824
v 0.679414 0.284787 -0.543076
v 0.716819 0.284772 -0.547894
v 0.779198 0.284787 -0.564031
v 0.803101 0.284812 -0.548651
v 0.875912 0.284906 -0.542399
v 0.993763 0.280821 -0.605246
v 0.994117 0.272042 -0.605935
v 0.994115 0.264471 -0.60557
v 0.991293 0.244171 -0.607234
v 0.983041 0.166785 -0.60803
v 0.888194 0.0332031 -0.607756
v 0.710846 -0.123444 -0.607861
v 0.630029 -0.0148875 -0.60778
v 0.217776 -0.091809 -0.607771
v 0.212659 -0.0498973 -0.605943
v 0.212537 -0.0445365 -0.605943
v 0.212537 -0.0392976 -0.605943
v 0.209369 -0.0340586 -0.600704
v 0.209713 0.00655257 -0.602587
v 0.209247 0.0130921 -0.600704
v 0.209609 0.0330641 -0.595479
v 0.209132 0.0609172 -0.597108
v 0.212537 0.0760815 -0.590714
v 0.212537 0.0865594 -0.590714
v 0.211581 0.133492 -0.591374
v 0.22556 0.23004 -0.585084
v 0.228254 0.232276 -0.584987
v 0.257617 0.24469 -0.583089
v 0.255855 0.236182 -0.527946
v 0.173942 0.244254 -0.516987
v 0.170757 0.22919 -0.520423
v 0.170313 0.21441 -0.519189
v 0.0769141 0.203097 -0.527177
v -0.0751473 0.201832 -0.527371
v -0.10469 0.202694 -0.527473
v -0.115197 0.186961 -0.526947
v -0.154765 0.186078 -0.526728
v -0.228628 0.184854 -0.519327
v -0.261098 0.187598 -0.522082
v -0.323034 0.189956 -0.518989
v -0.32269 0.191217 -0.516759
v -0.397098 0.195899 -0.516634
v -0.396158 0.196699 -0.515662
v -0.473364 0.207194 -0.513739
v -0.532385 0.212864 -0.515154
v -0.584697 0.225049 -0.515587
v -0.588141 0.23813 -0.515569
v -0.550548 0.243869 -0.510992
v -0.558867 0.244186 -0.494255
v -0.580572 0.244344 -0.467023
v -0.564463 0.244466 -0.41524
v -0.654665 0.244412 -0.459716
v -0.679427 0.244459 -0.443291
v -0.658471 0.244459 -0.438053
v -0.700383 0.244459 -0.422336
v -0.752895 0.244459 -0.432814
v -0.747656 0.244459 -0.396141
v -0.703967 0.244463 -0.37942
v -0.692615 0.244572 -0.358202
v -0.695144 0.244581 -0.33839
v -0.627626 0.244558 -0.319805
v -0.63104 0.244515 -0.290944
v -0.619028 0.244564 -0.263338
v -0.543031 0.244581 -0.184907
v -0.558809 0.244581 -0.144305
v -0.527963 0.244702 -0.0283805
v -0.532493 0.244703 0.0131075
v -0.54253 0.244597 0.0349467
v -0.530764 0.244699 0.0463635
v -0.4181 0.244508 0.129538
v -0.385819 0.244358 0.165697
v -0.378585 0.243721 0.195798
v -0.37008 0.238489 0.233406
v -0.356381 0.236828 0.252303
v -0.348835 0.238281 0.33331
v -0.314218 0.250578 0.318753
v -0.314922 0.277983 0.381121
v -0.317002 0.28177 0.367605
v -0.316233 0.280645 0.364605
v -0.316731 0.281369 0.350158
v -0.322437 0.28493 0.318135
v -0.316067 0.283926 0.312555
v -0.32269 0.284909 0.28066
v -0.338407 0.284909 0.212554
v -0.369872 0.284909 0.186237
v -0.377597 0.28491 0.155195
v -0.478905 0.284818 0.0451765
v -0.480596 0.284903 -0.0185438
v -0.511537 0.284909 -0.0498819
v -0.486652 0.284909 -0.0773865
v -0.503678 0.284909 -0.0734572
v -0.454472 0.284909 -0.0472624
v -0.433761 0.284907 -0.0357877
v -0.411875 0.284787 -0.0235652
v -0.411571 0.284907 -0.034689
v -0.420388 0.284909 -0.0937887
v -0.507608 0.284909 -0.219707
v -0.536452 0.284909 -0.257065
v -0.501059 0.284909 -0.242657
v -0.475519 0.284909 -0.241348
v -0.461772 0.284908 -0.352855
v -0.459618 0.284897 -0.381144
v -0.451132 0.28489 -0.397918
v -0.389609 0.284909 -0.378459
v -0.327275 0.284909 -0.380424
v -0.22239 0.284906 -0.307815
v -0.215984 0.284956 -0.330977
v -0.217789 0.284909 -0.354107
v -0.170517 0.284909 -0.348868
v -0.101991 0.285 -0.37538
v -0.1548 0.284909 -0.385663
v -0.128605 0.284909 -0.432814
v -0.112766 0.284909 -0.420371
v -0.0805772 0.28491 -0.431314
v -0.039299 0.284909 -0.45913
v 0.0264515 0.28498 -0.440979
v 0.0682216 0.285031 -0.427575
v 0.085903 0.285031 -0.419061
v 0.189525 0.284909 -0.406619
v 0.227583 0.284909 -0.447297
v 0.254448 0.284909 -0.46175
v 0.258378 0.284909 -0.455201
v 0.317438 0.284909 -0.474847
v 0.321367 0.284909 -0.487945
v 0.344942 0.284909 -0.474847
v 0.348872 0.284909 -0.495803
v 0.433254 0.284791 -0.524202
v 0.448656 0.284787 -0.516759
v 0.485328 0.284787 -0.495803
v 0.50368 0.284787 -0.501042
v 0.543079 0.284787 -0.490564
v 0.480675 0.284799 -0.535156
v 0.485328 0.284787 -0.558792
v 0.53388 0.284787 -0.535217
v 0.556176 0.284787 -0.523368
v 0.555253 0.284899 -0.601158
v 0.657348 0.284717 -0.55561
v 0.772877 0.284822 -0.592606
v 0.769892 0.284913 -0.600899
v 0.816075 0.284947 -0.582303
v 0.835983 0.284936 -0.600955
v 0.888806 0.284888 -0.5641
v 0.937305 0.284844 -0.54897
v 0.915168 0.285016 -0.600682
v 0.927515 0.28489 -0.601096
v 0.982516 0.241107 -0.608698
v 0.855041 0.165137 -0.608037
v 0.746214 -0.0887585 -0.607874
v 0.449744 -0.104133 -0.607929
v 0.380622 -0.129345 -0.607659
v 0.298881 -0.0822798 -0.607836
v 0.217776 -0.0551363 -0.607649
v 0.209248 0.0336474 -0.600686
v 0.20952 0.0521775 -0.602334
v 0.21028 0.0575129 -0.604097
v 0.208852 0.0870177 -0.598824
v 0.211535 0.0917104 -0.591459
v 0.208629 0.115826 -0.598409
v 0.209125 0.123354 -0.600704
v 0.209209 0.170337 -0.600727
v 0.2101 0.175744 -0.595465
v 0.211489 0.205541 -0.592785
v 0.22212 0.233515 -0.590085
v 0.230959 0.244927 -0.585356
v 0.242228 0.243488 -0.576708
v 0.23816 0.240743 -0.569331
v 0.239584 0.239109 -0.558796
v 0.247636 0.235775 -0.540783
v 0.246724 0.237839 -0.532656
v 0.24476 0.24214 -0.527177
v 0.242998 0.245306 -0.517431
v 0.236227 0.24497 -0.493963
v 0.182524 0.244659 -0.519842
v 0.172705 0.230145 -0.527241
v 0.170714 0.210152 -0.524007
v 0.163968 0.207784 -0.527866
v 0.162894 0.239847 -0.535681
v 0.0140027 0.218755 -0.53149
v -0.100753 0.20667 -0.529268
v -0.0928305 0.237248 -0.537044
v -0.111245 0.205074 -0.530732
v -0.21086 0.190916 -0.526986
v -0.456775 0.20171 -0.515579
v -0.503946 0.207157 -0.515257
v -0.51586 0.207494 -0.516769
v -0.553572 0.214331 -0.516166
v -0.571385 0.218954 -0.516156
v -0.606044 0.243859 -0.505362
v -0.60814 0.24438 -0.447614
v -0.645523 0.244265 -0.484217
v -0.706993 0.244459 -0.443322
v -0.731939 0.244459 -0.506281
v -0.757968 0.244459 -0.452577
v -0.787862 0.244386 -0.458484
v -0.821444 0.244114 -0.467369
v -0.829889 0.243029 -0.457973
v -0.825326 0.243539 -0.446461
v -0.742417 0.244459 -0.369946
v -0.650563 0.244591 -0.286045
v -0.694071 0.244575 -0.298899
v -0.650613 0.244581 -0.272782
v -0.622579 0.244443 -0.275978
v -0.584349 0.244581 -0.223621
v -0.600721 0.244581 -0.196725
v -0.548944 0.244487 -0.130119
v -0.547188 0.24459 -0.100542
v -0.542703 0.244514 -0.076743
v -0.511974 0.244588 -0.0639002
v -0.556644 0.244571 -0.0357425
v -0.554627 0.244652 -3.62667e-05
v -0.460264 0.244644 0.0881073
v -0.406612 0.244524 0.1758
v -0.399045 0.24449 0.17776
v -0.380919 0.244383 0.225326
v -0.37549 0.242813 0.255597
v -0.36557 0.236795 0.249197
v -0.336396 0.244184 0.392619
v -0.320021 0.245375 0.400016
v -0.317542 0.247641 0.350373
v -0.315552 0.251146 0.348382
v -0.314751 0.256326 0.379846
v -0.314022 0.254144 0.404461
v -0.313918 0.270167 0.396161
v -0.342337 0.284909 0.275421
v -0.352814 0.284909 0.263634
v -0.397295 0.284909 0.171492
v -0.413956 0.284794 0.127511
v -0.473576 0.284786 0.0654674
v -0.49542 0.28488 0.0387228
v -0.450015 0.284796 0.0233279
v -0.482115 0.284856 -0.00976019
v -0.453786 0.284909 -0.0655988
v -0.472229 0.284909 -0.11278
v -0.489271 0.284909 -0.150199
v -0.523979 0.284909 -0.207888
v -0.540412 0.284909 -0.231525
v -0.561429 0.284909 -0.280061
v -0.507608 0.284909 -0.285986
v -0.491236 0.284909 -0.297788
v -0.517431 0.284909 -0.341665
v -0.49574 0.284909 -0.354938
v -0.48327 0.284753 -0.39968
v -0.412994 0.284904 -0.395777
v -0.360701 0.284838 -0.427014
v -0.327929 0.284909 -0.406619
v -0.314037 0.284909 -0.394725
v -0.238745 0.284909 -0.359346
v -0.235471 0.284909 -0.377804
v -0.186234 0.284909 -0.359346
v -0.157566 0.284959 -0.364634
v -0.142342 0.284909 -0.406619
v -0.165933 0.284909 -0.458445
v -0.123275 0.284909 -0.462405
v -0.128605 0.284909 -0.474847
v -0.111472 0.284909 -0.481396
v -0.0487726 0.285025 -0.430332
v -0.0418739 0.284955 -0.454847
v 0.0292599 0.28501 -0.444556
v 0.0973038 0.285017 -0.430177
v 0.0949365 0.284959 -0.439902
v 0.146928 0.284909 -0.446002
v 0.171813 0.284909 -0.452566
v 0.24275 0.284908 -0.485533
v 0.250992 0.284909 -0.478351
v 0.285715 0.284926 -0.46133
v 0.299395 0.284789 -0.522078
v 0.318598 0.284872 -0.520467
v 0.36308 0.284796 -0.50717
v 0.37912 0.284867 -0.570517
v 0.402675 0.284848 -0.569947
v 0.438056 0.284909 -0.564031
v 0.464843 0.284822 -0.536623
v 0.468962 0.28492 -0.565201
v 0.522001 0.284787 -0.553553
v 0.52724 0.284787 -0.56927
v 0.532601 0.284787 -0.579748
v 0.548447 0.284823 -0.58363
v 0.661455 0.284762 -0.572273
v 0.690389 0.284986 -0.60086
v 0.757738 0.285048 -0.600638
v 0.787692 0.284829 -0.603355
v 0.85332 0.284959 -0.600871
v 0.914014 0.28356 -0.605847
v 0.988265 0.284495 -0.603488
v 0.985564 0.280448 -0.609692
v 0.664066 0.186673 -0.608251
v 0.519792 0.168611 -0.608143
v 0.614995 0.104014 -0.607765
v 0.51096 0.0355025 -0.607801
v 0.218464 0.026769 -0.607763
v 0.212342 0.0495238 -0.60614
v 0.211928 0.0865594 -0.605943
v 0.211928 0.0970373 -0.605943
v 0.211928 0.102276 -0.605943
v 0.211928 0.107515 -0.605943
v 0.211928 0.112754 -0.605943
v 0.208483 0.13077 -0.599203
v 0.211806 0.139071 -0.605943
v 0.211806 0.160027 -0.605943
v 0.209862 0.207005 -0.603848
v 0.209734 0.217777 -0.600704
v 0.211451 0.223432 -0.595013
v 0.223733 0.238193 -0.591642
v 0.230548 0.239108 -0.590182
v 0.238931 0.243686 -0.531261
v 0.222171 0.244405 -0.529008
v 0.17494 0.241045 -0.525978
v 0.165264 0.228255 -0.532476
v -0.117555 0.205971 -0.530882
v -0.288018 0.193374 -0.52634
v -0.395001 0.195749 -0.522836
v -0.43766 0.198963 -0.523331
v -0.490657 0.202425 -0.519768
v -0.500739 0.205498 -0.524296
v -0.553501 0.212251 -0.523181
v -0.581801 0.218871 -0.519331
v -0.600721 0.233494 -0.515297
v -0.619866 0.241969 -0.511293
v -0.621826 0.243841 -0.506315
v -0.609939 0.244151 -0.481922
v -0.691982 0.24446 -0.495793
v -0.694554 0.244459 -0.474089
v -0.838099 0.241175 -0.473388
v -0.823162 0.243138 -0.433096
v -0.810708 0.244132 -0.391767
v -0.757578 0.244382 -0.37865
v -0.732739 0.244478 -0.351946
v -0.694647 0.244536 -0.297502
v -0.642755 0.244581 -0.259684
v -0.590898 0.244581 -0.166571
v -0.561988 0.244538 -0.0494469
v -0.584116 0.24466 -0.0130236
v -0.631737 0.244521 -0.0288035
v -0.628 0.244607 0.00462055
v -0.564137 0.244623 0.0479433
v -0.505308 0.244717 0.101574
v -0.488838 0.244602 0.123044
v -0.489379 0.244725 0.145291
v -0.368849 0.237662 0.25536
v -0.363012 0.236181 0.285452
v -0.363393 0.236557 0.291464
v -0.365399 0.237893 0.308282
v -0.352987 0.235888 0.362865
v -0.346384 0.235161 0.426194
v -0.341071 0.238416 0.450377
v -0.331758 0.245039 0.431656
v -0.316746 0.247616 0.375836
v -0.31237 0.250136 0.454842
v -0.313205 0.267834 0.409415
v -0.31874 0.284421 0.411074
v -0.32269 0.284787 0.354127
v -0.359618 0.284911 0.341478
v -0.343007 0.284909 0.305637
v -0.369902 0.284909 0.236129
v -0.37974 0.284909 0.266908
v -0.402721 0.28491 0.189742
v -0.422 0.284843 0.184132
v -0.429443 0.284761 0.152084
v -0.482968 0.28484 0.0778914
v -0.500028 0.284905 0.0205918
v -0.545681 0.284909 -0.0255755
v -0.545042 0.284909 -0.11875
v -0.519395 0.284909 -0.16788
v -0.518101 0.284909 -0.181648
v -0.540412 0.284909 -0.211224
v -0.555535 0.284909 -0.226941
v -0.566668 0.284909 -0.255755
v -0.567977 0.284909 -0.301718
v -0.558809 0.284909 -0.348868
v -0.517084 0.284804 -0.390233
v -0.243706 0.28491 -0.40794
v -0.206419 0.284913 -0.459281
v -0.182546 0.284909 -0.44071
v -0.198259 0.284894 -0.477268
v -0.191473 0.284909 -0.501042
v -0.196712 0.284909 -0.521998
v -0.146941 0.284909 -0.487945
v -0.141048 0.284909 -0.465024
v -0.0760936 0.284909 -0.438053
v -0.0603767 0.284909 -0.45913
v -0.00393604 0.284909 -0.477467
v 0.0455706 0.28497 -0.47418
v 0.0599495 0.285 -0.466589
v 0.161335 0.284909 -0.471573
v 0.163954 0.284909 -0.504362
v 0.270347 0.28491 -0.533389
v 0.330114 0.284885 -0.589295
v 0.414178 0.284806 -0.59061
v 0.458301 0.28486 -0.571573
v 0.46803 0.284864 -0.574802
v 0.505519 0.284801 -0.580353
v 0.501889 0.284783 -0.589923
v 0.453895 0.285019 -0.60074
v 0.524668 0.285133 -0.600837
v 0.626537 0.284947 -0.600903
v 0.636258 0.28501 -0.600787
v 0.632263 0.283691 -0.605943
v 0.642741 0.283691 -0.605943
v 0.674175 0.283691 -0.605943
v 0.679414 0.283691 -0.605943
v 0.821109 0.283691 -0.605943
v 0.957566 0.280645 -0.608623
v 0.860106 0.273874 -0.610009
v 0.67191 0.27171 -0.610259
v 0.680547 0.237595 -0.608984
v 0.217713 0.0449909 -0.607747
v 0.212537 0.0708425 -0.60643
v 0.212537 0.123354 -0.606552
v 0.212537 0.139071 -0.606552
v 0.212701 0.16576 -0.60686
v 0.211806 0.175744 -0.605943
v 0.211944 0.238981 -0.604094
v 0.231361 0.242164 -0.557523
v 0.238199 0.243673 -0.534147
v 0.237561 0.244541 -0.528179
v 0.205088 0.244531 -0.528188
v 0.171559 0.241241 -0.533148
v 0.105616 0.239244 -0.536532
v 0.0457267 0.243607 -0.540034
v -0.0207651 0.240135 -0.537044
v -0.081225 0.241965 -0.53903
v -0.327362 0.195936 -0.526751
v -0.398865 0.20202 -0.527096
v -0.595576 0.226866 -0.516245
v -0.604805 0.228717 -0.517023
v -0.632277 0.244094 -0.506281
v -0.707806 0.244965 -0.521336
v -0.791939 0.244491 -0.513126
v -0.83629 0.243212 -0.510755
v -0.852997 0.240616 -0.515778
v -0.846883 0.237625 -0.508276
v -0.819888 0.242845 -0.419762
v -0.815795 0.243274 -0.404984
v -0.808928 0.243598 -0.37578
v -0.758296 0.244224 -0.317542
v -0.698814 0.244481 -0.263539
v -0.674188 0.244581 -0.251171
v -0.632261 0.244581 -0.206579
v -0.611199 0.244581 -0.149544
v -0.591894 0.24458 -0.134
v -0.612299 0.244566 -0.0826845
v -0.647295 0.244483 -0.0824673
v -0.678529 0.244472 -0.0336759
v -0.682569 0.244544 -0.0119759
v -0.68348 0.24449 -0.0250798
v -0.588758 0.244712 0.0400516
v -0.511537 0.244703 0.107531
v -0.458785 0.244481 0.164807
v -0.385208 0.244522 0.253317
v -0.380441 0.244459 0.270182
v -0.376065 0.24375 0.278192
v -0.362462 0.238333 0.355199
v -0.358248 0.236605 0.384227
v -0.33473 0.244078 0.456837
v -0.317923 0.245608 0.450399
v -0.312231 0.266144 0.43134
v -0.313686 0.280642 0.429966
v -0.317846 0.28436 0.439746
v -0.354124 0.284909 0.390922
v -0.329781 0.284896 0.385256
v -0.369841 0.284909 0.333172
v -0.410736 0.284852 0.290931
v -0.420388 0.284909 0.2322
v -0.453786 0.284909 0.133847
v -0.455687 0.284918 0.115405
v -0.480103 0.284787 0.102292
v -0.485342 0.284787 0.0970528
v -0.49582 0.284787 0.0865749
v -0.50648 0.284887 0.0875009
v -0.544151 0.284908 0.022217
v -0.567977 0.284909 -0.0433027
v -0.55092 0.284909 -0.0544508
v -0.55357 0.284909 -0.0760767
v -0.590243 0.284909 -0.11811
v -0.543031 0.284909 -0.139066
v -0.497784 0.284909 -0.118704
v -0.590243 0.284909 -0.264923
v -0.600066 0.284909 -0.288605
v -0.600721 0.284909 -0.324638
v -0.52136 0.284909 -0.288605
v -0.572895 0.284841 -0.373376
v -0.569287 0.284787 -0.380424
v -0.549588 0.284793 -0.386461
v -0.541688 0.284877 -0.380595
v -0.55357 0.284787 -0.458414
v -0.51941 0.284787 -0.438113
v -0.516776 0.284787 -0.452582
v -0.496475 0.284787 -0.443352
v -0.461081 0.284787 -0.445302
v -0.438724 0.284787 -0.45776
v -0.395542 0.28479 -0.415199
v -0.383651 0.284886 -0.419063
v -0.364816 0.284801 -0.462964
v -0.307077 0.284815 -0.425476
v -0.271647 0.284874 -0.39602
v -0.254462 0.284787 -0.406619
v -0.262303 0.284789 -0.419417
v -0.219385 0.284796 -0.492481
v -0.131194 0.284909 -0.489254
v -0.0970495 0.284909 -0.516104
v -0.0629962 0.284909 -0.495803
v -0.041949 0.284909 -0.489254
v 0.0698761 0.284984 -0.475183
v 0.0777164 0.284909 -0.472784
v 0.142999 0.284909 -0.51021
v 0.18622 0.284909 -0.527359
v 0.202515 0.284887 -0.533126
v 0.217121 0.284844 -0.526168
v 0.243442 0.284801 -0.569161
v 0.284834 0.284841 -0.568665
v 0.350052 0.284792 -0.587384
v 0.363528 0.2848 -0.587881
v 0.406052 0.285008 -0.600761
v 0.485328 0.285031 -0.600704
v 0.501045 0.285031 -0.600704
v 0.584991 0.283691 -0.605943
v 0.779198 0.280645 -0.608745
v 0.498679 0.204421 -0.608548
v 0.401716 0.156847 -0.607857
v 0.216827 0.154576 -0.607816
v 0.21245 0.22863 -0.605945
v 0.214108 0.238887 -0.59635
v 0.230791 0.243597 -0.575919
v 0.225873 0.243491 -0.555136
v 0.215739 0.244453 -0.533933
v 0.176568 0.24447 -0.53465
v 0.167278 0.244941 -0.54014
v 0.155531 0.243283 -0.53901
v 0.0417754 0.24462 -0.54191
v -0.105668 0.243585 -0.541478
v -0.223949 0.238932 -0.534949
v -0.391378 0.24131 -0.535985
v -0.505106 0.214231 -0.528385
v -0.51305 0.206636 -0.52478
v -0.524276 0.21243 -0.527689
v -0.594374 0.22392 -0.527395
v -0.595543 0.22238 -0.521955
v -0.609608 0.227549 -0.523964
v -0.61527 0.234741 -0.516226
v -0.622727 0.238351 -0.516283
v -0.636351 0.243686 -0.517936
v -0.66385 0.244701 -0.527524
v -0.727559 0.245074 -0.527992
v -0.764524 0.245586 -0.527396
v -0.856009 0.237752 -0.513834
v -0.862154 0.236747 -0.514411
v -0.861681 0.236045 -0.460804
v -0.845391 0.237166 -0.472325
v -0.836309 0.237925 -0.444201
v -0.829645 0.237744 -0.425296
v -0.819477 0.23808 -0.393529
v -0.802932 0.243997 -0.35325
v -0.805255 0.242012 -0.347916
v -0.628302 0.244581 -0.1705
v -0.615379 0.244586 -0.0821979
v -0.642755 0.244581 -0.102272
v -0.659702 0.244431 -0.107805
v -0.674907 0.244494 -0.102655
v -0.69198 0.24445 -0.0593854
v -0.726442 0.243566 -0.0523455
v -0.668949 0.244459 0.0288244
v -0.598131 0.244589 0.0572168
v -0.550539 0.244596 0.100427
v -0.521297 0.244654 0.128483
v -0.511735 0.244582 0.149897
v -0.485139 0.244579 0.156416
v -0.417114 0.244581 0.186237
v -0.380117 0.244384 0.244535
v -0.406636 0.244581 0.249226
v -0.371738 0.242865 0.313845
v -0.37002 0.243492 0.34154
v -0.36979 0.244028 0.356785
v -0.364602 0.241292 0.390922
v -0.359351 0.236631 0.411136
v -0.356396 0.234872 0.465301
v -0.339252 0.238907 0.47393
v -0.331043 0.243746 0.481904
v -0.327062 0.244856 0.480873
v -0.312255 0.250077 0.45814
v -0.311204 0.275453 0.452654
v -0.312104 0.279021 0.445132
v -0.332362 0.284886 0.423087
v -0.411485 0.284866 0.287363
v -0.448547 0.284909 0.144325
v -0.501668 0.284821 0.0992462
v -0.522015 0.284909 0.065619
v -0.566668 0.284909 0.00655881
v -0.590898 0.284909 -0.135792
v -0.571252 0.284909 -0.14164
v -0.558139 0.284909 -0.190176
v -0.566668 0.284909 -0.196756
v -0.57911 0.284909 -0.233489
v -0.637516 0.284909 -0.364707
v -0.596283 0.284903 -0.360363
v -0.60052 0.284769 -0.375918
v -0.596792 0.284787 -0.441982
v -0.573216 0.284787 -0.440048
v -0.516776 0.284787 -0.464369
v -0.459147 0.284787 -0.427575
v -0.486652 0.284787 -0.476157
v -0.370407 0.284786 -0.44622
v -0.298218 0.284788 -0.438534
v -0.286418 0.284789 -0.455024
v -0.277393 0.284842 -0.497233
v -0.259701 0.284787 -0.451272
v -0.223139 0.284839 -0.452961
v -0.234459 0.284806 -0.501647
v -0.221966 0.284908 -0.521932
v -0.182882 0.284904 -0.551576
v -0.160039 0.284909 -0.537837
v -0.128605 0.284909 -0.537837
v -0.0590518 0.284909 -0.51152
v -0.0379893 0.284909 -0.524678
v -0.0131042 0.284909 -0.535217
v -0.0360552 0.284909 -0.560757
v 0.0162346 0.284913 -0.52529
v 0.0374497 0.285038 -0.511596
v 0.118568 0.284912 -0.493003
v 0.134424 0.284909 -0.557483
v 0.170503 0.284909 -0.548314
v 0.175742 0.284909 -0.553553
v 0.165264 0.284909 -0.579748
v 0.177052 0.284909 -0.588916
v 0.218861 0.284847 -0.573026
v 0.222553 0.28478 -0.580313
v 0.263023 0.28487 -0.600829
v 0.290415 0.284881 -0.584191
v 0.348872 0.283691 -0.605943
v 0.532601 0.280645 -0.608745
v 0.548318 0.275406 -0.609964
v 0.522001 0.249211 -0.609598
v 0.220119 0.24534 -0.608315
v 0.217848 0.238965 -0.607587
v 0.208702 0.243381 -0.594924
v 0.21623 0.245856 -0.584839
v 0.206881 0.245521 -0.579489
v 0.199919 0.244514 -0.55139
v 0.164714 0.244623 -0.561674
v 0.0430493 0.245098 -0.54431
v 0.039015 0.242822 -0.539593
v -0.0711465 0.24468 -0.543089
v -0.17308 0.24113 -0.536527
v -0.554036 0.216802 -0.528151
v -0.568934 0.219612 -0.528158
v -0.599996 0.228684 -0.531138
v -0.656908 0.24469 -0.52702
v -0.763065 0.243755 -0.532132
v -0.81218 0.245844 -0.526497
v -0.85694 0.245151 -0.525968
v -0.86279 0.23861 -0.53703
v -0.864209 0.238723 -0.526771
v -0.896529 0.239253 -0.5256
v -0.908205 0.238177 -0.530013
v -0.892112 0.23797 -0.526634
v -0.882877 0.236672 -0.501662
v -0.822786 0.237344 -0.393175
v -0.792638 0.244239 -0.317528
v -0.760508 0.243981 -0.283751
v -0.760032 0.244035 -0.262635
v -0.78205 0.243532 -0.272314
v -0.755941 0.243971 -0.267745
v -0.735837 0.244222 -0.270007
v -0.70457 0.244493 -0.237171
v -0.684666 0.244581 -0.212533
v -0.647963 0.244581 -0.163982
v -0.644064 0.244581 -0.146925
v -0.655646 0.244565 -0.142212
v -0.67762 0.244603 -0.111901
v -0.734496 0.242196 -0.00291202
v -0.707147 0.244023 0.0435924
v -0.69545 0.244439 0.0324776
v -0.638031 0.24455 0.0337115
v -0.579765 0.244581 0.0891943
v -0.581075 0.244581 0.104911
v -0.55619 0.244581 0.140366
v -0.546494 0.244581 0.16634
v -0.536052 0.24458 0.160655
v -0.494194 0.244705 0.188763
v -0.461315 0.244624 0.224766
v -0.48059 0.244662 0.184176
v -0.464386 0.244581 0.207193
v -0.380669 0.244573 0.286267
v -0.37445 0.244567 0.35849
v -0.369892 0.244186 0.403854
v -0.363763 0.239871 0.418653
v -0.359093 0.235817 0.433521
v -0.358445 0.235238 0.474061
v -0.34329 0.233338 0.480368
v -0.337084 0.233483 0.489648
v -0.317336 0.245227 0.497933
v -0.311957 0.250351 0.458568
v -0.311589 0.27998 0.46409
v -0.32187 0.284751 0.445753
v -0.337539 0.284884 0.441318
v -0.358053 0.284909 0.436763
v -0.385365 0.284907 0.395873
v -0.390919 0.284909 0.369844
v -0.427272 0.284874 0.195058
v -0.465635 0.284909 0.153493
v -0.539102 0.284909 0.11277
v -0.556845 0.284909 0.080681
v -0.590898 0.284909 0.0282
v -0.588933 0.284909 -0.0668933
v -0.612509 0.284909 -0.0865546
v -0.60596 0.284909 -0.107526
v -0.600721 0.284909 -0.17181
v -0.617108 0.284909 -0.234799
v -0.66502 0.284909 -0.347559
v -0.700383 0.284909 -0.380424
v -0.677611 0.284878 -0.375696
v -0.653232 0.284909 -0.375185
v -0.611199 0.284787 -0.40138
v -0.612524 0.284787 -0.45977
v -0.545649 0.284778 -0.494418
v -0.474209 0.284787 -0.496458
v -0.450586 0.284785 -0.504432
v -0.428402 0.284788 -0.50605
v -0.406636 0.284787 -0.51152
v -0.354579 0.284799 -0.467746
v -0.308071 0.284829 -0.465904
v -0.296496 0.284909 -0.448652
v -0.238745 0.284909 -0.532598
v -0.193317 0.284819 -0.55554
v -0.172834 0.284802 -0.553543
v -0.139083 0.284909 -0.548314
v -0.107527 0.284787 -0.558792
v -0.0734742 0.284909 -0.539116
v -0.0413093 0.284909 -0.519409
v -0.014414 0.284909 -0.573854
v 0.0575492 0.284938 -0.518621
v 0.0498852 0.284909 -0.543076
v 0.106889 0.284909 -0.535217
v 0.125911 0.284909 -0.552244
v 0.133176 0.284909 -0.579748
v 0.196188 0.284856 -0.600855
v 0.225179 0.284898 -0.600724
v 0.346026 0.284987 -0.600691
v 0.343633 0.283691 -0.605943
v 0.396144 0.280645 -0.608745
v 0.451908 0.275257 -0.609862
v 0.282392 0.239066 -0.609122
v 0.19893 0.245625 -0.60046
v 0.169758 0.244743 -0.565812
v 0.125772 0.245186 -0.572647
v 0.134145 0.244716 -0.543327
v -0.000613104 0.244844 -0.54291
v -0.039299 0.244947 -0.548314
v -0.0857456 0.244891 -0.543424
v -0.139083 0.244337 -0.558792
v -0.14923 0.244376 -0.543447
v -0.175563 0.244468 -0.540587
v -0.212228 0.244294 -0.540026
v -0.244589 0.244961 -0.543466
v -0.3103 0.244682 -0.543054
v -0.339782 0.241994 -0.536477
v -0.463519 0.242171 -0.539518
v -0.488237 0.238378 -0.535818
v -0.527344 0.238907 -0.537249
v -0.60087 0.232743 -0.534576
v -0.631345 0.236599 -0.526519
v -0.63989 0.240757 -0.528119
v -0.664888 0.240626 -0.53228
v -0.752895 0.238733 -0.536984
v -0.689905 0.237271 -0.537837
v -0.716222 0.237637 -0.537837
v -0.761785 0.238345 -0.537623
v -0.7267 0.242632 -0.532598
v -0.828724 0.246662 -0.5299
v -0.926168 0.233664 -0.541904
v -0.923915 0.214458 -0.553756
v -0.918261 0.179514 -0.554997
v -0.96605 0.112569 -0.540213
v -0.951555 0.153062 -0.520078
v -0.951166 0.193937 -0.536678
v -0.953829 0.216076 -0.536147
v -0.957816 0.233777 -0.547418
v -0.932234 0.24428 -0.527317
v -0.905588 0.244101 -0.521793
v -0.866224 0.236656 -0.446726
v -0.857342 0.236341 -0.422984
v -0.83684 0.237515 -0.40138
v -0.795427 0.243952 -0.323229
v -0.795087 0.241348 -0.308188
v -0.788572 0.24367 -0.297528
v -0.772367 0.243794 -0.249361
v -0.682047 0.244581 -0.16919
v -0.725431 0.244269 -0.144803
v -0.73295 0.238089 -0.141061
v -0.731942 0.241271 -0.0902337
v -0.734553 0.241362 -0.0506509
v -0.731939 0.242144 -0.0551209
v -0.736994 0.242279 0.0345204
v -0.706596 0.24405 0.0514341
v -0.645245 0.24454 0.0448171
v -0.632277 0.244581 0.0813358
v -0.43545 0.244581 0.28529
v -0.369504 0.244309 0.373879
v -0.369707 0.244179 0.41376
v -0.370354 0.243484 0.471172
v -0.356834 0.232673 0.484414
v -0.338964 0.233277 0.518969
v -0.330602 0.243719 0.513636
v -0.315688 0.244797 0.531458
v -0.31173 0.248591 0.492349
v -0.309711 0.25442 0.499989
v -0.309932 0.259842 0.487268
v -0.310253 0.275478 0.475058
v -0.315027 0.284462 0.479941
v -0.349166 0.284908 0.453579
v -0.369841 0.284909 0.443312
v -0.375202 0.284909 0.427595
v -0.390919 0.284909 0.417117
v -0.445209 0.284893 0.394289
v -0.411521 0.284802 0.356575
v -0.446246 0.284905 0.290554
v -0.419648 0.284865 0.28545
v -0.477453 0.284909 0.243987
v -0.4932 0.284909 0.219757
v -0.482052 0.284909 0.188856
v -0.522076 0.284909 0.143
v -0.576491 0.284909 0.0800261
v -0.579765 0.284909 0.06038
v -0.612509 0.284909 -0.00129963
v -0.600721 0.284909 1.0103e-05
v -0.598102 0.284909 -0.024875
v -0.661746 0.284909 -0.116115
v -0.636206 0.284909 -0.157402
v -0.623733 0.284909 -0.161332
v -0.625713 0.284909 -0.20137
v -0.598756 0.284909 -0.19939
v -0.64143 0.284909 -0.304307
v -0.71734 0.284871 -0.387372
v -0.63349 0.284807 -0.384473
v -0.626383 0.284787 -0.48467
v -0.632277 0.284787 -0.5142
v -0.592863 0.284787 -0.478776
v -0.565204 0.284835 -0.517299
v -0.534375 0.284868 -0.51363
v -0.520435 0.284813 -0.516696
v -0.520451 0.284798 -0.521082
v -0.476544 0.284837 -0.525324
v -0.413102 0.284833 -0.532359
v -0.370014 0.284787 -0.507211
v -0.312212 0.284787 -0.501042
v -0.290946 0.28486 -0.508551
v -0.350069 0.284891 -0.58673
v -0.285262 0.284909 -0.516387
v -0.236606 0.284834 -0.55895
v -0.149561 0.284787 -0.56927
v -0.111603 0.284745 -0.600847
v -0.0857041 0.284782 -0.600743
v -0.0614255 0.28486 -0.576744
v -0.026918 0.284864 -0.600756
v 0.0078516 0.284909 -0.584987
v 0.0668814 0.284909 -0.600704
v 0.110133 0.284909 -0.591536
v 0.181727 0.284911 -0.600682
v 0.13383 0.283569 -0.605943
v 0.233493 0.283447 -0.605943
v 0.233303 0.277813 -0.609863
v 0.330696 0.278219 -0.60996
v 0.209411 0.247499 -0.607121
v 0.196698 0.247262 -0.605943
v 0.184949 0.245414 -0.60095
v 0.136793 0.245288 -0.576646
v 0.0875529 0.245644 -0.582433
v 0.0393334 0.245562 -0.600752
v 0.036415 0.244616 -0.54454
v 0.013569 0.244847 -0.563652
v -0.0162338 0.244803 -0.542779
v -0.0509344 0.244681 -0.562861
v -0.122826 0.244456 -0.563047
v -0.207132 0.244951 -0.543071
v -0.234059 0.244571 -0.559988
v -0.375202 0.243972 -0.541979
v -0.394543 0.24395 -0.540306
v -0.408345 0.243964 -0.543074
v -0.48462 0.242458 -0.543066
v -0.611808 0.237949 -0.541326
v -0.629507 0.235332 -0.53212
v -0.642755 0.23654 -0.537837
v -0.768611 0.238367 -0.543076
v -0.771482 0.238218 -0.538219
v -0.832175 0.237842 -0.539989
v -0.855232 0.238178 -0.546171
v -0.864727 0.237142 -0.541892
v -0.929208 0.225319 -0.551456
v -0.92156 0.180982 -0.55858
v -0.94431 0.143523 -0.56948
v -0.945 0.110994 -0.563124
v -0.951973 0.130344 -0.564467
v -0.94963 0.0999226 -0.55789
v -0.967751 0.123396 -0.541583
v -0.958244 0.128994 -0.52284
v -0.956966 0.226315 -0.543467
v -0.952237 0.23285 -0.538563
v -0.946243 0.234327 -0.540221
v -0.915304 0.244695 -0.52219
v -0.902739 0.245048 -0.501518
v -0.899804 0.244237 -0.508993
v -0.893486 0.2384 -0.512942
v -0.888697 0.243672 -0.479381
v -0.879835 0.243398 -0.451258
v -0.852085 0.236626 -0.39808
v -0.822845 0.237202 -0.381633
v -0.813424 0.237136 -0.352724
v -0.806921 0.237025 -0.329313
v -0.779065 0.243192 -0.261548
v -0.77385 0.240682 -0.238728
v -0.758779 0.24389 -0.226839
v -0.737581 0.244195 -0.216347
v -0.711916 0.244511 -0.18487
v -0.736048 0.232945 -0.0769098
v -0.738258 0.239211 -0.0124472
v -0.742945 0.239182 0.0324086
v -0.748115 0.239536 0.0956958
v -0.742274 0.241883 0.071756
v -0.621612 0.244581 0.111713
v -0.543693 0.244617 0.178777
v -0.529964 0.244705 0.207876
v -0.39703 0.244549 0.367409
v -0.440689 0.244581 0.353473
v -0.411875 0.244581 0.385683
v -0.380441 0.244337 0.438073
v -0.370324 0.243715 0.450687
v -0.372842 0.243315 0.484098
v -0.36304 0.233305 0.485938
v -0.333151 0.243556 0.523144
v -0.33164 0.244816 0.525614
v -0.318508 0.241499 0.536536
v -0.317404 0.233199 0.552798
v -0.317839 0.232788 0.583981
v -0.308764 0.256977 0.533714
v -0.308838 0.275504 0.521117
v -0.309636 0.278259 0.50432
v -0.311754 0.281118 0.480399
v -0.392296 0.28487 0.445003
v -0.396495 0.28489 0.436224
v -0.433939 0.284878 0.429154
v -0.498439 0.284909 0.341685
v -0.464386 0.284909 0.317455
v -0.487961 0.284909 0.312216
v -0.49713 0.284909 0.25774
v -0.508917 0.284909 0.203264
v -0.524649 0.284909 0.158732
v -0.552885 0.284909 0.158732
v -0.592863 0.284909 0.095743
v -0.626307 0.284909 0.0019747
v -0.627038 0.284909 -0.00260937
v -0.636191 0.284909 -0.0596897
v -0.646029 0.284909 -0.136447
v -0.627038 0.284909 -0.233489
v -0.658471 0.284909 -0.264923
v -0.704404 0.284909 -0.331842
v -0.728664 0.284909 -0.363991
v -0.716222 0.284787 -0.417097
v -0.751713 0.284794 -0.413019
v -0.7267 0.284787 -0.432814
v -0.700386 0.284787 -0.401377
v -0.647994 0.284787 -0.422336
v -0.680082 0.284787 -0.465648
v -0.668949 0.284787 -0.556173
v -0.651923 0.284787 -0.531927
v -0.636861 0.284787 -0.536527
v -0.611456 0.284809 -0.548626
v -0.569836 0.284783 -0.580534
v -0.490736 0.284914 -0.553248
v -0.326317 0.284889 -0.516953
v -0.309969 0.284848 -0.590158
v -0.258618 0.284912 -0.554651
v -0.259597 0.284878 -0.562394
v -0.2483 0.284785 -0.563183
v -0.249223 0.284787 -0.600704
v -0.186234 0.284787 -0.600704
v -0.165278 0.284787 -0.600704
v -0.095954 0.28487 -0.553052
v -0.0583928 0.284895 -0.600606
v -0.0381496 0.284869 -0.600818
v -0.00560213 0.284855 -0.60077
v 0.0078516 0.284909 -0.600704
v 0.165264 0.280645 -0.608745
v 0.202059 0.25445 -0.609476
v 0.15545 0.250467 -0.609191
v 0.149547 0.246774 -0.605943
v 0.132854 0.245462 -0.600655
v 0.0498852 0.245556 -0.600704
v 0.0505903 0.245683 -0.576786
v -0.0117352 0.245721 -0.600477
v -0.114493 0.245678 -0.579538
v -0.145907 0.245357 -0.572702
v -0.180149 0.245973 -0.603425
v -0.179544 0.244773 -0.560972
v -0.227869 0.24516 -0.56949
v -0.269745 0.244253 -0.561315
v -0.312632 0.244034 -0.560136
v -0.332999 0.243736 -0.561084
v -0.45658 0.242678 -0.548303
v -0.505142 0.241985 -0.550338
v -0.642492 0.236737 -0.540615
v -0.724229 0.23886 -0.548788
v -0.791008 0.239389 -0.548052
v -0.874487 0.235976 -0.532
v -0.895747 0.234585 -0.538764
v -0.922388 0.212856 -0.563577
v -0.927015 0.195081 -0.564183
v -0.942032 0.190889 -0.575384
v -0.948017 0.174895 -0.575921
v -0.968385 0.141564 -0.537854
v -0.958165 0.152362 -0.522802
v -0.958411 0.175888 -0.525146
v -0.957919 0.185936 -0.526055
v -0.954534 0.223016 -0.537837
v -0.940536 0.239333 -0.5349
v -0.897953 0.244738 -0.492272
v -0.889423 0.242974 -0.485794
v -0.884443 0.243544 -0.464073
v -0.869812 0.238818 -0.44064
v -0.870947 0.244042 -0.418277
v -0.861149 0.23882 -0.409809
v -0.863035 0.243972 -0.390902
v -0.860394 0.244217 -0.379394
v -0.855237 0.238733 -0.385663
v -0.85232 0.236984 -0.387154
v -0.829655 0.237288 -0.331433
v -0.800345 0.237475 -0.309149
v -0.806239 0.236438 -0.311206
v -0.796773 0.237127 -0.292811
v -0.783499 0.243278 -0.280959
v -0.790081 0.237597 -0.272757
v -0.774856 0.242088 -0.247401
v -0.764745 0.243464 -0.22415
v -0.737782 0.244105 -0.185776
v -0.727859 0.244289 -0.164751
v -0.725015 0.244207 -0.152001
v -0.73349 0.233043 -0.146459
v -0.730268 0.21263 -0.146803
v -0.73161 0.207557 -0.150032
v -0.730461 0.207771 -0.125618
v -0.749505 0.233459 0.0851764
v -0.752054 0.233405 0.10825
v -0.752048 0.239728 0.138895
v -0.736944 0.242413 0.110679
v -0.737321 0.24258 0.0670984
v -0.714898 0.243859 0.0846318
v -0.700955 0.244296 0.0718931
v -0.668082 0.244443 0.08795
v -0.60596 0.244581 0.139086
v -0.635264 0.24456 0.131521
v -0.474864 0.244581 0.264943
v -0.46434 0.244581 0.301022
v -0.459802 0.244581 0.335791
v -0.454502 0.244581 0.356747
v -0.404962 0.244534 0.409797
v -0.438069 0.244581 0.427595
v -0.376081 0.243435 0.497162
v -0.375438 0.244083 0.52737
v -0.36957 0.240058 0.524818
v -0.365311 0.235239 0.512496
v -0.354124 0.232885 0.51154
v -0.343906 0.232761 0.519588
v -0.336186 0.244325 0.534324
v -0.326219 0.242514 0.535173
v -0.319575 0.22862 0.538888
v -0.338407 0.19146 0.537735
v -0.333168 0.186222 0.533958
v -0.338778 0.185037 0.537163
v -0.343646 0.14431 0.538344
v -0.346289 0.120311 0.53787
v -0.340552 0.181912 0.561581
v -0.344225 0.142388 0.570928
v -0.341737 0.163355 0.587438
v -0.322313 0.194466 0.585942
v -0.320788 0.205782 0.562302
v -0.32094 0.204541 0.541508
v -0.319035 0.217777 0.558813
v -0.316367 0.238929 0.554012
v -0.310632 0.248736 0.532577
v -0.308314 0.270167 0.558813
v -0.312843 0.283563 0.528638
v -0.310111 0.280602 0.531949
v -0.317636 0.284645 0.491466
v -0.383744 0.284806 0.471913
v -0.508917 0.284909 0.383064
v -0.427478 0.284876 0.3656
v -0.516776 0.284909 0.268872
v -0.527254 0.284909 0.191476
v -0.644719 0.284909 0.0524607
v -0.618463 0.284909 0.0275299
v -0.676808 0.284909 -0.0996521
v -0.698434 0.284909 -0.139066
v -0.680097 0.284909 -0.155438
v -0.657162 0.284909 -0.161332
v -0.655852 0.284909 -0.187557
v -0.653232 0.284909 -0.211224
v -0.664365 0.284909 -0.239383
v -0.685321 0.284909 -0.310886
v -0.754859 0.284909 -0.385663
v -0.754133 0.284912 -0.407286
v -0.72801 0.284787 -0.441357
v -0.784127 0.284855 -0.565411
v -0.756553 0.284787 -0.577732
v -0.688626 0.284787 -0.539116
v -0.682062 0.284787 -0.560102
v -0.66633 0.284787 -0.580403
v -0.575976 0.284871 -0.545545
v -0.539359 0.284877 -0.548986
v -0.533815 0.28483 -0.559178
v -0.519439 0.284845 -0.562572
v -0.481843 0.284796 -0.557215
v -0.432585 0.284813 -0.575678
v -0.423133 0.284795 -0.573671
v -0.36751 0.284871 -0.517953
v -0.363371 0.284842 -0.569185
v -0.354634 0.28476 -0.600739
v -0.306922 0.284789 -0.600695
v -0.254624 0.283521 -0.60594
v -0.186234 0.283447 -0.605943
v -0.107527 0.283569 -0.605943
v -0.102288 0.283569 -0.605943
v -0.0288211 0.283569 -0.605943
v -0.0235822 0.280645 -0.608745
v 0.0708411 0.275406 -0.610085
v 0.144308 0.246774 -0.605943
v -0.105653 0.24595 -0.599145
v -0.139053 0.245678 -0.600704
v -0.158216 0.245683 -0.600702
v -0.206645 0.245608 -0.600808
v -0.264446 0.245733 -0.575853
v -0.29614 0.245745 -0.585302
v -0.318485 0.245882 -0.57605
v -0.345811 0.245861 -0.575388
v -0.353055 0.245602 -0.573733
v -0.388486 0.244953 -0.569268
v -0.411898 0.243419 -0.559177
v -0.433399 0.243694 -0.56259
v -0.507118 0.245179 -0.572552
v -0.518776 0.241272 -0.545277
v -0.573797 0.240571 -0.548813
v -0.598537 0.241626 -0.551478
v -0.645312 0.23868 -0.547979
v -0.795423 0.242718 -0.558535
v -0.833454 0.238998 -0.547071
v -0.873948 0.236763 -0.563261
v -0.902373 0.235665 -0.554904
v -0.91996 0.234146 -0.567641
v -0.949271 0.145977 -0.570086
v -0.95758 0.154788 -0.567686
v -0.963119 0.125688 -0.552301
v -0.97334 0.161981 -0.546473
v -0.969154 0.154788 -0.537837
v -0.965539 0.196467 -0.530332
v -0.95982 0.211802 -0.528781
v -0.954913 0.229343 -0.535078
v -0.95315 0.245984 -0.531007
v -0.952341 0.248236 -0.521998
v -0.944886 0.246092 -0.524397
v -0.944201 0.24664 -0.494892
v -0.879362 0.243966 -0.439855
v -0.863712 0.24329 -0.396658
v -0.86535 0.243972 -0.396141
v -0.863035 0.244216 -0.385663
v -0.851191 0.237846 -0.37285
v -0.843262 0.237499 -0.35177
v -0.785454 0.236951 -0.250359
v -0.776208 0.237062 -0.231245
v -0.760195 0.243066 -0.205707
v -0.754803 0.24362 -0.195762
v -0.731159 0.24136 -0.149351
v -0.737605 0.207694 -0.156566
v -0.742417 0.217777 -0.149544
v -0.741495 0.207373 -0.147118
v -0.739301 0.233353 -0.0217467
v -0.735136 0.212835 -0.0334684
v -0.74545 0.233623 0.0426042
v -0.749652 0.21332 0.122753
v -0.753169 0.235446 0.119099
v -0.703426 0.244295 0.116807
v -0.674923 0.24445 0.101092
v -0.562468 0.244582 0.194197
v -0.508249 0.244573 0.23222
v -0.564048 0.244459 0.254465
v -0.532491 0.244581 0.312232
v -0.472245 0.244581 0.375144
v -0.453786 0.244581 0.432834
v -0.449982 0.244477 0.442745
v -0.388946 0.244378 0.468809
v -0.397743 0.244188 0.491488
v -0.438069 0.243972 0.4996
v -0.448547 0.243972 0.501062
v -0.453786 0.242754 0.51154
v -0.449299 0.239637 0.525282
v -0.420533 0.245042 0.525407
v -0.363515 0.234471 0.51863
v -0.340787 0.239158 0.536042
v -0.333074 0.195986 0.534413
v -0.338407 0.191948 0.537735
v -0.341088 0.175744 0.543096
v -0.339658 0.191505 0.543586
v -0.339004 0.182766 0.5902
v -0.332794 0.17721 0.593345
v -0.326249 0.178973 0.591053
v -0.327853 0.217663 0.595455
v -0.320105 0.218314 0.590293
v -0.317573 0.238395 0.589348
v -0.30894 0.251297 0.572704
v -0.308314 0.259689 0.579768
v -0.31099 0.282366 0.598251
v -0.312225 0.283058 0.55781
v -0.317659 0.284726 0.527534
v -0.346022 0.284862 0.493617
v -0.373857 0.284872 0.489026
v -0.433055 0.284864 0.453428
v -0.430838 0.284781 0.460426
v -0.446464 0.284868 0.508407
v -0.460643 0.28491 0.462306
v -0.453786 0.284909 0.448551
v -0.501714 0.284909 0.404019
v -0.52136 0.284909 0.377733
v -0.545681 0.284909 0.327933
v -0.528594 0.284909 0.325313
v -0.525944 0.284909 0.298418
v -0.516776 0.284909 0.285914
v -0.540397 0.284909 0.261669
v -0.55421 0.284909 0.226291
v -0.58173 0.284909 0.186892
v -0.5476 0.284909 0.191491
v -0.583694 0.284909 0.132461
v -0.617138 0.284909 0.112115
v -0.66764 0.284909 0.0111429
v -0.688595 0.284909 -0.0380638
v -0.668294 0.284909 -0.0354138
v -0.702368 0.284909 -0.178007
v -0.719247 0.28492 -0.196929
v -0.704404 0.284909 -0.239383
v -0.707678 0.284909 -0.299753
v -0.740452 0.284909 -0.333837
v -0.79512 0.284909 -0.448801
v -0.784087 0.284794 -0.451615
v -0.763373 0.284787 -0.469608
v -0.720806 0.284787 -0.478776
v -0.77425 0.284784 -0.538694
v -0.777609 0.284809 -0.543715
v -0.802871 0.284825 -0.567012
v -0.716222 0.284787 -0.582368
v -0.710983 0.284787 -0.584987
v -0.708363 0.284787 -0.592846
v -0.705744 0.284787 -0.600704
v -0.662401 0.284787 -0.600704
v -0.595607 0.284783 -0.600719
v -0.581075 0.284117 -0.603324
v -0.301735 0.283447 -0.605943
v -0.26494 0.280645 -0.608745
v -0.0970495 0.275406 -0.610085
v -0.139083 0.25445 -0.609842
v 0.0656021 0.25445 -0.609964
v 0.0394073 0.249211 -0.608258
v -0.0551378 0.247018 -0.605943
v -0.0918105 0.247018 -0.605943
v -0.254809 0.245804 -0.603687
v -0.314593 0.245674 -0.600654
v -0.348156 0.245687 -0.600744
v -0.381391 0.24579 -0.600844
v -0.408584 0.245774 -0.575282
v -0.446515 0.245829 -0.582343
v -0.453375 0.245712 -0.574577
v -0.47986 0.243898 -0.56505
v -0.494413 0.245713 -0.576633
v -0.564986 0.243082 -0.556327
v -0.601438 0.24566 -0.573559
v -0.624366 0.241637 -0.553735
v -0.748295 0.2424 -0.558499
v -0.856 0.241871 -0.56053
v -0.872492 0.237865 -0.567351
v -0.871563 0.243808 -0.575384
v -0.884075 0.237675 -0.569637
v -0.884985 0.235772 -0.565639
v -0.907753 0.238661 -0.567527
v -0.910495 0.236434 -0.563558
v -0.921049 0.229952 -0.559663
v -0.94057 0.217193 -0.581003
v -0.955491 0.203944 -0.581858
v -0.953845 0.174869 -0.575835
v -0.971352 0.155248 -0.551933
v -0.976875 0.193628 -0.554623
v -0.975027 0.178451 -0.550834
v -0.973297 0.180983 -0.543076
v -0.961607 0.2423 -0.532472
v -0.956143 0.250296 -0.526693
v -0.939014 0.245621 -0.435397
v -0.868486 0.244465 -0.395558
v -0.853047 0.243801 -0.35181
v -0.840656 0.237876 -0.335359
v -0.773298 0.236718 -0.221387
v -0.756495 0.243156 -0.19092
v -0.736346 0.243391 -0.164706
v -0.736999 0.237533 -0.154429
v -0.737245 0.227157 -0.156389
v -0.739858 0.223016 -0.154783
v -0.742417 0.212538 -0.146985
v -0.737275 0.20354 -0.147456
v -0.737322 0.203593 -0.0952945
v -0.739554 0.203405 -0.0693209
v -0.737003 0.207293 -0.0228376
v -0.752345 0.240363 0.178348
v -0.743881 0.243458 0.203115
v -0.731939 0.243485 0.175759
v -0.726934 0.243762 0.169797
v -0.723195 0.243599 0.119648
v -0.684597 0.244581 0.180516
v -0.658471 0.244459 0.144325
v -0.599608 0.24458 0.232163
v -0.581123 0.24455 0.248082
v -0.578539 0.244444 0.274057
v -0.586272 0.244451 0.298871
v -0.477468 0.244581 0.351523
v -0.480758 0.244581 0.381069
v -0.438419 0.244216 0.495684
v -0.464174 0.244282 0.50873
v -0.439257 0.240408 0.521925
v -0.435888 0.241976 0.516876
v -0.378633 0.242777 0.530468
v -0.363357 0.235085 0.532813
v -0.348853 0.233703 0.532468
v -0.333962 0.243813 0.539167
v -0.332444 0.214762 0.535465
v -0.317524 0.284352 0.599613
v -0.317666 0.284674 0.544641
v -0.411875 0.284787 0.495823
v -0.431991 0.284803 0.53688
v -0.443308 0.284909 0.522018
v -0.464386 0.284909 0.495823
v -0.482722 0.284909 0.45909
v -0.525289 0.284909 0.417117
v -0.584349 0.284909 0.318764
v -0.595482 0.284909 0.304357
v -0.58304 0.284909 0.285259
v -0.613224 0.284909 0.277386
v -0.548331 0.284909 0.301738
v -0.553509 0.284909 0.267563
v -0.587639 0.284909 0.213163
v -0.600721 0.284909 0.190166
v -0.616484 0.284909 0.137716
v -0.63878 0.284909 0.0787164
v -0.671569 0.284909 0.0386931
v -0.678118 0.284909 0.0131075
v -0.705698 0.284909 -0.0242201
v -0.716222 0.284909 -0.039404
v -0.726485 0.285003 -0.0753411
v -0.715764 0.284914 -0.0949056
v -0.718756 0.284963 -0.121043
v -0.724887 0.28505 -0.197041
v -0.701754 0.284909 -0.259684
v -0.716222 0.284909 -0.280762
v -0.715242 0.284905 -0.236464
v -0.767302 0.284909 -0.373875
v -0.840299 0.284924 -0.456767
v -0.804475 0.284787 -0.474034
v -0.758134 0.284787 -0.473537
v -0.77915 0.284787 -0.5089
v -0.868872 0.284349 -0.604326
v -0.796168 0.284749 -0.600175
v -0.772811 0.284735 -0.600377
v -0.742417 0.284787 -0.600704
v -0.705744 0.283447 -0.605943
v -0.689905 0.283447 -0.605943
v -0.647994 0.283447 -0.605943
v -0.501089 0.284452 -0.602014
v -0.410992 0.284453 -0.60387
v -0.369841 0.280645 -0.608745
v -0.270701 0.254532 -0.60998
v -0.175756 0.249211 -0.608258
v -0.301735 0.247018 -0.605943
v -0.312212 0.247018 -0.605943
v -0.477432 0.24576 -0.600628
v -0.547791 0.245928 -0.591743
v -0.556047 0.245623 -0.574505
v -0.582244 0.245317 -0.567122
v -0.644099 0.24393 -0.559864
v -0.73468 0.245187 -0.570685
v -0.826147 0.243878 -0.562794
v -0.85483 0.243702 -0.572048
v -0.896052 0.238733 -0.56927
v -0.950219 0.219128 -0.584354
v -0.974587 0.19459 -0.562821
v -0.969729 0.225512 -0.534929
v -0.961225 0.24786 -0.532707
v -0.955187 0.249391 -0.487447
v -0.94698 0.246287 -0.438053
v -0.803431 0.23629 -0.280755
v -0.806807 0.236841 -0.253566
v -0.77875 0.236695 -0.221658
v -0.769456 0.236268 -0.208012
v -0.750097 0.242012 -0.161022
v -0.742587 0.235836 -0.152342
v -0.746072 0.238733 -0.149544
v -0.742417 0.223016 -0.151006
v -0.739316 0.203654 -0.036549
v -0.742635 0.203577 -0.0163648
v -0.742286 0.208914 0.044331
v -0.748517 0.20373 0.051329
v -0.747656 0.204863 0.0708579
v -0.751844 0.203437 0.0737781
v -0.747656 0.205715 0.0813358
v -0.747656 0.207299 0.0954689
v -0.747656 0.205228 0.0760969
v -0.752499 0.208023 0.147498
v -0.756264 0.233787 0.143127
v -0.760557 0.235719 0.193418
v -0.758295 0.238883 0.188925
v -0.712423 0.244333 0.166243
v -0.642261 0.244552 0.172984
v -0.614421 0.24451 0.259335
v -0.63699 0.244563 0.277405
v -0.595482 0.244459 0.291138
v -0.525824 0.244581 0.345862
v -0.468912 0.244581 0.454491
v -0.468592 0.244585 0.458797
v -0.453786 0.244459 0.490584
v -0.460752 0.243938 0.509138
v -0.462564 0.241748 0.525194
v -0.417638 0.244389 0.527868
v -0.374431 0.241402 0.535835
v -0.349977 0.234858 0.537994
v -0.336293 0.244171 0.545841
v -0.332167 0.238493 0.537469
v -0.338513 0.19754 0.539208
v -0.338282 0.198328 0.589364
v -0.334428 0.221679 0.593268
v -0.309439 0.249178 0.597629
v -0.308609 0.253942 0.599239
v -0.309167 0.259688 0.600724
v -0.309097 0.278362 0.601264
v -0.339474 0.28481 0.553426
v -0.38157 0.284899 0.503806
v -0.405543 0.284805 0.526805
v -0.427592 0.284787 0.558813
v -0.447743 0.284909 0.53294
v -0.453786 0.284909 0.553574
v -0.485342 0.284909 0.537735
v -0.477484 0.284909 0.525947
v -0.500404 0.284909 0.45315
v -0.550951 0.284909 0.388287
v -0.587624 0.284909 0.34365
v -0.633813 0.285018 0.319277
v -0.60596 0.284909 0.296499
v -0.586314 0.284909 0.259704
v -0.577146 0.284909 0.241368
v -0.562739 0.284909 0.236129
v -0.60727 0.284909 0.207223
v -0.627007 0.284909 0.205929
v -0.623718 0.284909 0.167901
v -0.66764 0.284909 0.0702031
v -0.708333 0.284909 0.0406273
v -0.710983 0.284909 0.0314439
v -0.687956 0.284909 0.0124526
v -0.721461 0.284909 -0.0183263
v -0.731785 0.284951 -0.0471827
v -0.723305 0.284965 -0.0761843
v -0.722217 0.285002 -0.113222
v -0.746839 0.285018 -0.139655
v -0.730202 0.284985 -0.152626
v -0.754871 0.284943 -0.180947
v -0.733533 0.284992 -0.177736
v -0.768611 0.284909 -0.217772
v -0.763049 0.285009 -0.251517
v -0.737178 0.285031 -0.254445
v -0.776531 0.284909 -0.348929
v -0.787694 0.284909 -0.392212
v -0.889351 0.284787 -0.590226
v -0.884112 0.283447 -0.605943
v -0.878873 0.283447 -0.605943
v -0.873634 0.283447 -0.605943
v -0.768611 0.283447 -0.605943
v -0.721461 0.283569 -0.605943
v -0.55357 0.280645 -0.608745
v -0.474864 0.275406 -0.610085
v -0.30817 0.265523 -0.611061
v -0.327929 0.249211 -0.608258
v -0.501059 0.247018 -0.605943
v -0.498538 0.246115 -0.604076
v -0.587132 0.245535 -0.600639
v -0.607548 0.245559 -0.600714
v -0.612386 0.24564 -0.574401
v -0.674445 0.245727 -0.597525
v -0.669794 0.245696 -0.579933
v -0.731361 0.245446 -0.574673
v -0.761824 0.245254 -0.57179
v -0.814444 0.245428 -0.578174
v -0.858757 0.24517 -0.579704
v -0.868391 0.24538 -0.580469
v -0.885398 0.245449 -0.580176
v -0.899691 0.244228 -0.575435
v -0.919782 0.242598 -0.57359
v -0.926735 0.244774 -0.579996
v -0.933887 0.240014 -0.578931
v -0.94353 0.229269 -0.583796
v -0.943388 0.226874 -0.584598
v -0.963336 0.210207 -0.579532
v -0.967293 0.23387 -0.532736
v -0.966966 0.253064 -0.537342
v -0.959706 0.257653 -0.527208
v -0.958756 0.256711 -0.519834
v -0.956078 0.270411 -0.514937
v -0.961553 0.260903 -0.457493
v -0.958676 0.259689 -0.506281
v -0.957955 0.249997 -0.46188
v -0.958632 0.249654 -0.432685
v -0.951181 0.245946 -0.40512
v -0.95142 0.246433 -0.435759
v -0.936053 0.245538 -0.416424
v -0.887438 0.244791 -0.360105
v -0.85558 0.244649 -0.353706
v -0.847837 0.243594 -0.336721
v -0.834804 0.238804 -0.31112
v -0.840184 0.244731 -0.298771
v -0.826321 0.239324 -0.284156
v -0.816686 0.23922 -0.246088
v -0.811457 0.238366 -0.23085
v -0.805102 0.236456 -0.221791
v -0.793995 0.23673 -0.190388
v -0.765317 0.235685 -0.185342
v -0.762281 0.236625 -0.180881
v -0.746065 0.241857 -0.159403
v -0.747656 0.238733 -0.144305
v -0.743248 0.215622 -0.141777
v -0.743006 0.206724 -0.111981
v -0.74386 0.204521 -0.0736014
v -0.747657 0.208209 -0.0505319
v -0.741966 0.206373 0.0261133
v -0.753013 0.203518 0.098778
v -0.752107 0.20593 0.130012
v -0.756085 0.208588 0.185783
v -0.758134 0.228255 0.173566
v -0.76351 0.238842 0.230968
v -0.74249 0.243702 0.222936
v -0.668949 0.244459 0.223032
v -0.587603 0.244505 0.332138
v -0.537732 0.244581 0.369844
v -0.516739 0.244576 0.453054
v -0.469681 0.244624 0.522277
v -0.484225 0.244693 0.528349
v -0.480585 0.238491 0.534397
v -0.456894 0.236175 0.535005
v -0.443308 0.235931 0.537735
v -0.425252 0.235888 0.537318
v -0.429374 0.23717 0.532167
v -0.415451 0.237471 0.536642
v -0.39797 0.23787 0.538184
v -0.369201 0.241167 0.549307
v -0.366188 0.236793 0.537553
v -0.354124 0.238855 0.548335
v -0.338649 0.245133 0.567829
v -0.325487 0.227764 0.595639
v -0.323941 0.23916 0.596222
v -0.316579 0.279146 0.605013
v -0.327929 0.283691 0.600724
v -0.33543 0.283839 0.601403
v -0.359909 0.284891 0.544241
v -0.38568 0.284787 0.564052
v -0.404414 0.284787 0.569666
v -0.432275 0.284819 0.563894
v -0.498478 0.284904 0.544864
v -0.517431 0.284909 0.474867
v -0.539102 0.284909 0.443967
v -0.646182 0.284969 0.278837
v -0.637516 0.284909 0.270182
v -0.602031 0.284909 0.251846
v -0.603995 0.284909 0.226306
v -0.66502 0.284909 0.19804
v -0.648648 0.284909 0.150189
v -0.655852 0.284909 0.146945
v -0.673533 0.284909 0.106876
v -0.7267 0.284909 0.0314439
v -0.74156 0.28497 0.00511192
v -0.731939 0.285031 -0.0183263
v -0.737173 0.28504 -0.0313292
v -0.765388 0.284967 -0.0898573
v -0.763373 0.285031 -0.102272
v -0.785699 0.284909 -0.194761
v -0.764302 0.284909 -0.228186
v -0.802787 0.284909 -0.270192
v -0.83684 0.284909 -0.29124
v -0.802787 0.284909 -0.296479
v -0.763373 0.284909 -0.270162
v -0.758134 0.284909 -0.296479
v -0.799497 0.284909 -0.337081
v -0.857796 0.284909 -0.390902
v -0.839893 0.284906 -0.386549
v -0.845723 0.284858 -0.453477
v -0.832625 0.284885 -0.480861
v -0.860604 0.284863 -0.505285
v -0.82381 0.284795 -0.534269
v -0.848939 0.284843 -0.556096
v -0.899735 0.284819 -0.582291
v -0.926024 0.283569 -0.605943
v -0.779089 0.280645 -0.608745
v -0.672212 0.262497 -0.61128
v -0.511537 0.25445 -0.609842
v -0.511537 0.249211 -0.608258
v -0.511537 0.247018 -0.605943
v -0.634485 0.245859 -0.603636
v -0.715254 0.245578 -0.600778
v -0.768611 0.245556 -0.600704
v -0.898372 0.245501 -0.60038
v -0.940979 0.245068 -0.59081
v -0.956874 0.231749 -0.57919
v -0.967152 0.240515 -0.579929
v -0.960776 0.224553 -0.583072
v -0.970378 0.230746 -0.579245
v -0.978518 0.218116 -0.551664
v -0.973297 0.259689 -0.546974
v -0.961043 0.267586 -0.533956
v -0.958855 0.270041 -0.427272
v -0.952374 0.245997 -0.393141
v -0.928106 0.245256 -0.389063
v -0.892742 0.244845 -0.351936
v -0.863035 0.244947 -0.33839
v -0.845445 0.244473 -0.321306
v -0.752895 0.239464 -0.149544
v -0.747656 0.238733 -0.144183
v -0.745219 0.233494 -0.139066
v -0.748719 0.206813 -0.026562
v -0.747644 0.203556 0.0252542
v -0.75289 0.204632 0.048725
v -0.758079 0.203414 0.126585
v -0.763285 0.205938 0.130778
v -0.760864 0.203483 0.155768
v -0.759807 0.206089 0.208022
v -0.76475 0.203711 0.205975
v -0.76191 0.207299 0.238748
v -0.763373 0.205715 0.238748
v -0.763355 0.207006 0.250016
v -0.768737 0.205404 0.279568
v -0.75791 0.243097 0.22391
v -0.719499 0.244407 0.227502
v -0.679427 0.244459 0.249226
v -0.635214 0.244563 0.247686
v -0.585296 0.244473 0.363308
v -0.583947 0.244553 0.37765
v -0.595702 0.244495 0.450672
v -0.566477 0.244567 0.408871
v -0.466635 0.244563 0.490585
v -0.466113 0.235837 0.53452
v -0.415725 0.239132 0.566685
v -0.387735 0.238716 0.545772
v -0.341076 0.245261 0.545029
v -0.333706 0.23833 0.586959
v -0.312214 0.25031 0.603415
v -0.383679 0.284734 0.594945
v -0.450916 0.284225 0.599969
v -0.444609 0.284663 0.589948
v -0.501059 0.284787 0.558813
v -0.510669 0.284829 0.543437
v -0.565998 0.284909 0.45647
v -0.574526 0.284909 0.393481
v -0.592167 0.284921 0.369435
v -0.660382 0.284907 0.287369
v -0.659781 0.284909 0.246607
v -0.625027 0.284909 0.257085
v -0.632246 0.284909 0.215112
v -0.670259 0.284909 0.154773
v -0.7267 0.284909 0.0393023
v -0.7267 0.284909 0.055141
v -0.743363 0.285055 -0.0477604
v -0.773746 0.28493 -0.045801
v -0.768878 0.284962 -0.0884004
v -0.804751 0.284909 -0.125253
v -0.776691 0.28491 -0.107518
v -0.77385 0.284909 -0.133827
v -0.801477 0.284909 -0.173119
v -0.821788 0.28491 -0.334678
v -0.793588 0.284909 -0.306957
v -0.885717 0.284801 -0.461788
v -0.867406 0.284852 -0.483584
v -0.897008 0.284933 -0.556886
v -0.925825 0.284726 -0.603392
v -0.984179 0.279244 -0.609787
v -0.689905 0.249211 -0.608258
v -0.705744 0.246896 -0.605943
v -0.810687 0.24682 -0.605943
v -0.899829 0.246896 -0.605943
v -0.905068 0.246896 -0.605943
v -0.910307 0.246774 -0.605943
v -0.915546 0.246774 -0.605943
v -0.93626 0.24531 -0.600051
v -0.941242 0.241322 -0.583575
v -0.956185 0.23889 -0.574869
v -0.979757 0.2203 -0.560486
v -0.958634 0.272453 -0.524868
v -0.958324 0.272473 -0.486874
v -0.957252 0.247334 -0.409715
v -0.951246 0.245281 -0.353438
v -0.846973 0.245073 -0.313593
v -0.835972 0.244594 -0.27912
v -0.833221 0.244248 -0.267711
v -0.824553 0.242152 -0.252156
v -0.800889 0.236917 -0.199903
v -0.794567 0.237326 -0.17796
v -0.74822 0.237358 -0.130501
v -0.747508 0.233915 -0.101692
v -0.747558 0.232169 -0.0911385
v -0.753245 0.238368 -0.0665617
v -0.753266 0.238017 -0.051661
v -0.74934 0.204262 0.00113288
v -0.752755 0.206662 0.0194408
v -0.757176 0.207995 0.0604441
v -0.763388 0.20361 0.177531
v -0.768632 0.203823 0.247211
v -0.773865 0.204923 0.26881
v -0.773729 0.208049 0.286111
v -0.762826 0.212168 0.255237
v -0.763831 0.239541 0.239922
v -0.684666 0.244459 0.291138
v -0.631534 0.244483 0.310331
v -0.637516 0.244581 0.34365
v -0.677276 0.244067 0.317284
v -0.679228 0.239437 0.328384
v -0.684859 0.238222 0.338868
v -0.687192 0.238628 0.369775
v -0.691467 0.238487 0.437582
v -0.685187 0.243366 0.463168
v -0.673972 0.242746 0.38445
v -0.627038 0.244581 0.422356
v -0.473566 0.244741 0.512372
v -0.511084 0.245089 0.526182
v -0.501616 0.238336 0.532512
v -0.483803 0.238962 0.550173
v -0.49582 0.238733 0.574529
v -0.490581 0.237758 0.569291
v -0.48118 0.238716 0.567424
v -0.355822 0.240617 0.561357
v -0.332357 0.238457 0.593026
v -0.317526 0.254778 0.605284
v -0.346627 0.279267 0.604963
v -0.375202 0.283812 0.600724
v -0.493095 0.284703 0.595266
v -0.471172 0.283846 0.600727
v -0.493948 0.284418 0.599871
v -0.525568 0.284878 0.542295
v -0.527254 0.284909 0.522018
v -0.641843 0.284998 0.375686
v -0.694226 0.285029 0.291346
v -0.705744 0.284909 0.212554
v -0.719496 0.284909 0.0963979
v -0.743726 0.284909 0.0695482
v -0.750557 0.285016 0.0241835
v -0.77032 0.284994 -0.0207105
v -0.804695 0.284909 -0.227167
v -0.868395 0.284909 -0.306957
v -0.857163 0.284828 -0.376669
v -0.901139 0.284787 -0.457166
v -0.887806 0.284828 -0.472751
v -0.915214 0.2849 -0.540848
v -0.980893 0.285091 -0.600048
v -0.995258 0.282988 -0.608267
v -0.989013 0.275406 -0.610085
v -0.994208 0.254584 -0.609998
v -0.815884 0.249211 -0.608502
v -0.931263 0.246896 -0.605943
v -0.950151 0.242166 -0.581502
v -0.975047 0.238576 -0.57555
v -0.974739 0.230567 -0.574645
v -0.98021 0.230264 -0.555151
v -0.978441 0.254236 -0.555738
v -0.984076 0.268592 -0.559196
v -0.978321 0.264837 -0.554433
v -0.97497 0.270358 -0.546418
v -0.974365 0.273409 -0.538838
v -0.963454 0.2737 -0.462505
v -0.960425 0.271098 -0.397451
v -0.96254 0.270277 -0.375244
v -0.962446 0.269354 -0.375092
v -0.962635 0.255355 -0.399036
v -0.957146 0.245811 -0.350548
v -0.939353 0.245228 -0.339801
v -0.855785 0.244835 -0.26991
v -0.823399 0.24452 -0.227347
v -0.816738 0.243734 -0.224362
v -0.815884 0.244094 -0.217772
v -0.807386 0.243061 -0.1953
v -0.802376 0.239699 -0.190883
v -0.805406 0.243363 -0.186217
v -0.787029 0.237231 -0.154731
v -0.762175 0.236203 -0.161638
v -0.752107 0.237695 -0.117995
v -0.769907 0.239426 -0.0426839
v -0.757414 0.239554 -0.0291353
v -0.764283 0.23999 -0.0029022
v -0.752882 0.233788 -0.0229723
v -0.756417 0.23258 0.00602817
v -0.763173 0.23338 0.0886376
v -0.76595 0.235276 0.116318
v -0.768368 0.238733 0.0918138
v -0.768611 0.238733 0.0970528
v -0.768611 0.238611 0.102292
v -0.768595 0.205971 0.18923
v -0.769476 0.204226 0.214503
v -0.774325 0.2063 0.249675
v -0.767027 0.208234 0.280987
v -0.769029 0.228781 0.278575
v -0.767212 0.233125 0.259118
v -0.766844 0.235188 0.255486
v -0.751146 0.243932 0.280275
v -0.725953 0.244453 0.268741
v -0.681711 0.24444 0.308902
v -0.690159 0.243094 0.348017
v -0.692953 0.24312 0.394562
v -0.694657 0.243972 0.385683
v -0.695144 0.243972 0.396161
v -0.69543 0.242676 0.44576
v -0.69819 0.243972 0.448551
v -0.695144 0.24385 0.45379
v -0.66761 0.244512 0.42467
v -0.624357 0.244581 0.45909
v -0.614523 0.244605 0.475238
v -0.546041 0.244505 0.461682
v -0.533026 0.245033 0.52238
v -0.527827 0.238626 0.532107
v -0.501809 0.237074 0.538013
v -0.496945 0.236767 0.568961
v -0.501059 0.238733 0.574651
v -0.480027 0.243645 0.576328
v -0.473425 0.237453 0.569002
v -0.4317 0.236786 0.567457
v -0.380725 0.241098 0.564813
v -0.360187 0.241183 0.562178
v -0.338038 0.245001 0.576234
v -0.321019 0.246786 0.602423
v -0.365116 0.275134 0.605655
v -0.391197 0.278704 0.605134
v -0.411875 0.282229 0.60243
v -0.4932 0.283934 0.600724
v -0.516776 0.283934 0.600724
v -0.548971 0.283934 0.600724
v -0.537732 0.284909 0.548335
v -0.55357 0.284909 0.51154
v -0.598101 0.284909 0.447271
v -0.621799 0.284909 0.448551
v -0.638915 0.28499 0.414856
v -0.64573 0.285026 0.377952
v -0.671569 0.285031 0.342995
v -0.721461 0.284909 0.17052
v -0.707008 0.284909 0.142985
v -0.756169 0.284909 0.131837
v -0.761408 0.284909 0.0891943
v -0.763624 0.284964 0.0307175
v -0.789689 0.284909 0.00786853
v -0.81261 0.284909 -0.0963929
v -0.854431 0.28487 -0.11465
v -0.843379 0.284906 -0.137107
v -0.878219 0.284807 -0.249779
v -0.858655 0.284936 -0.27059
v -0.876248 0.284834 -0.312191
v -0.881593 0.284797 -0.36082
v -0.89459 0.284787 -0.406619
v -0.862932 0.284825 -0.403336
v -0.89721 0.284787 -0.432814
v -0.913582 0.284787 -0.439393
v -0.920508 0.28482 -0.490671
v -0.921605 0.28482 -0.532015
v -0.951936 0.28499 -0.563604
v -0.999474 0.28028 -0.606016
v -0.974435 0.248163 -0.607235
v -0.98471 0.246273 -0.60285
v -0.957557 0.244492 -0.581774
v -0.979494 0.243456 -0.569849
v -0.979624 0.240668 -0.56001
v -0.983118 0.248929 -0.564717
v -0.985115 0.270167 -0.553553
v -0.985551 0.271756 -0.54815
v -0.978766 0.273375 -0.530381
v -0.967911 0.271128 -0.319602
v -0.966732 0.256068 -0.33929
v -0.963735 0.248722 -0.338416
v -0.961044 0.247013 -0.341247
v -0.916806 0.245029 -0.320859
v -0.805406 0.243972 -0.180978
v -0.79456 0.240247 -0.162363
v -0.795389 0.243714 -0.15061
v -0.759835 0.236894 -0.149423
v -0.758596 0.238935 -0.0111375
v -0.766175 0.233494 0.123248
v -0.763026 0.209299 0.110479
v -0.769074 0.208648 0.172045
v -0.773878 0.213611 0.286754
v -0.760517 0.242992 0.253237
v -0.737572 0.244334 0.289306
v -0.689521 0.243866 0.331564
v -0.689996 0.243506 0.339664
v -0.69417 0.243972 0.375083
v -0.695485 0.244385 0.379157
v -0.700383 0.244581 0.406639
v -0.709231 0.244484 0.399535
v -0.696344 0.244409 0.41516
v -0.710087 0.244465 0.449182
v -0.700961 0.244543 0.447892
v -0.68853 0.244506 0.465351
v -0.67321 0.244181 0.457114
v -0.632395 0.244996 0.499517
v -0.58565 0.24467 0.504517
v -0.562999 0.244555 0.489275
v -0.559027 0.244832 0.525553
v -0.553272 0.238389 0.532448
v -0.511228 0.240138 0.575115
v -0.43891 0.239005 0.573029
v -0.42534 0.238173 0.570171
v -0.415694 0.243758 0.57578
v -0.334675 0.245107 0.598401
v -0.46952 0.280643 0.604187
v -0.464386 0.275406 0.605598
v -0.490753 0.275328 0.605754
v -0.578848 0.284032 0.600731
v -0.536111 0.284907 0.57068
v -0.559464 0.284909 0.537156
v -0.588933 0.284909 0.489274
v -0.608625 0.284909 0.520739
v -0.633145 0.284925 0.453286
v -0.656136 0.284981 0.439627
v -0.637516 0.285031 0.443312
v -0.710298 0.285031 0.360052
v -0.694535 0.285031 0.356747
v -0.708333 0.285031 0.335791
v -0.717993 0.285004 0.291777
v -0.743726 0.285031 0.254465
v -0.724459 0.284963 0.229547
v -0.723291 0.284981 0.218387
v -0.761531 0.284952 0.186866
v -0.771231 0.284909 0.0577605
v -0.809335 0.284909 -0.0124324
v -0.806716 0.284909 -0.0327639
v -0.845475 0.284897 -0.0697765
v -0.863641 0.284787 -0.134807
v -0.857796 0.284787 -0.149544
v -0.910307 0.284787 -0.217772
v -0.876153 0.284824 -0.17582
v -0.873776 0.284789 -0.224471
v -0.933787 0.284806 -0.274737
v -0.911081 0.284843 -0.305901
v -0.888647 0.284927 -0.316703
v -0.88703 0.284887 -0.358682
v -0.915546 0.284787 -0.427575
v -0.982084 0.284958 -0.464335
v -0.932475 0.284736 -0.476172
v -0.973343 0.284562 -0.515307
v -0.986962 0.284675 -0.533789
v -0.99236 0.284705 -0.573165
v -0.974445 0.245266 -0.58708
v -0.980537 0.245545 -0.578852
v -0.979388 0.243972 -0.574509
v -0.984324 0.256091 -0.562668
v -0.989157 0.259972 -0.554017
v -0.983755 0.273164 -0.486811
v -0.98354 0.273335 -0.460397
v -0.969711 0.273128 -0.386495
v -0.968914 0.273052 -0.375131
v -0.972871 0.273346 -0.33096
v -0.974296 0.273064 -0.292114
v -0.965544 0.269517 -0.32634
v -0.939823 0.245164 -0.303812
v -0.919434 0.245003 -0.298736
v -0.889517 0.244951 -0.252997
v -0.809063 0.244406 -0.188521
v -0.805406 0.244337 -0.175739
v -0.80201 0.244034 -0.168909
v -0.784306 0.237509 -0.134558
v -0.782726 0.237845 -0.121848
v -0.774018 0.238255 -0.0700605
v -0.772339 0.240449 -0.0365809
v -0.762508 0.238532 0.0272043
v -0.767211 0.239375 0.0685429
v -0.769108 0.239041 0.092354
v -0.787921 0.24029 0.113683
v -0.772354 0.238641 0.143071
v -0.774245 0.236997 0.187912
v -0.770383 0.212743 0.181154
v -0.777589 0.207072 0.281204
v -0.768899 0.233717 0.279824
v -0.767026 0.237165 0.291462
v -0.694953 0.244484 0.331123
v -0.735769 0.244411 0.347148
v -0.694074 0.244586 0.47991
v -0.664229 0.244634 0.500298
v -0.590187 0.245805 0.521979
v -0.600529 0.244359 0.527215
v -0.590829 0.23766 0.534155
v -0.523811 0.237595 0.537456
v -0.544156 0.238503 0.562947
v -0.537732 0.238367 0.569291
v -0.534383 0.239131 0.571057
v -0.489602 0.24378 0.578699
v -0.456243 0.237468 0.571603
v -0.387607 0.244138 0.575113
v -0.351012 0.243525 0.572765
v -0.339375 0.245086 0.589457
v -0.350627 0.250403 0.604609
v -0.417114 0.275406 0.605598
v -0.436304 0.275315 0.605622
v -0.449116 0.263681 0.605436
v -0.503942 0.279503 0.605102
v -0.530797 0.275324 0.605741
v -0.562199 0.278921 0.605596
v -0.595482 0.280645 0.604258
v -0.579644 0.284802 0.595374
v -0.57562 0.284815 0.595281
v -0.652434 0.284852 0.501553
v -0.669611 0.285039 0.469693
v -0.721461 0.285031 0.369844
v -0.772285 0.284997 0.298323
v -0.771765 0.285016 0.292207
v -0.739148 0.285095 0.274304
v -0.785768 0.285029 0.239148
v -0.757071 0.28503 0.221494
v -0.785699 0.284909 0.109526
v -0.808026 0.284909 0.0918138
v -0.842079 0.284909 -0.039404
v -0.841264 0.284863 -0.0595461
v -0.852557 0.284787 -0.0603598
v -0.822315 0.284899 -0.0854077
v -0.863496 0.284781 -0.106591
v -0.859681 0.284815 -0.140001
v -0.904144 0.284782 -0.136336
v -0.91155 0.284792 -0.165034
v -0.938968 0.28481 -0.207502
v -0.943414 0.284838 -0.243557
v -0.922591 0.284909 -0.32527
v -0.930949 0.284763 -0.389304
v -0.994146 0.284318 -0.579534
v -0.998035 0.28262 -0.604711
v -0.989291 0.27067 -0.480715
v -0.983719 0.272849 -0.357326
v -0.983847 0.272841 -0.331121
v -0.977495 0.273244 -0.262621
v -0.975776 0.271931 -0.24183
v -0.973317 0.270347 -0.250419
v -0.968676 0.250229 -0.295396
v -0.961935 0.245859 -0.286965
v -0.9328 0.245009 -0.279881
v -0.866703 0.244894 -0.206286
v -0.828938 0.244808 -0.144338
v -0.805531 0.244784 -0.163882
v -0.788392 0.244018 -0.0993955
v -0.785347 0.244969 -0.0766585
v -0.761846 0.239334 0.0111993
v -0.779374 0.240919 0.0577113
v -0.781824 0.241172 0.0576261
v -0.785103 0.240438 0.0833185
v -0.783268 0.239856 0.103415
v -0.78947 0.240706 0.13667
v -0.780878 0.238984 0.189482
v -0.779129 0.23855 0.205948
v -0.770296 0.233138 0.17839
v -0.778151 0.212461 0.265818
v -0.774031 0.231397 0.286379
v -0.757605 0.244125 0.304932
v -0.73816 0.244468 0.364078
v -0.745597 0.244453 0.477048
v -0.716174 0.244522 0.476228
v -0.708797 0.244171 0.490196
v -0.670448 0.245679 0.520804
v -0.633258 0.245698 0.521647
v -0.60596 0.238733 0.532252
v -0.595482 0.238733 0.532252
v -0.562844 0.238717 0.568847
v -0.611802 0.238876 0.569312
v -0.588313 0.243938 0.577218
v -0.553608 0.238714 0.569349
v -0.539441 0.244264 0.57861
v -0.374509 0.245607 0.600044
v -0.406636 0.249211 0.603892
v -0.397742 0.262847 0.606237
v -0.485926 0.25468 0.605432
v -0.524067 0.250838 0.604967
v -0.543326 0.254471 0.605413
v -0.57009 0.264286 0.605586
v -0.600707 0.275298 0.605739
v -0.583089 0.283854 0.602054
v -0.628977 0.284839 0.594975
v -0.621368 0.284883 0.559415
v -0.667695 0.285092 0.539401
v -0.684666 0.285031 0.417117
v -0.684666 0.285031 0.406639
v -0.726883 0.285031 0.369473
v -0.75294 0.285028 0.349704
v -0.787031 0.284923 0.286401
v -0.802275 0.284941 0.211621
v -0.814711 0.284909 0.219028
v -0.823742 0.284909 0.199334
v -0.770687 0.285044 0.21183
v -0.786158 0.284909 0.178087
v -0.842079 0.284909 0.0918138
v -0.847318 0.284909 0.055141
v -0.786354 0.284909 0.0682232
v -0.832911 0.284909 0.0235854
v -0.83684 0.284909 -0.0288042
v -0.864566 0.284787 -0.071242
v -0.93368 0.284916 -0.159957
v -0.965894 0.284898 -0.231215
v -0.962819 0.284909 -0.254445
v -0.967685 0.285001 -0.306618
v -0.985512 0.285025 -0.340719
v -0.987423 0.285047 -0.398115
v -0.99368 0.284542 -0.470551
v -0.993939 0.284436 -0.497826
v -0.999958 0.280671 -0.598058
v -1.00045 0.254817 -0.606236
v -0.99877 0.248781 -0.606746
v -0.997786 0.247034 -0.598642
v -0.993629 0.246783 -0.572067
v -0.988793 0.249172 -0.562759
v -0.991354 0.249333 -0.555359
v -0.988194 0.268491 -0.550144
v -0.9919 0.252246 -0.513167
v -0.988303 0.271845 -0.409169
v -0.990502 0.269061 -0.291775
v -0.988933 0.270784 -0.291699
v -0.988269 0.27125 -0.291041
v -0.988484 0.270553 -0.241189
v -0.973965 0.25484 -0.242097
v -0.893281 0.244947 -0.201355
v -0.873683 0.244947 -0.191478
v -0.794869 0.244497 -0.138124
v -0.78967 0.244714 -0.0958916
v -0.781946 0.244803 -0.0598278
v -0.782997 0.244339 -0.0133871
v -0.794217 0.244834 0.0313358
v -0.795238 0.244754 0.0485569
v -0.779089 0.242023 0.0288244
v -0.78445 0.241901 0.055141
v -0.794592 0.243555 0.0974728
v -0.777769 0.230477 0.277576
v -0.761748 0.243165 0.319324
v -0.76362 0.244619 0.36439
v -0.764956 0.244453 0.386137
v -0.749594 0.244441 0.413527
v -0.746346 0.244347 0.448138
v -0.698333 0.245458 0.521367
v -0.71611 0.245787 0.521961
v -0.632331 0.244785 0.527256
v -0.611199 0.238733 0.532252
v -0.542481 0.244768 0.580379
v -0.495755 0.245085 0.589385
v -0.465932 0.245122 0.59576
v -0.438069 0.249211 0.604014
v -0.452507 0.249211 0.604014
v -0.49582 0.249211 0.604014
v -0.540811 0.250311 0.604893
v -0.591931 0.254516 0.605491
v -0.625139 0.267039 0.605697
v -0.619408 0.278366 0.605521
v -0.697228 0.284958 0.446244
v -0.70268 0.284923 0.476015
v -0.7158 0.284943 0.390297
v -0.813919 0.284909 0.286584
v -0.830946 0.284909 0.299073
v -0.826362 0.284909 0.249226
v -0.844698 0.284909 0.219102
v -0.832911 0.284909 0.208533
v -0.835624 0.284922 0.186077
v -0.827479 0.2849 0.144815
v -0.903222 0.284757 0.0430799
v -0.870332 0.284863 0.0172602
v -0.868232 0.284788 -0.0289697
v -0.878873 0.284787 -0.0577404
v -0.870897 0.284787 -0.0966474
v -0.928974 0.284791 -0.119628
v -0.984458 0.284849 -0.199462
v -0.987547 0.284789 -0.220807
v -0.981575 0.284874 -0.252623
v -0.972969 0.284964 -0.287047
v -0.987554 0.28514 -0.325376
v -0.985924 0.285149 -0.356007
v -0.998234 0.282584 -0.514858
v -0.99983 0.275594 -0.526714
v -0.999491 0.248845 -0.553553
v -0.999491 0.248724 -0.548314
v -0.999491 0.248602 -0.527359
v -0.981317 0.269688 -0.23297
v -0.975246 0.265634 -0.235568
v -0.960722 0.245587 -0.28103
v -0.932203 0.244946 -0.248501
v -0.920768 0.244953 -0.213472
v -0.905068 0.244947 -0.175739
v -0.846535 0.244908 -0.143537
v -0.7953 0.244863 -0.105813
v -0.836491 0.244937 -0.0555025
v -0.796738 0.244825 -0.00685018
v -0.821611 0.24495 -0.0135466
v -0.831601 0.244947 -0.00784832
v -0.800284 0.245051 0.0543382
v -0.798421 0.245054 0.140364
v -0.791325 0.24164 0.15156
v -0.791498 0.239254 0.2099
v -0.793247 0.239247 0.223674
v -0.784164 0.238645 0.240684
v -0.779551 0.237924 0.226993
v -0.775752 0.233713 0.234756
v -0.778822 0.233542 0.28179
v -0.775505 0.234502 0.294257
v -0.770434 0.235326 0.303686
v -0.76931 0.238706 0.356298
v -0.768812 0.244105 0.413766
v -0.767237 0.242927 0.479487
v -0.7267 0.244216 0.527257
v -0.681057 0.245625 0.526373
v -0.648414 0.239034 0.532472
v -0.60869 0.237245 0.538971
v -0.650267 0.239122 0.562353
v -0.630289 0.239617 0.569011
v -0.55357 0.246043 0.600724
v -0.595482 0.249211 0.604136
v -0.631545 0.254547 0.605499
v -0.642973 0.254601 0.605503
v -0.658471 0.279335 0.604714
v -0.658471 0.284787 0.595485
v -0.653906 0.284922 0.561913
v -0.683944 0.28496 0.549444
v -0.681164 0.284965 0.527023
v -0.695144 0.284909 0.506301
v -0.707526 0.285022 0.435851
v -0.722874 0.284978 0.436168
v -0.758134 0.285031 0.390922
v -0.775619 0.284983 0.344459
v -0.805406 0.284909 0.312216
v -0.83684 0.284909 0.238748
v -0.857543 0.284897 0.1815
v -0.83474 0.284838 0.145511
v -0.840569 0.284912 0.124261
v -0.915546 0.284787 0.0865749
v -0.92598 0.284875 0.0373444
v -0.914928 0.284788 0.0212502
v -0.899829 0.284787 -0.0130873
v -0.89459 0.284787 -0.0183263
v -0.911617 0.284787 -0.057055
v -0.910307 0.284787 -0.0813157
v -0.944981 0.284881 -0.114954
v -0.928094 0.284896 -0.132223
v -0.988955 0.285037 -0.259608
v -0.996747 0.284173 -0.332602
v -0.996299 0.283771 -0.39522
v -0.998628 0.282773 -0.4108
v -0.999735 0.249211 -0.521998
v -0.999491 0.248381 -0.512061
v -0.993906 0.247315 -0.505918
v -0.994252 0.247505 -0.417097
v -0.978598 0.250334 -0.235612
v -0.971269 0.246769 -0.241329
v -0.952882 0.245087 -0.248046
v -0.945186 0.244948 -0.208354
v -0.84235 0.244849 -0.0886796
v -0.862649 0.244955 -0.00830979
v -0.884152 0.244948 -0.0319234
v -0.811003 0.244979 0.0419419
v -0.800597 0.245014 0.0924967
v -0.819615 0.244882 0.0825615
v -0.801655 0.24512 0.108106
v -0.79986 0.245388 0.160245
v -0.794928 0.238733 0.249226
v -0.790664 0.238733 0.243987
v -0.784739 0.237379 0.283986
v -0.775537 0.235563 0.340579
v -0.768551 0.243369 0.391419
v -0.769185 0.244214 0.422994
v -0.771532 0.243951 0.451882
v -0.772592 0.244108 0.46775
v -0.765947 0.241746 0.493684
v -0.750433 0.243545 0.505063
v -0.758988 0.245899 0.521829
v -0.742417 0.243972 0.527257
v -0.703009 0.23909 0.532655
v -0.68815 0.238744 0.534436
v -0.699902 0.238076 0.537886
v -0.639501 0.237257 0.540245
v -0.605737 0.24487 0.579239
v -0.600588 0.245338 0.599706
v -0.619773 0.249211 0.604136
v -0.650613 0.249211 0.604136
v -0.646269 0.254979 0.605582
v -0.666098 0.254705 0.605534
v -0.658471 0.259689 0.605598
v -0.670106 0.284121 0.600645
v -0.723341 0.284963 0.47984
v -0.731242 0.285063 0.453906
v -0.742417 0.285031 0.417117
v -0.789291 0.284939 0.385817
v -0.810645 0.284909 0.375083
v -0.855176 0.284909 0.330552
v -0.857796 0.284909 0.312216
v -0.865469 0.284917 0.305646
v -0.878873 0.284909 0.264943
v -0.881305 0.284887 0.198053
v -0.861518 0.28483 0.175287
v -0.907707 0.284774 0.0778589
v -0.982034 0.284814 -0.0842827
v -0.961768 0.284845 -0.10141
v -0.977897 0.284908 -0.148373
v -0.994317 0.284613 -0.206805
v -0.994252 0.284543 -0.254445
v -0.999491 0.281132 -0.280762
v -0.999491 0.281132 -0.286001
v -0.999491 0.281376 -0.312196
v -0.999972 0.279502 -0.310912
v -0.999907 0.28038 -0.363694
v -1.00021 0.280383 -0.384549
v -1.00049 0.253937 -0.549351
v -0.999491 0.248358 -0.485325
v -0.999484 0.248176 -0.384095
v -0.993924 0.247628 -0.353954
v -0.992347 0.250198 -0.357573
v -0.990643 0.261604 -0.249497
v -0.98906 0.263618 -0.237259
v -0.984613 0.249936 -0.234963
v -0.967342 0.244788 -0.22678
v -0.890268 0.244936 -0.150944
v -0.868395 0.244947 -0.107511
v -0.857071 0.244929 -0.0814168
v -0.884112 0.244947 -0.039404
v -0.852174 0.244835 0.0280272
v -0.86144 0.24484 0.0769514
v -0.831601 0.244825 0.123248
v -0.822501 0.244923 0.168473
v -0.798877 0.244601 0.20071
v -0.800167 0.240926 0.249226
v -0.800065 0.238379 0.285644
v -0.787034 0.237286 0.312023
v -0.776926 0.235958 0.387304
v -0.77385 0.238246 0.4014
v -0.773852 0.236949 0.383029
v -0.777899 0.237478 0.426376
v -0.779089 0.237275 0.443608
v -0.779089 0.238367 0.464389
v -0.775742 0.240996 0.476305
v -0.777944 0.238743 0.479504
v -0.782568 0.237435 0.503675
v -0.763548 0.244949 0.517446
v -0.77527 0.239194 0.531362
v -0.747656 0.24385 0.527257
v -0.710205 0.239255 0.56467
v -0.669246 0.239562 0.561836
v -0.665857 0.243763 0.570898
v -0.65143 0.245244 0.577943
v -0.7267 0.249211 0.604136
v -0.701397 0.25477 0.605548
v -0.679677 0.250969 0.605263
v -0.67012 0.267245 0.605717
v -0.687291 0.279454 0.605239
v -0.673155 0.28487 0.59476
v -0.691149 0.285029 0.527981
v -0.726094 0.28491 0.540224
v -0.719426 0.284907 0.514946
v -0.752895 0.285031 0.474867
v -0.789689 0.285031 0.411878
v -0.800167 0.284909 0.396161
v -0.891503 0.284782 0.28712
v -0.870889 0.284912 0.239244
v -0.903944 0.284768 0.178872
v -0.926024 0.284787 0.133847
v -0.868504 0.284788 0.1659
v -0.86386 0.284799 0.127157
v -0.944008 0.284834 0.0904437
v -0.936502 0.284909 0.0419828
v -0.920738 0.284876 0.0220775
v -0.993811 0.284765 -0.11465
v -0.99396 0.284553 -0.143922
v -0.99845 0.28268 -0.209481
v -0.99675 0.284207 -0.239312
v -0.999491 0.28101 -0.275401
v -0.999979 0.249211 -0.390902
v -0.992896 0.246948 -0.245883
v -0.988741 0.248821 -0.237318
v -0.977318 0.246916 -0.230098
v -0.964311 0.24494 -0.178349
v -0.920785 0.244947 -0.11811
v -0.863035 0.244947 0.0445413
v -0.804883 0.245355 0.201561
v -0.804361 0.244845 0.235826
v -0.805406 0.242754 0.275421
v -0.80211 0.238184 0.305253
v -0.791094 0.237825 0.319523
v -0.776081 0.23564 0.374011
v -0.779127 0.236024 0.396014
v -0.815467 0.236827 0.49665
v -0.689905 0.242388 0.569291
v -0.672305 0.245175 0.599387
v -0.716222 0.246043 0.600724
v -0.750893 0.284942 0.522148
v -0.768611 0.285031 0.480106
v -0.78924 0.284966 0.437779
v -0.870127 0.28484 0.348995
v -0.882903 0.284787 0.361093
v -0.888 0.284828 0.317656
v -0.898553 0.284835 0.252905
v -0.901552 0.284781 0.242537
v -0.905068 0.284787 0.186237
v -0.923319 0.284893 0.219619
v -0.924934 0.284861 0.146501
v -0.899829 0.284787 0.123248
v -0.903758 0.284787 0.114079
v -0.924069 0.284876 0.0675814
v -0.95758 0.284909 0.0393023
v -0.981218 0.284909 -0.0548026
v -0.998482 0.283812 -0.0916477
v -0.999961 0.280955 -0.19427
v -1.00052 0.263786 -0.273309
v -1.00013 0.249758 -0.368396
v -0.999491 0.248114 -0.333151
v -0.996175 0.246867 -0.298462
v -0.963268 0.244898 -0.182945
v -0.926024 0.244947 -0.0813157
v -0.951911 0.244984 -0.0792331
v -0.943037 0.244906 -0.0453049
v -0.911104 0.245064 -0.00790879
v -0.902449 0.244947 0.0643092
v -0.865105 0.244932 0.0628631
v -0.868395 0.244825 0.0918138
v -0.848091 0.244922 0.175011
v -0.813757 0.244971 0.222877
v -0.801223 0.237862 0.31335
v -0.792051 0.236964 0.385264
v -0.784474 0.236258 0.455676
v -0.804717 0.236452 0.479355
v -0.777359 0.243271 0.522454
v -0.76335 0.238226 0.532967
v -0.774025 0.238732 0.557296
v -0.721461 0.239098 0.564052
v -0.731782 0.242737 0.571414
v -0.688155 0.245076 0.576052
v -0.700383 0.245312 0.579768
v -0.719192 0.245151 0.595533
v -0.727114 0.259721 0.606189
v -0.745664 0.275078 0.605765
v -0.722963 0.283685 0.60263
v -0.697088 0.284863 0.595375
v -0.722488 0.284946 0.568418
v -0.754204 0.284909 0.555538
v -0.756346 0.284909 0.537664
v -0.815884 0.284909 0.48731
v -0.779337 0.285027 0.464322
v -0.863035 0.284909 0.359366
v -0.925485 0.284856 0.281053
v -0.923952 0.284846 0.269784
v -0.964128 0.284909 0.226961
v -0.942229 0.284896 0.169849
v -0.964546 0.284944 0.126262
v -0.938672 0.284792 0.11251
v -0.993822 0.284781 0.0301189
v -0.976899 0.284914 0.0288998
v -0.993876 0.284656 -0.00262509
v -0.993818 0.284672 -0.0357356
v -0.994184 0.284501 -0.0481991
v -1.00034 0.275406 -0.186217
v -1.00029 0.250185 -0.308033
v -0.9992 0.248171 -0.238843
v -0.995245 0.245828 -0.233604
v -0.99423 0.245439 -0.199889
v -0.972326 0.245059 -0.124267
v -0.968021 0.24514 -0.00365286
v -0.939053 0.245003 0.0227143
v -0.891987 0.244956 0.147752
v -0.859646 0.244873 0.214658
v -0.83442 0.244741 0.30037
v -0.811062 0.244598 0.296896
v -0.815033 0.244136 0.35794
v -0.805147 0.237822 0.345999
v -0.806591 0.237181 0.386638
v -0.815203 0.238109 0.505747
v -0.784975 0.237812 0.510802
v -0.77257 0.241137 0.516847
v -0.818896 0.239331 0.533932
v -0.805423 0.238367 0.537683
v -0.816386 0.239253 0.556247
v -0.755535 0.242837 0.57109
v -0.739101 0.245309 0.583057
v -0.758134 0.278025 0.605049
v -0.81069 0.282658 0.603604
v -0.750196 0.284279 0.60044
v -0.787009 0.284909 0.548335
v -0.815214 0.284909 0.523343
v -0.800167 0.284909 0.474867
v -0.827323 0.284911 0.421136
v -0.880544 0.284799 0.388153
v -0.884112 0.284787 0.369844
v -0.901994 0.284784 0.323251
v -0.943691 0.284898 0.295375
v -0.931263 0.284909 0.28066
v -0.998822 0.283341 -0.00221987
v -0.999735 0.249211 -0.238728
v -0.999491 0.248236 -0.212533
v -0.999491 0.248602 -0.128588
v -0.994018 0.245338 -0.158455
v -0.994252 0.245434 -0.11811
v -0.993737 0.245233 -0.0776548
v -0.966399 0.245085 -0.02893
v -0.977824 0.245158 -0.0244074
v -0.964367 0.245002 0.0350059
v -0.936502 0.244947 0.0577605
v -0.906378 0.244947 0.166591
v -0.882225 0.244863 0.220599
v -0.817871 0.244905 0.268402
v -0.810569 0.244259 0.302642
v -0.807091 0.237312 0.383953
v -0.811254 0.238733 0.396161
v -0.816283 0.238349 0.478041
v -0.816611 0.237376 0.498802
v -0.792716 0.243695 0.524959
v -0.823731 0.239404 0.537961
v -0.789373 0.239571 0.565199
v -0.77385 0.241292 0.569291
v -0.803599 0.244828 0.577158
v -0.743514 0.245772 0.60033
v -0.741845 0.254617 0.605642
v -0.813743 0.275318 0.605724
v -0.818204 0.281476 0.604447
v -0.843483 0.284445 0.600147
v -0.801828 0.284833 0.595095
v -0.77385 0.284787 0.595485
v -0.789689 0.284909 0.574529
v -0.858481 0.284909 0.459105
v -0.889351 0.284909 0.432834
v -0.89459 0.284909 0.417117
v -0.826651 0.284923 0.389174
v -0.901893 0.284807 0.404115
v -0.957613 0.2849 0.322302
v -0.984036 0.284911 0.247645
v -0.98679 0.284865 0.166872
v -0.988994 0.284742 0.166348
v -0.988746 0.28487 0.140883
v -0.993164 0.284733 0.0912095
v -0.999379 0.280379 0.0892546
v -1.00029 0.254682 -0.0563079
v -0.999857 0.249211 -0.1705
v -0.999491 0.248845 -0.0708377
v -0.993954 0.245274 -0.0526371
v -0.994054 0.245464 -0.0191885
v -0.988702 0.245245 0.0240345
v -0.951589 0.244949 0.117061
v -0.939238 0.244954 0.20392
v -0.915635 0.244847 0.224077
v -0.857796 0.244825 0.275421
v -0.829515 0.244795 0.316904
v -0.816029 0.244601 0.346388
v -0.816173 0.243376 0.390645
v -0.813824 0.238408 0.433887
v -0.822441 0.244299 0.444276
v -0.823551 0.244087 0.477486
v -0.821266 0.243681 0.511861
v -0.831479 0.243972 0.532496
v -0.820771 0.242752 0.569207
v -0.781511 0.24919 0.604184
v -0.818815 0.255004 0.605709
v -0.840709 0.255375 0.60576
v -0.874244 0.28235 0.602552
v -0.852557 0.28235 0.602552
v -0.835729 0.284772 0.595535
v -0.802075 0.28484 0.595037
v -0.826362 0.284909 0.536456
v -0.834875 0.284909 0.505646
v -0.870954 0.284909 0.478142
v -0.937164 0.284909 0.370301
v -0.987332 0.284859 0.294653
v -0.988062 0.284863 0.279151
v -0.994383 0.284533 0.178523
v -0.999491 0.248845 -0.00260937
v -0.994199 0.245546 0.029553
v -0.975064 0.245135 0.0927486
v -0.907322 0.244834 0.288704
v -0.879171 0.24486 0.315887
v -0.828634 0.24486 0.352242
v -0.821123 0.244825 0.390922
v -0.824289 0.244997 0.398133
v -0.815448 0.244625 0.524125
v -0.834189 0.24371 0.542453
v -0.82425 0.244008 0.568942
v -0.82068 0.245298 0.577883
v -0.778657 0.245413 0.599672
v -0.853599 0.250477 0.605048
v -0.869363 0.275339 0.605772
v -0.884112 0.280645 0.604379
v -0.857796 0.284056 0.600724
v -0.86457 0.284915 0.576112
v -0.847412 0.284909 0.569
v -0.850607 0.284909 0.522703
v -0.86637 0.284909 0.516779
v -0.886077 0.284909 0.520708
v -0.893935 0.284909 0.48469
v -0.905068 0.284909 0.495823
v -0.923405 0.284909 0.448581
v -0.899829 0.284909 0.45915
v -0.935319 0.284775 0.361356
v -0.990199 0.284738 0.337317
v -0.993758 0.284662 0.227491
v -0.999397 0.280352 0.234301
v -0.999337 0.280601 0.145904
v -0.993962 0.245403 0.108754
v -0.984972 0.24504 0.146216
v -0.978536 0.24519 0.186237
v -0.988086 0.245228 0.214234
v -0.922395 0.244826 0.280211
v -0.907089 0.244831 0.305859
v -0.852557 0.244947 0.385683
v -0.852677 0.244947 0.410969
v -0.888681 0.244947 0.379728
v -0.831304 0.245065 0.471696
v -0.827259 0.245337 0.511508
v -0.839913 0.24509 0.530362
v -0.835977 0.245256 0.550844
v -0.805406 0.24519 0.595485
v -0.806716 0.247627 0.602491
v -0.823742 0.249211 0.604258
v -0.868395 0.249211 0.604258
v -0.904276 0.254881 0.605817
v -0.90894 0.284878 0.559641
v -0.880088 0.284841 0.565482
v -0.917511 0.284909 0.501747
v -0.941741 0.284909 0.422356
v -0.976719 0.284909 0.351637
v -0.984843 0.284785 0.35552
v -0.987682 0.284827 0.391356
v -0.994104 0.284358 0.350182
v -0.998827 0.280691 0.368041
v -0.999519 0.277985 0.310602
v -1.00043 0.272729 0.176385
v -1.00038 0.267637 0.102593
v -0.999884 0.249528 0.0373284
v -0.988833 0.245234 0.284034
v -0.907921 0.244935 0.318756
v -0.920785 0.244947 0.359366
v -0.878219 0.244947 0.413843
v -0.843143 0.24501 0.473924
v -0.832618 0.245057 0.526263
v -0.839812 0.245533 0.553548
v -0.851268 0.245114 0.552832
v -0.885317 0.245116 0.559931
v -0.882895 0.245743 0.600332
v -0.881493 0.249211 0.604258
v -0.905813 0.250729 0.605107
v -0.925761 0.279769 0.605006
v -0.905068 0.284056 0.600724
v -0.883462 0.284761 0.595668
v -0.920785 0.284909 0.548335
v -0.940462 0.284909 0.495793
v -0.95758 0.284909 0.396161
v -0.99868 0.245678 0.144069
v -0.994263 0.245489 0.224447
v -0.976752 0.245183 0.331294
v -0.949898 0.245006 0.364207
v -0.915502 0.244949 0.43182
v -0.863035 0.244947 0.422356
v -0.895411 0.244953 0.465838
v -0.874287 0.244977 0.491309
v -0.91248 0.245156 0.524918
v -0.920785 0.244825 0.532496
v -0.927756 0.250346 0.605309
v -0.951851 0.279503 0.605298
v -0.950469 0.284448 0.600163
v -0.957348 0.284917 0.571812
v -0.987849 0.284879 0.436877
v -0.98822 0.284891 0.431614
v -0.993818 0.245371 0.29115
v -0.927106 0.244982 0.392766
v -0.895478 0.24502 0.478074
v -0.944103 0.244685 0.536662
v -0.972356 0.244268 0.537898
v -0.913873 0.245192 0.595691
v -0.960658 0.245348 0.595346
v -0.945449 0.255297 0.605911
v -0.94698 0.259689 0.605963
v -0.961695 0.284253 0.600371
v -0.97807 0.285003 0.524877
v -0.931263 0.284909 0.522018
v -0.998982 0.280353 0.376841
v -0.999881 0.273408 0.327679
v -0.9997 0.249174 0.207841
v -0.993772 0.245499 0.32404
v -0.986887 0.245184 0.353497
v -0.920807 0.244945 0.432854
v -0.915023 0.245172 0.515707
v -0.94397 0.245234 0.529175
v -0.97777 0.24545 0.527717
v -0.975283 0.248231 0.603283
v -0.964487 0.254614 0.605757
v -0.977459 0.278639 0.605446
v -0.993446 0.280497 0.604107
v -0.997952 0.282551 0.600775
v -0.986151 0.284771 0.594551
v -0.989301 0.284812 0.498906
v -0.993778 0.284614 0.451781
v -0.999184 0.280069 0.503924
v -0.999651 0.249196 0.366374
v -0.993614 0.245307 0.379614
v -0.976901 0.245149 0.428375
v -0.959354 0.245109 0.466848
v -0.985271 0.24556 0.524486
v -0.983775 0.243972 0.530059
v -0.978764 0.244247 0.533357
v -0.97762 0.243653 0.538197
v -0.977364 0.244928 0.586941
v -0.974993 0.246231 0.600465
v -0.994751 0.250408 0.60433
v -0.993943 0.275143 0.605523
v -0.993661 0.284687 0.594258
v -0.994252 0.2843 0.501062
v -1.0002 0.27196 0.393646
v -0.993725 0.245495 0.450727
v -0.99507 0.245776 0.492016
v -0.989013 0.238733 0.532496
v -0.984939 0.247764 0.602512
v -0.999516 0.280232 0.592231
v -0.99952 0.248842 0.476123
v -0.996307 0.245754 0.52581
v -0.994252 0.233494 0.532618
v -0.989354 0.218785 0.532789
v -0.994252 0.20206 0.532496
v -0.989013 0.19146 0.532252
v -0.994252 0.160027 0.532252
v -0.993448 0.0713816 0.532565
v -0.994673 0.0707824 0.576818
v -0.980068 0.135529 0.579929
v -0.983476 0.237641 0.538172
v -0.98269 0.24167 0.584424
v -0.985836 0.243771 0.594124
v -0.999797 0.249943 0.601156
v -0.999735 0.249211 0.522018
v -1.00033 0.250227 0.528164
v -0.994252 0.20669 0.532496
v -0.999047 0.196851 0.537832
v -0.994252 0.196699 0.532496
v -0.994496 0.180983 0.532496
v -0.994252 0.165266 0.532252
v -0.994252 0.154788 0.532252
v -0.99569 0.122561 0.533424
v -0.994794 0.0771457 0.53712
v -0.995136 0.112888 0.582347
v -0.990016 0.142441 0.587863
v -0.984978 0.22349 0.587672
v -0.984335 0.233267 0.58463
v -0.990624 0.239588 0.59156
v -0.999534 0.244611 0.59169
v -1.00017 0.26893 0.599099
v -1.00033 0.26666 0.507367
v -0.998802 0.239974 0.534325
v -0.998991 0.236418 0.534596
v -0.994724 0.138952 0.585364
v -0.983531 0.156778 0.586278
v -0.983823 0.178181 0.58646
v -0.982924 0.204846 0.584085
v -1.00014 0.240687 0.550535
v -0.98904 0.184821 0.589442
v -0.998904 0.23918 0.589275
v -1.00004 0.242477 0.587413
v -0.998694 0.187232 0.584344
v -0.998873 0.193364 0.584986
v -0.994471 0.217418 0.590469
v -0.99953 0.201692 0.581967
f 40 39 32
f 46 35 36
f 36 35 28
f 35 30 28
f 30 29 28
f 29 30 32
f 36 28 29
f 31 29 32
f 32 39 33
f 40 32 34
f 32 30 34
f 30 35 34
f 29 31 36
f 37 31 42
f 42 31 38
f 31 32 38
f 32 33 38
f 33 42 38
f 42 33 43
f 33 39 44
f 34 35 45
f 6874 35 46
f 47 36 48
f 48 36 41
f 36 31 41
f 31 37 41
f 6876 42 43
f 44 39 40
f 40 34 45
f 45 35 6874
f 46 36 47
f 37 42 41
f 41 42 6876
f 6876 43 50
f 43 49 50
f 70 73 72
f 73 74 72
f 82 83 83
f 83 83 84
f 91 90 92
f 98 127 93
f 95 94 99
f 99 94 96
f 94 93 96
f 96 93 127
f 131 98 97
f 93 94 98
f 94 132 97
f 94 95 132
f 100 101 110
f 103 104 105
f 104 106 105
f 117 105 103
f 105 106 103
f 106 104 103
f 115 107 102
f 107 115 110
f 101 109 110
f 111 110 112
f 110 109 112
f 112 109 113
f 109 101 113
f 101 100 113
f 100 110 113
f 113 110 114
f 110 115 114
f 115 102 156
f 156 102 116
f 102 103 116
f 103 105 116
f 105 117 116
f 117 118 120
f 118 119 120
f 7865 121 122
f 121 120 122
f 123 122 124
f 124 122 119
f 122 120 119
f 118 117 125
f 117 103 125
f 103 102 7869
f 102 107 126
f 107 110 126
f 110 99 126
f 99 96 126
f 127 98 129
f 98 130 129
f 130 98 131
f 98 94 97
f 137 97 132
f 132 95 149
f 95 99 133
f 99 110 108
f 134 108 111
f 108 110 111
f 152 111 141
f 135 141 136
f 141 111 136
f 136 111 114
f 111 112 114
f 112 113 114
f 114 115 156
f 131 97 116
f 116 97 137
f 149 95 138
f 95 133 138
f 138 133 139
f 133 99 139
f 139 99 108
f 108 134 140
f 134 111 152
f 141 135 142
f 142 135 143
f 143 135 144
f 144 135 145
f 145 135 146
f 146 135 147
f 147 135 136
f 136 114 148
f 116 137 156
f 156 137 149
f 137 132 149
f 149 138 150
f 150 138 157
f 138 139 158
f 139 108 151
f 108 140 151
f 162 152 141
f 141 153 154
f 153 141 154
f 141 142 154
f 142 143 154
f 154 143 155
f 143 144 155
f 144 145 155
f 145 146 155
f 146 147 155
f 147 136 155
f 136 148 155
f 148 114 156
f 156 149 157
f 149 150 157
f 139 151 158
f 151 140 164
f 164 140 166
f 152 162 134
f 134 162 159
f 171 162 141
f 141 154 163
f 154 155 163
f 155 148 163
f 163 148 160
f 148 156 160
f 156 157 160
f 157 138 160
f 160 138 161
f 138 158 161
f 166 140 159
f 140 134 159
f 171 141 163
f 161 158 164
f 158 151 164
f 168 164 173
f 173 164 165
f 164 166 165
f 166 159 167
f 159 162 167
f 174 162 171
f 171 163 187
f 187 163 160
f 161 164 160
f 164 168 160
f 169 168 173
f 166 170 165
f 170 166 177
f 177 166 174
f 166 167 174
f 167 162 174
f 187 160 172
f 160 168 172
f 172 168 179
f 168 169 179
f 176 173 183
f 173 165 183
f 174 171 175
f 175 171 187
f 169 173 176
f 183 165 177
f 165 170 177
f 186 177 178
f 177 174 178
f 175 187 174
f 187 172 179
f 188 179 180
f 179 169 180
f 169 176 180
f 182 180 176
f 183 177 198
f 177 186 198
f 185 184 186
f 186 178 205
f 179 206 187
f 206 179 188
f 180 182 181
f 181 182 189
f 182 92 189
f 92 90 189
f 90 89 189
f 88 194 218
f 220 190 193
f 221 193 192
f 194 88 195
f 88 87 195
f 87 89 195
f 89 90 195
f 90 91 195
f 91 92 195
f 92 182 195
f 195 182 196
f 182 176 196
f 176 183 196
f 196 183 197
f 197 183 198
f 186 184 198
f 184 200 199
f 227 201 230
f 230 201 203
f 204 203 200
f 203 201 200
f 200 184 231
f 184 185 231
f 185 186 205
f 178 174 187
f 180 181 188
f 188 181 207
f 181 189 207
f 189 89 207
f 207 89 208
f 208 89 209
f 209 89 210
f 89 87 210
f 210 87 211
f 87 88 211
f 211 88 212
f 212 88 213
f 213 88 214
f 214 88 215
f 216 217 218
f 217 215 218
f 215 88 218
f 194 190 218
f 190 220 218
f 193 221 220
f 222 221 236
f 221 192 236
f 236 192 223
f 192 191 223
f 191 241 86
f 241 191 224
f 191 192 224
f 192 193 224
f 224 193 225
f 193 190 225
f 190 194 225
f 194 195 225
f 195 196 225
f 196 197 225
f 197 198 226
f 198 184 226
f 184 199 226
f 199 200 226
f 200 201 226
f 201 227 226
f 227 202 226
f 255 229 248
f 229 244 248
f 248 244 249
f 244 227 249
f 249 227 230
f 203 204 230
f 185 205 232
f 205 178 232
f 178 187 232
f 187 206 232
f 233 206 234
f 206 188 234
f 188 207 234
f 207 208 234
f 208 209 234
f 209 210 234
f 210 211 234
f 211 212 234
f 212 213 234
f 213 214 234
f 214 215 234
f 215 217 234
f 217 216 234
f 234 216 235
f 216 218 235
f 218 219 235
f 218 220 219
f 219 220 222
f 220 221 222
f 236 223 237
f 223 191 237
f 237 191 238
f 191 86 238
f 86 241 239
f 239 241 240
f 268 241 242
f 241 224 242
f 224 225 242
f 225 197 242
f 197 226 243
f 226 202 243
f 202 227 244
f 244 229 245
f 245 229 246
f 229 228 246
f 262 228 255
f 228 229 255
f 230 204 250
f 204 200 250
f 200 231 250
f 231 185 250
f 185 232 250
f 232 206 250
f 206 233 250
f 250 233 251
f 233 234 251
f 251 234 252
f 234 235 252
f 235 219 252
f 219 222 252
f 222 236 257
f 236 237 257
f 237 238 253
f 86 239 238
f 240 241 268
f 242 197 243
f 243 202 254
f 202 244 254
f 244 245 254
f 245 246 254
f 228 247 246
f 255 248 256
f 248 249 256
f 249 230 256
f 230 250 256
f 250 251 256
f 256 251 257
f 251 252 257
f 252 222 257
f 257 237 263
f 237 253 263
f 239 240 264
f 264 240 268
f 265 268 258
f 268 242 258
f 242 243 258
f 243 254 258
f 258 254 259
f 254 246 259
f 246 247 259
f 266 247 260
f 260 247 228
f 261 262 263
f 262 255 263
f 255 256 263
f 256 257 263
f 253 238 273
f 238 239 273
f 273 239 264
f 277 268 265
f 258 259 265
f 259 247 265
f 247 266 265
f 266 260 267
f 260 228 267
f 228 262 267
f 262 261 267
f 261 263 269
f 263 253 269
f 269 253 85
f 85 253 273
f 273 264 270
f 270 264 268
f 265 266 271
f 267 278 266
f 267 261 269
f 85 272 269
f 270 268 277
f 265 271 277
f 271 266 278
f 278 267 275
f 267 269 275
f 275 269 272
f 274 276 273
f 276 85 273
f 273 270 274
f 277 271 278
f 275 272 286
f 283 277 278
f 278 275 279
f 286 272 287
f 272 85 287
f 85 276 287
f 287 276 281
f 276 274 281
f 281 274 282
f 289 282 270
f 282 274 270
f 284 283 278
f 279 275 280
f 275 84 280
f 84 83 280
f 83 82 280
f 280 82 286
f 82 83 286
f 83 84 286
f 84 275 286
f 289 270 283
f 270 277 283
f 284 278 285
f 278 279 285
f 279 280 285
f 287 281 292
f 292 281 288
f 281 282 288
f 289 283 294
f 283 284 294
f 285 280 290
f 291 286 292
f 286 287 292
f 282 289 288
f 81 288 303
f 303 288 294
f 288 289 294
f 290 280 291
f 280 286 291
f 292 288 293
f 293 288 81
f 294 284 295
f 284 285 295
f 295 285 290
f 297 290 296
f 290 291 296
f 291 292 296
f 292 293 296
f 303 294 304
f 294 295 304
f 295 290 304
f 299 296 293
f 293 81 300
f 81 303 302
f 305 290 298
f 298 290 297
f 297 296 299
f 308 299 293
f 293 300 308
f 300 81 302
f 302 303 304
f 313 307 305
f 307 304 305
f 304 290 305
f 314 298 297
f 297 299 308
f 308 300 309
f 309 300 301
f 301 300 306
f 300 302 306
f 302 304 311
f 304 307 311
f 313 305 318
f 314 297 308
f 315 308 309
f 309 301 310
f 316 310 302
f 310 301 302
f 301 306 302
f 311 307 312
f 307 313 312
f 323 312 313
f 318 305 314
f 305 298 314
f 314 308 319
f 319 308 315
f 315 309 320
f 309 310 320
f 320 310 326
f 316 302 317
f 302 311 317
f 312 323 311
f 323 313 331
f 331 313 318
f 318 314 319
f 315 320 319
f 327 326 310
f 316 317 310
f 317 311 310
f 310 311 322
f 322 311 323
f 331 318 324
f 318 319 324
f 319 320 324
f 326 321 320
f 320 321 325
f 321 326 325
f 310 322 327
f 327 322 333
f 322 329 328
f 329 322 323
f 324 320 332
f 320 325 332
f 333 322 328
f 329 323 330
f 331 324 347
f 326 327 333
f 334 333 335
f 333 328 335
f 335 328 340
f 340 328 336
f 336 328 337
f 337 328 357
f 357 328 330
f 328 329 330
f 330 323 342
f 323 331 342
f 347 324 343
f 324 332 343
f 332 325 343
f 325 326 338
f 326 333 338
f 333 334 338
f 338 334 334
f 334 334 339
f 334 335 339
f 335 340 339
f 340 336 346
f 354 336 360
f 360 336 355
f 336 337 355
f 341 357 342
f 357 330 342
f 347 343 348
f 325 338 344
f 338 334 344
f 334 339 344
f 345 344 340
f 344 339 340
f 362 340 351
f 351 340 346
f 346 336 80
f 336 354 80
f 337 357 355
f 355 357 356
f 341 342 347
f 342 331 347
f 343 325 345
f 325 344 345
f 345 340 362
f 369 349 350
f 350 349 350
f 349 351 350
f 350 351 359
f 351 346 359
f 359 346 80
f 352 80 353
f 353 80 354
f 357 341 361
f 341 347 361
f 347 348 361
f 343 345 348
f 345 362 368
f 351 349 362
f 362 349 369
f 369 350 358
f 350 350 358
f 350 359 358
f 353 354 352
f 352 354 360
f 360 355 373
f 376 355 361
f 355 356 361
f 356 357 361
f 361 348 367
f 348 345 367
f 378 369 359
f 369 358 359
f 359 80 363
f 363 80 79
f 80 352 79
f 372 79 364
f 79 352 364
f 364 352 365
f 352 360 386
f 360 373 386
f 373 376 366
f 373 355 376
f 376 361 367
f 367 345 368
f 362 369 368
f 368 369 377
f 378 359 370
f 359 363 370
f 363 79 388
f 388 79 371
f 79 372 371
f 372 364 365
f 365 352 379
f 352 386 379
f 373 366 374
f 374 366 374
f 366 376 374
f 374 376 375
f 376 367 377
f 367 368 377
f 382 369 378
f 370 363 378
f 378 363 387
f 363 388 387
f 6226 371 390
f 371 372 390
f 390 372 6228
f 6228 372 384
f 372 365 379
f 380 379 386
f 375 6222 381
f 6222 386 381
f 386 373 381
f 373 374 381
f 374 374 381
f 374 375 381
f 376 377 375
f 377 369 382
f 389 388 6226
f 388 371 6226
f 372 379 385
f 385 379 380
f 377 382 375
f 382 383 375
f 382 378 383
f 383 378 6225
f 378 387 6225
f 6355 6226 6357
f 6226 390 6228
f 408 407 409
f 423 407 411
f 418 408 415
f 408 409 415
f 407 410 409
f 416 421 419
f 432 421 447
f 416 410 422
f 422 410 423
f 410 407 423
f 407 408 411
f 408 414 411
f 411 414 417
f 417 414 449
f 449 414 412
f 414 413 412
f 429 413 418
f 418 413 414
f 414 408 418
f 410 416 409
f 419 421 420
f 421 432 420
f 424 449 413
f 449 412 413
f 413 429 428
f 413 428 427
f 430 418 431
f 418 415 431
f 415 409 431
f 409 416 419
f 421 416 422
f 423 411 434
f 434 411 449
f 411 417 449
f 424 413 425
f 425 413 426
f 439 438 453
f 438 428 453
f 453 428 429
f 429 418 441
f 441 418 430
f 473 431 442
f 431 409 420
f 409 419 420
f 447 446 432
f 447 421 463
f 421 422 463
f 463 422 434
f 422 423 434
f 449 424 464
f 424 425 435
f 425 426 465
f 426 413 465
f 413 427 465
f 465 427 436
f 427 428 436
f 428 438 437
f 406 439 440
f 453 429 454
f 454 429 472
f 472 429 441
f 441 430 455
f 430 431 455
f 455 431 473
f 431 420 442
f 442 420 443
f 420 432 443
f 432 433 443
f 433 432 474
f 432 446 474
f 474 446 457
f 457 446 444
f 462 444 446
f 463 446 447
f 463 434 448
f 464 424 435
f 479 435 425
f 428 437 436
f 437 438 467
f 438 439 450
f 439 406 450
f 450 406 451
f 451 406 491
f 406 468 491
f 468 406 469
f 406 440 496
f 440 439 452
f 452 439 453
f 472 441 455
f 474 476 456
f 476 474 457
f 457 444 488
f 458 445 459
f 459 445 460
f 445 444 460
f 444 462 460
f 460 462 461
f 462 446 463
f 448 434 478
f 434 449 478
f 449 464 478
f 479 425 480
f 465 436 466
f 436 437 466
f 437 467 466
f 450 451 438
f 438 451 491
f 493 469 483
f 469 406 494
f 406 496 494
f 514 440 497
f 440 452 497
f 452 453 497
f 453 454 470
f 470 454 471
f 454 472 471
f 472 455 473
f 473 442 474
f 442 443 474
f 443 433 474
f 476 457 488
f 461 444 477
f 444 445 477
f 445 458 477
f 458 459 477
f 459 460 477
f 460 461 477
f 462 463 461
f 461 463 478
f 463 448 478
f 478 464 479
f 464 435 479
f 425 465 480
f 480 465 481
f 438 491 467
f 491 468 501
f 501 468 482
f 468 469 493
f 484 483 511
f 483 469 511
f 469 494 511
f 511 494 503
f 496 440 495
f 495 440 514
f 497 453 485
f 453 470 485
f 470 471 486
f 471 472 486
f 472 473 486
f 473 474 487
f 474 456 487
f 456 475 487
f 475 456 498
f 456 476 498
f 498 476 488
f 488 444 489
f 499 489 461
f 489 444 461
f 478 479 461
f 479 480 461
f 481 465 490
f 465 466 490
f 466 467 490
f 490 467 500
f 467 491 500
f 502 501 492
f 501 482 492
f 482 468 492
f 468 493 492
f 483 484 493
f 509 484 511
f 525 503 494
f 527 494 495
f 495 494 496
f 514 497 516
f 497 485 516
f 470 486 485
f 486 473 475
f 473 487 475
f 498 488 517
f 488 489 517
f 517 489 536
f 489 499 536
f 506 499 507
f 499 461 519
f 480 481 461
f 481 490 461
f 490 500 519
f 500 491 520
f 492 493 521
f 493 484 521
f 521 484 509
f 509 511 510
f 510 511 523
f 511 503 513
f 525 494 527
f 485 486 475
f 475 498 517
f 504 517 505
f 505 517 536
f 499 506 536
f 507 499 519
f 461 490 519
f 519 500 520
f 520 491 508
f 491 501 508
f 501 502 508
f 492 521 502
f 511 513 512
f 513 503 525
f 525 527 526
f 527 495 514
f 515 514 516
f 516 485 534
f 534 485 517
f 485 475 517
f 506 530 536
f 518 530 529
f 530 506 507
f 520 508 531
f 508 502 521
f 540 521 522
f 521 509 522
f 522 509 510
f 523 511 405
f 511 512 405
f 543 405 524
f 524 405 533
f 405 512 533
f 533 512 525
f 512 513 525
f 526 527 548
f 527 514 528
f 514 515 534
f 515 516 534
f 517 504 534
f 504 505 534
f 534 505 535
f 536 530 537
f 530 518 537
f 507 519 520
f 508 521 540
f 550 540 541
f 540 522 541
f 522 510 541
f 510 523 542
f 542 523 543
f 523 405 543
f 524 533 532
f 533 525 556
f 556 525 557
f 557 525 526
f 548 527 534
f 527 528 534
f 528 514 534
f 505 549 535
f 549 505 536
f 518 538 559
f 538 518 539
f 518 529 539
f 529 530 539
f 530 507 539
f 507 520 539
f 520 531 539
f 531 508 540
f 541 510 542
f 543 524 544
f 524 532 545
f 532 547 545
f 545 547 546
f 553 547 554
f 547 532 554
f 555 532 533
f 568 533 583
f 583 533 556
f 548 534 558
f 569 549 585
f 549 536 585
f 536 537 585
f 537 518 585
f 518 559 585
f 560 538 531
f 538 539 531
f 531 540 550
f 574 541 544
f 541 542 544
f 542 543 544
f 544 524 552
f 524 545 552
f 544 545 562
f 545 546 562
f 546 547 553
f 554 532 566
f 566 532 555
f 555 533 568
f 557 526 558
f 526 548 558
f 534 535 558
f 535 549 569
f 559 538 560
f 531 550 560
f 550 551 560
f 550 541 551
f 551 541 574
f 574 544 561
f 552 545 544
f 553 554 564
f 565 554 596
f 596 554 566
f 567 566 568
f 566 555 568
f 583 556 558
f 556 557 558
f 558 535 599
f 599 535 569
f 585 559 570
f 573 572 571
f 570 559 601
f 559 560 601
f 560 551 589
f 590 574 575
f 574 561 575
f 544 562 561
f 561 562 576
f 562 546 576
f 576 546 577
f 546 563 577
f 578 577 579
f 579 577 563
f 546 553 563
f 553 592 563
f 592 553 580
f 553 564 580
f 564 554 565
f 565 594 593
f 594 565 614
f 635 614 565
f 595 565 596
f 596 566 581
f 581 566 605
f 605 566 567
f 597 567 599
f 567 568 582
f 568 583 582
f 583 558 599
f 599 569 584
f 600 584 585
f 584 569 585
f 587 585 586
f 585 570 586
f 570 571 586
f 571 572 586
f 572 573 586
f 573 587 586
f 587 573 588
f 573 571 588
f 571 570 601
f 601 560 589
f 589 551 590
f 551 574 590
f 561 576 591
f 576 577 603
f 577 578 603
f 578 579 603
f 603 579 563
f 563 592 604
f 564 565 580
f 580 565 593
f 610 593 594
f 611 594 614
f 635 565 595
f 605 567 597
f 567 582 599
f 582 583 599
f 599 584 616
f 652 616 600
f 616 584 600
f 600 585 587
f 587 588 607
f 590 575 602
f 561 591 575
f 591 576 575
f 609 575 603
f 575 576 603
f 603 563 604
f 592 580 620
f 610 594 630
f 635 595 636
f 636 595 615
f 595 596 615
f 615 596 581
f 625 581 605
f 605 597 626
f 626 597 606
f 597 598 606
f 597 599 598
f 599 616 598
f 617 616 627
f 627 616 652
f 600 587 652
f 652 587 607
f 637 607 404
f 618 404 588
f 404 607 588
f 588 571 589
f 571 601 589
f 589 590 608
f 590 602 608
f 602 575 608
f 608 575 609
f 609 603 641
f 603 604 619
f 580 593 620
f 593 610 620
f 610 630 621
f 630 594 611
f 611 614 612
f 612 614 613
f 623 613 635
f 635 613 614
f 649 636 615
f 615 581 625
f 625 605 626
f 626 606 616
f 606 598 616
f 652 607 637
f 628 404 618
f 618 588 608
f 588 589 608
f 608 609 641
f 641 603 619
f 604 592 620
f 620 610 629
f 629 610 645
f 645 610 621
f 630 611 631
f 631 611 632
f 632 611 613
f 611 612 613
f 646 403 633
f 661 403 632
f 403 646 632
f 632 613 634
f 622 613 623
f 649 624 5925
f 649 615 624
f 624 615 625
f 616 617 626
f 627 652 651
f 404 628 637
f 639 637 628
f 628 618 608
f 619 604 642
f 642 604 644
f 644 604 629
f 604 620 629
f 633 403 647
f 403 661 647
f 661 632 634
f 634 613 622
f 5925 624 6042
f 624 625 6042
f 625 626 6042
f 650 626 627
f 626 617 627
f 637 639 638
f 638 639 654
f 639 628 640
f 628 608 640
f 608 641 640
f 641 619 642
f 644 629 645
f 621 630 645
f 645 630 658
f 658 630 631
f 631 632 646
f 646 633 660
f 5930 633 647
f 663 634 6041
f 634 622 6041
f 6041 622 636
f 622 623 636
f 623 635 636
f 6042 626 650
f 6044 650 651
f 650 627 651
f 652 637 6046
f 637 638 6046
f 5926 654 653
f 654 639 655
f 639 640 655
f 640 641 655
f 641 642 655
f 642 643 655
f 643 642 656
f 642 644 656
f 644 645 656
f 656 645 5927
f 5927 645 657
f 5928 658 659
f 658 631 659
f 659 631 660
f 631 646 660
f 660 633 5930
f 5930 647 661
f 661 634 662
f 634 663 662
f 4340 4339 736
f 756 757 3825
f 2773 2772 816
f 816 2772 817
f 3169 818 819
f 818 2866 819
f 821 822 825
f 822 823 825
f 823 824 825
f 824 2506 825
f 829 831 830
f 836 836 837
f 867 865 849
f 843 844 849
f 845 844 843
f 846 843 865
f 855 847 848
f 848 867 868
f 865 843 849
f 849 844 850
f 850 844 862
f 844 845 862
f 845 843 851
f 843 846 851
f 3497 846 3651
f 3651 846 3497
f 846 852 3497
f 852 846 865
f 867 848 853
f 848 847 853
f 890 847 854
f 847 855 854
f 848 868 855
f 868 867 856
f 867 849 856
f 856 849 850
f 850 862 857
f 859 861 870
f 870 861 860
f 861 859 871
f 858 857 862
f 845 851 862
f 851 846 863
f 846 3497 863
f 864 3497 852
f 852 842 864
f 888 842 944
f 944 842 852
f 865 867 866
f 891 854 892
f 854 855 893
f 893 855 951
f 855 868 951
f 868 856 952
f 850 857 856
f 856 857 953
f 953 857 869
f 869 857 871
f 857 858 871
f 871 859 955
f 955 859 870
f 870 860 1962
f 860 861 1962
f 1963 1962 861
f 1964 871 1965
f 871 858 1965
f 858 862 1965
f 862 851 921
f 851 863 921
f 3497 864 863
f 864 842 922
f 842 923 922
f 923 842 1967
f 1967 842 872
f 872 842 924
f 929 878 877
f 874 886 879
f 873 886 927
f 927 886 880
f 886 874 880
f 874 878 928
f 929 877 881
f 881 877 882
f 876 875 930
f 1975 931 884
f 937 884 938
f 884 931 938
f 931 883 941
f 883 930 941
f 930 875 941
f 877 878 885
f 878 874 885
f 874 879 885
f 873 925 887
f 925 841 887
f 1990 924 888
f 924 842 888
f 944 852 945
f 852 865 866
f 866 867 889
f 867 853 889
f 853 847 889
f 847 890 889
f 890 854 1992
f 854 891 1992
f 948 891 892
f 892 854 950
f 950 854 2748
f 854 893 2748
f 951 868 952
f 952 856 953
f 869 871 953
f 953 871 955
f 955 870 894
f 894 870 895
f 898 900 906
f 900 898 909
f 909 898 897
f 898 905 897
f 897 896 901
f 901 896 902
f 896 903 902
f 903 896 912
f 904 896 1950
f 896 897 1950
f 1950 897 913
f 897 905 913
f 905 898 906
f 900 899 906
f 908 918 907
f 918 906 907
f 906 899 907
f 907 899 1999
f 1999 899 2000
f 2000 899 909
f 899 900 909
f 909 897 910
f 910 897 901
f 959 901 911
f 901 902 911
f 902 903 911
f 960 911 1949
f 2100 1949 911
f 911 903 912
f 896 904 912
f 913 905 914
f 914 905 917
f 917 905 1957
f 905 906 1957
f 1957 906 918
f 918 908 919
f 908 895 919
f 919 895 870
f 870 1962 1961
f 1963 861 2977
f 2977 861 1964
f 861 871 1964
f 1965 862 1966
f 1966 862 921
f 863 864 921
f 921 864 922
f 924 1990 1968
f 1990 841 1968
f 925 873 926
f 873 927 926
f 880 874 928
f 928 878 1970
f 878 929 1970
f 882 877 876
f 1972 930 2844
f 930 883 2844
f 2844 883 931
f 931 1975 932
f 1975 884 933
f 933 884 934
f 935 934 936
f 1985 884 937
f 939 938 941
f 938 931 941
f 942 941 943
f 941 875 943
f 875 876 943
f 876 877 943
f 877 885 943
f 886 873 879
f 873 887 1989
f 887 841 1989
f 1989 841 1990
f 1990 888 2741
f 888 944 2741
f 945 852 946
f 852 866 946
f 1991 889 947
f 947 889 1992
f 889 890 1992
f 949 948 950
f 948 892 950
f 954 953 955
f 955 894 895
f 1997 895 956
f 895 908 956
f 956 908 957
f 957 908 2751
f 2751 908 1998
f 908 907 1998
f 2000 909 910
f 901 959 910
f 959 958 2002
f 959 911 960
f 960 1949 1812
f 1239 975 976
f 985 984 986
f 988 989 990
f 990 989 991
f 989 987 991
f 1033 1016 1039
f 1039 1016 3032
f 994 995 995
f 995 995 996
f 996 995 1005
f 995 994 1005
f 997 1005 998
f 998 1005 999
f 1005 994 999
f 999 994 1012
f 994 995 1012
f 1012 995 1013
f 995 996 1013
f 1013 996 1000
f 996 1005 1000
f 1005 993 1000
f 993 1003 1015
f 1002 1015 1003
f 1003 993 1004
f 993 1005 1004
f 1005 997 1006
f 3034 998 1007
f 1008 1007 802
f 802 1007 998
f 998 999 3036
f 999 1012 3036
f 3036 1012 1009
f 1009 1012 1010
f 1011 3037 1010
f 3021 1010 1012
f 1015 1002 3023
f 1001 992 3024
f 992 3032 3024
f 3024 3032 1016
f 3026 1016 1017
f 1017 1016 1033
f 3027 1033 1018
f 3028 1018 987
f 1018 1038 987
f 3029 987 1019
f 987 989 1019
f 988 1021 989
f 1024 804 1020
f 1020 804 1021
f 1021 804 1022
f 1022 804 1023
f 1020 1021 988
f 1025 988 1026
f 988 1040 1026
f 1040 988 1041
f 1041 988 1029
f 988 990 1029
f 1029 990 1027
f 990 1028 1027
f 1029 1027 1030
f 1027 1028 1030
f 1030 1028 1031
f 1031 1028 1036
f 1028 990 1036
f 1036 990 1046
f 990 991 1046
f 1037 1046 991
f 991 987 1057
f 1038 1018 1032
f 1032 1018 1033
f 1047 1033 1039
f 3030 1024 1039
f 1039 1024 1035
f 1024 1020 1035
f 1020 988 1034
f 988 1025 1034
f 1025 1026 1034
f 1034 1026 1035
f 1026 1040 1035
f 1029 1030 1031
f 1062 991 1057
f 1057 987 1038
f 1038 1032 1047
f 1032 1033 1047
f 1020 1034 1035
f 1042 1029 1043
f 1029 1031 1043
f 1043 1031 1044
f 1044 1031 1045
f 1053 1036 1054
f 1036 1046 1054
f 1046 1037 1055
f 1056 991 1062
f 1073 1057 1038
f 1058 1038 1047
f 1058 1047 1048
f 1047 1039 1048
f 1039 1035 1048
f 1035 1040 1042
f 1040 1041 1042
f 1041 1029 1042
f 1042 1043 1049
f 1043 1044 1049
f 1044 1045 1049
f 1049 1045 1050
f 1050 1045 1051
f 1045 1031 1051
f 1051 1031 1052
f 1031 1036 1052
f 1052 1036 1053
f 1054 1046 1055
f 1037 991 1064
f 1064 991 1056
f 1073 1038 1058
f 1058 1048 1035
f 1049 1050 1042
f 1042 1050 1059
f 1050 1051 1059
f 1051 1052 1059
f 1052 1053 1059
f 1053 1054 1063
f 1063 1054 1055
f 1060 1055 1064
f 1055 1037 1064
f 1064 1056 1061
f 1056 1062 1061
f 1062 1057 1073
f 1073 1058 1074
f 1058 1035 1074
f 1035 1042 1074
f 1042 1059 1095
f 1059 1053 1095
f 1095 1053 1063
f 1063 1055 1098
f 1055 1060 1098
f 1064 1061 1065
f 1065 1068 1067
f 1068 1065 1069
f 1065 1061 1069
f 1069 1061 1070
f 1071 1070 1072
f 1070 1061 1072
f 1061 1062 1072
f 1072 1062 1073
f 1074 1042 1095
f 1095 1063 1097
f 1097 1063 1098
f 1098 1060 1075
f 1060 986 1075
f 1075 986 1076
f 986 984 1076
f 1076 984 1145
f 1145 984 1077
f 984 985 1077
f 1077 985 1101
f 1101 985 1078
f 985 986 1078
f 986 1060 1079
f 1060 1064 1079
f 1079 1064 1080
f 1064 1065 1080
f 1065 1067 1080
f 1067 1066 1080
f 1080 1066 1127
f 1066 1081 1127
f 983 1082 1083
f 1083 1082 1084
f 1084 1082 1085
f 1082 983 1085
f 1142 1085 1086
f 1085 983 1086
f 983 1081 1086
f 1086 1081 1087
f 1143 1087 1088
f 1088 1087 1089
f 1087 1081 1089
f 1081 1066 1089
f 1089 1066 1090
f 1090 1066 1091
f 1066 1067 1091
f 1067 1068 1091
f 1091 1068 1092
f 1068 1069 1093
f 1069 1070 1093
f 1093 1070 1094
f 1070 1071 1094
f 1072 1073 1071
f 1071 1073 1094
f 1073 1074 1094
f 1094 1074 1095
f 1095 1097 1096
f 1098 1075 1099
f 1099 1075 1100
f 1100 1075 1145
f 1075 1076 1145
f 1146 1145 1147
f 1145 1077 1147
f 1196 1147 1077
f 1102 1104 1103
f 1103 1104 1105
f 1105 1104 1106
f 1106 1104 1107
f 1108 1107 1109
f 1107 1104 1109
f 1104 1102 1109
f 1110 1111 1179
f 1112 1113 1114
f 1114 1115 1116
f 1117 1116 1115
f 1116 1115 1115
f 1115 1115 1118
f 1115 1114 1118
f 1118 1114 1119
f 1119 1114 1120
f 1114 1113 1120
f 1120 1113 1120
f 1120 1113 1113
f 1113 1112 1113
f 1113 1112 1121
f 1112 1114 1121
f 1114 1179 1121
f 1179 1111 1121
f 1121 1111 1122
f 1122 1111 1123
f 1111 1110 1123
f 1123 1110 1124
f 1124 1110 1125
f 1125 1110 1179
f 1179 1114 1180
f 1180 1114 1126
f 1114 1109 1126
f 1109 1102 1126
f 1102 1149 1126
f 1149 1078 1126
f 1078 986 1126
f 986 1079 1126
f 1079 1080 1127
f 1127 1081 1128
f 1081 983 1128
f 983 1083 1128
f 1083 982 1128
f 982 981 1128
f 1128 981 1129
f 981 980 1129
f 1186 1130 1131
f 1131 1130 1132
f 1130 978 1132
f 1132 978 1133
f 1133 978 1134
f 1129 980 978
f 980 979 978
f 978 979 1135
f 1135 979 1136
f 979 980 1138
f 980 981 1138
f 981 982 1138
f 1138 982 1139
f 1139 982 1140
f 982 1083 1140
f 1140 1083 1084
f 1084 1085 1141
f 1141 1085 1192
f 1192 1085 1142
f 1086 1087 1142
f 1087 1143 1142
f 1088 1089 1143
f 1089 1090 1143
f 1090 1091 1092
f 1068 1093 1092
f 1092 1093 1094
f 1094 1095 1194
f 1095 1096 1194
f 1098 1099 1097
f 1099 1100 1145
f 1196 1077 1148
f 1077 1101 1148
f 1078 1149 1101
f 1101 1149 1148
f 1149 1102 1150
f 1150 1102 1151
f 1151 1102 1198
f 1102 1103 1198
f 1198 1103 1199
f 1103 1105 1199
f 1105 1106 1199
f 1199 1106 1152
f 1106 1107 1152
f 1107 1108 1152
f 1152 1108 1153
f 1108 1109 1153
f 1109 1114 1153
f 1114 1116 1153
f 1116 1117 1153
f 1153 1117 1154
f 1117 1115 1154
f 1115 1118 1154
f 1118 1119 1154
f 1154 1119 1155
f 1119 1120 1155
f 1120 1120 1155
f 1155 1120 1201
f 1201 1120 1156
f 1120 1113 1156
f 1113 1121 1156
f 1121 1122 1156
f 1156 1122 1202
f 1122 1123 1202
f 1123 1124 1202
f 1202 1124 1157
f 1124 1125 1157
f 1158 1157 1159
f 1157 1125 1159
f 1159 1125 1179
f 1160 1161 1162
f 1162 1161 1163
f 1163 1161 1164
f 1164 1161 1165
f 1161 1166 1165
f 1165 1166 1167
f 1168 1169 1166
f 1169 1167 1166
f 1166 1171 1170
f 1170 1171 1172
f 1172 1171 1173
f 1173 1171 1175
f 1174 1175 1176
f 1176 1175 976
f 976 1175 1177
f 1175 1171 1177
f 1171 1166 1177
f 1166 1161 1177
f 1177 1161 1178
f 1161 1179 1178
f 1179 1180 1178
f 1126 1079 1180
f 1079 1127 1180
f 1127 1128 1180
f 1128 1129 1180
f 1180 1129 1181
f 1129 978 1181
f 978 977 1181
f 1181 1184 1182
f 1184 1183 1182
f 1185 1184 977
f 1184 1181 977
f 977 978 1222
f 978 1130 1222
f 1222 1130 1225
f 1130 1186 1225
f 1186 1131 1187
f 1131 1132 1187
f 1132 1133 1187
f 1133 1134 1187
f 1187 1134 1188
f 1134 978 1188
f 978 1135 1188
f 1188 1135 1189
f 1135 1136 1189
f 1136 979 1189
f 979 1138 1189
f 1138 1137 1189
f 1137 1138 1190
f 1138 1139 1190
f 1190 1139 1191
f 1139 1140 1191
f 1140 1084 1191
f 1191 1084 1192
f 1084 1141 1192
f 1192 1142 1193
f 1142 1143 1193
f 1143 1090 1193
f 1090 1092 1193
f 1092 1144 1193
f 1193 1144 1194
f 1144 1092 1194
f 1092 1094 1194
f 1194 1096 1195
f 1096 1097 1195
f 1097 1099 1195
f 1099 1145 1195
f 1145 1146 1195
f 1146 1147 1195
f 1147 1196 1195
f 1197 1195 1196
f 1148 1149 1151
f 1149 1150 1151
f 1197 1151 1198
f 1198 1199 1228
f 1152 1153 1199
f 1199 1153 1154
f 1200 1154 1201
f 1154 1155 1201
f 1156 1202 1201
f 1201 1202 1229
f 1230 1229 1202
f 1157 1158 1202
f 1202 1158 1159
f 1158 1159 1159
f 1159 1159 1203
f 1159 1179 1203
f 1203 1179 1231
f 1231 1179 1204
f 1179 1161 1204
f 1204 1161 1205
f 1161 1160 1205
f 1205 1160 1206
f 1206 1160 1162
f 1160 1162 1162
f 1162 1162 1163
f 1162 1163 1163
f 1163 1163 1164
f 1163 1164 1164
f 1164 1164 1165
f 1164 1165 1165
f 1165 1165 1167
f 1165 1167 1167
f 1167 1167 1169
f 1167 1169 1169
f 1169 1169 1168
f 1169 1168 1168
f 1207 1168 1208
f 1168 1168 1208
f 1168 1166 1208
f 1208 1166 1209
f 1166 1170 1209
f 1209 1170 1210
f 1210 1170 1170
f 1170 1172 1170
f 1170 1172 1173
f 1172 1173 1173
f 1173 1173 1211
f 1173 1175 1211
f 1211 1175 1212
f 1212 1175 1213
f 1175 1174 1213
f 1213 1174 1176
f 1174 1176 1176
f 1176 1176 1214
f 1215 1214 1215
f 1214 1176 1215
f 1176 976 1215
f 1215 976 1216
f 1217 1216 976
f 1238 975 1239
f 976 1177 1239
f 1177 1178 1239
f 1178 1180 1239
f 1239 1180 1256
f 1180 1181 1256
f 1181 1182 1256
f 1219 1183 1220
f 1183 1184 1220
f 1184 1185 1220
f 1220 1185 1242
f 1185 977 1221
f 977 1222 1221
f 1223 1222 1224
f 1224 1222 1225
f 1224 1225 1226
f 1225 1186 1226
f 1186 1187 1226
f 1187 1188 1226
f 1188 1189 1226
f 1189 1137 1226
f 1137 1190 1226
f 1190 1191 1226
f 1191 1192 1226
f 1226 1192 1227
f 1227 1192 1194
f 1192 1193 1194
f 1195 1197 1194
f 1196 1148 1197
f 1148 1151 1197
f 1197 1198 1228
f 1199 1154 1200
f 1230 1202 1231
f 1202 1159 1231
f 1159 1203 1231
f 1232 1231 1233
f 1233 1231 1234
f 1231 1204 1234
f 1204 1205 1234
f 1205 1206 1234
f 1206 1162 1234
f 1162 1163 1234
f 1163 1164 1234
f 1234 1164 1251
f 1164 1165 1251
f 1165 1167 1251
f 1167 1169 1251
f 1169 1168 1251
f 1168 1207 1251
f 1251 1207 1235
f 1207 1208 1235
f 1208 1209 1235
f 1209 1210 1235
f 1210 1170 1235
f 1235 1170 1236
f 1170 1173 1236
f 1173 1211 1236
f 1211 1212 1236
f 1213 1176 1212
f 1176 1214 1212
f 1214 1215 1212
f 1212 1215 1262
f 1262 1215 1216
f 1215 1215 1216
f 1215 1216 1216
f 1216 1216 1217
f 1216 1217 1217
f 1217 1217 1237
f 1217 976 1237
f 1237 976 1218
f 976 975 1218
f 1269 1218 1254
f 1218 975 1254
f 975 1238 1254
f 1182 1183 1240
f 1183 1219 1240
f 1219 1220 1241
f 1241 1220 1242
f 1242 1185 1243
f 1185 1221 1243
f 1221 1222 1243
f 1222 1223 1243
f 1244 1243 1245
f 1243 1223 1245
f 1245 1223 1224
f 1224 1226 1246
f 1226 1227 1246
f 1227 1194 1247
f 1194 1197 1247
f 1197 1228 1247
f 1228 1199 1247
f 1199 1200 1247
f 1200 1201 1247
f 1201 1229 1247
f 1229 1230 1247
f 1231 1232 1230
f 1232 1233 1230
f 1230 1233 1248
f 1233 1234 1248
f 1248 1234 1249
f 1249 1234 1250
f 1234 1251 1250
f 1251 1235 1236
f 1236 1212 1252
f 1252 1212 1262
f 1216 1217 1262
f 1217 1237 1262
f 1237 1218 1262
f 1262 1218 1253
f 1253 1218 1269
f 1254 1238 1270
f 1238 1239 1255
f 1255 1239 1256
f 1257 1256 1258
f 1256 1182 1258
f 1182 1240 1258
f 1240 1219 1258
f 1258 1219 1265
f 1219 1241 1265
f 1265 1241 1259
f 1241 1242 1259
f 1242 1243 1259
f 1243 1244 1259
f 1244 1245 1259
f 1245 1224 1259
f 1224 1246 1259
f 1259 1246 1227
f 1247 1230 1227
f 1227 1230 1260
f 1230 1248 1260
f 1248 1249 1260
f 1249 1250 1260
f 1250 1251 1260
f 1251 1236 1260
f 1236 1252 1260
f 1252 1262 1261
f 1262 1253 1268
f 1253 1269 1268
f 1268 1269 1293
f 1269 1254 1270
f 1270 1238 1263
f 1238 1255 1263
f 1263 1275 1272
f 1275 1263 1255
f 1255 1256 1276
f 1256 1257 1276
f 1257 1258 1264
f 1265 1259 1266
f 1259 1227 1266
f 1266 1227 1267
f 1227 1260 1267
f 1260 1252 1267
f 1252 1261 1267
f 1261 1262 1267
f 1267 1262 1268
f 1293 1269 1284
f 1269 1270 1277
f 1270 1263 1271
f 1263 1272 1278
f 1272 1274 1278
f 1278 1274 1279
f 1273 1279 1274
f 1275 1255 1283
f 1283 1255 1276
f 1276 1257 1264
f 1258 1265 1264
f 1265 1266 1264
f 1266 1267 1268
f 1284 1269 1277
f 1277 1270 1278
f 1270 1271 1278
f 1271 1263 1278
f 1279 1273 974
f 1273 1274 974
f 1280 1274 1281
f 1274 1272 1281
f 1272 1275 1281
f 1281 1275 1282
f 1282 1275 1283
f 1283 1276 1282
f 1276 1264 1282
f 1264 1266 1291
f 1291 1266 1292
f 1266 1268 1292
f 1284 1277 1304
f 1304 1277 1285
f 1277 1278 1285
f 1278 1279 1285
f 1279 974 1287
f 1286 1287 1299
f 1287 974 1288
f 974 1274 1288
f 1274 1280 1288
f 1288 1280 1289
f 1289 1280 1290
f 1280 1281 1290
f 1290 1281 1282
f 1282 1264 1291
f 1292 1268 1293
f 1293 1284 1303
f 1303 1284 1318
f 1318 1284 1304
f 1285 1279 1294
f 1294 1279 1295
f 1295 1279 1286
f 1279 1287 1286
f 1294 1286 1296
f 1296 1286 1297
f 1286 1299 1297
f 1299 1287 1289
f 1287 1288 1289
f 1316 1289 1300
f 1300 1289 1290
f 1290 1282 1317
f 1317 1282 1301
f 1301 1282 1302
f 1282 1291 1302
f 1292 1293 1291
f 1291 1293 1303
f 1304 1285 1305
f 1285 1294 1305
f 1295 1286 1294
f 1294 1296 1306
f 1321 1296 1297
f 1297 1298 1307
f 1307 1298 1298
f 1298 1298 1308
f 1308 1298 1309
f 1298 1297 1309
f 1297 1299 1309
f 1299 1289 1310
f 1310 1289 1311
f 1289 1316 1311
f 1326 1312 1346
f 1346 1312 1313
f 1312 1311 1313
f 1313 1311 1314
f 1314 1311 1315
f 1315 1311 1316
f 1300 1290 1316
f 1316 1290 1333
f 1333 1290 1317
f 1333 1317 1327
f 1327 1317 1302
f 1317 1301 1302
f 1291 1303 1302
f 1302 1303 1318
f 1318 1304 1319
f 1304 1305 1319
f 1305 1294 1320
f 1294 1306 1320
f 1306 1296 1335
f 1297 1307 1321
f 1321 1307 1322
f 1307 1298 1322
f 1322 1298 1298
f 1298 1308 1298
f 1298 1308 1323
f 1308 1309 1323
f 1323 1309 1325
f 1309 1299 1325
f 1299 1310 1325
f 1310 1311 1312
f 1342 1329 1344
f 1329 1312 1326
f 1313 1314 1346
f 1315 1316 1314
f 1319 1305 1318
f 1305 1335 1318
f 1305 1320 1335
f 1320 1306 1335
f 1335 1296 1336
f 1296 1321 1336
f 1321 1322 1328
f 1322 1298 1328
f 1298 1323 1328
f 1323 1325 1328
f 1325 1324 1349
f 1324 1325 1310
f 1310 1312 1329
f 1338 1329 1330
f 1330 1329 1342
f 1344 1329 1326
f 1346 1314 1356
f 1356 1314 1331
f 1314 1316 1331
f 1331 1316 1332
f 1332 1316 1333
f 1333 1327 1334
f 1334 1327 1335
f 1327 1302 1335
f 1302 1318 1335
f 1321 1328 1336
f 1328 1325 1347
f 1325 1349 1347
f 1349 1324 1350
f 1350 1324 1337
f 1337 1324 1338
f 1324 1310 1338
f 1310 1329 1338
f 1338 1330 1339
f 1330 1341 1339
f 1339 1341 1352
f 1341 1330 1364
f 1343 1342 1344
f 1344 1326 1345
f 1345 1326 1346
f 1356 1331 1332
f 1332 1333 1357
f 1333 1334 1357
f 1357 1334 1336
f 1334 1335 1336
f 1336 1328 1358
f 1328 1347 1358
f 1347 1349 1348
f 1350 1337 1351
f 1337 1338 1351
f 1359 1339 1360
f 1339 1352 1360
f 1352 1340 1353
f 1362 1340 1341
f 1340 1352 1341
f 1364 1330 1366
f 1330 1342 1366
f 1366 1342 1375
f 1342 1343 1375
f 1375 1343 1354
f 1343 1344 1355
f 1344 1345 1355
f 1345 1346 1355
f 1355 1346 1367
f 1367 1346 1356
f 1356 1332 1357
f 1357 1336 1358
f 1358 1347 1377
f 1347 1348 1377
f 1338 1339 1351
f 1339 1359 1351
f 1360 1352 1361
f 1352 1353 1361
f 1372 1353 1340
f 1374 1340 1362
f 1362 1341 1363
f 1341 1364 1363
f 1404 1364 1365
f 1365 1364 1366
f 1376 1375 1367
f 1375 1354 1367
f 1354 1343 1367
f 1343 1355 1367
f 1367 1356 1377
f 1356 1357 1377
f 1357 1358 1377
f 1391 1377 1368
f 1377 1348 1368
f 1348 1349 1368
f 1349 1350 1392
f 1351 1359 1379
f 1359 1360 1379
f 1379 1360 1361
f 1361 1371 1369
f 1380 1371 1370
f 1371 1361 1385
f 1361 1353 1385
f 1385 1353 1372
f 1387 1372 1388
f 1388 1372 1373
f 1372 1340 1373
f 1373 1340 1389
f 1389 1340 1374
f 1374 1362 1363
f 1363 1364 1374
f 1374 1364 1404
f 1404 1365 1375
f 1365 1366 1375
f 1376 1367 1377
f 1368 1349 1392
f 1350 1351 1378
f 1351 1379 1378
f 1361 1369 1379
f 1369 1371 1380
f 1381 1394 1382
f 1394 1380 1382
f 1380 1370 1382
f 1370 1371 1384
f 1384 1371 1385
f 1385 1372 1386
f 1372 1387 1386
f 1400 1387 1388
f 1401 1388 1389
f 1388 1373 1389
f 1389 1374 1403
f 1404 1375 1390
f 1390 1375 1391
f 1375 1376 1391
f 1376 1377 1391
f 1391 1368 1392
f 1392 1350 1405
f 1350 1378 1405
f 1405 1378 1393
f 1378 1379 1393
f 1379 1369 1393
f 1369 1380 1393
f 1393 1380 1394
f 1394 1381 1395
f 1395 1381 1396
f 1396 1381 1396
f 1381 1382 1396
f 1396 1382 1370
f 1370 1384 1409
f 1409 1384 1414
f 1384 1383 1414
f 1383 1397 1414
f 1397 973 1414
f 1397 1383 1410
f 1383 1384 1410
f 1384 1385 1410
f 1385 1386 1410
f 1398 1410 1399
f 1410 1386 1399
f 1386 1387 1399
f 1399 1387 1400
f 1400 1388 1412
f 1412 1388 1401
f 1401 1389 1402
f 1402 1389 1403
f 1403 1374 1404
f 1404 1390 1423
f 1423 1390 1391
f 1391 1392 1405
f 1405 1393 1406
f 1393 1394 1406
f 1394 1395 1406
f 1395 1396 1406
f 1406 1396 1407
f 1396 1396 1407
f 1407 1396 1408
f 1396 1370 1408
f 1370 1409 1408
f 1414 973 1426
f 1415 973 1416
f 973 1397 1416
f 1410 1398 1417
f 1417 1398 1411
f 1411 1398 1419
f 1398 1399 1419
f 1399 1400 1420
f 1421 1400 1412
f 1401 1402 1412
f 1412 1402 1403
f 1403 1404 1423
f 1423 1391 1406
f 1391 1405 1406
f 1406 1407 1413
f 1407 1408 1413
f 1413 1408 1425
f 1425 1408 1414
f 1408 1409 1414
f 1426 973 1427
f 1427 973 1415
f 972 1415 1416
f 1397 1410 1416
f 1416 1410 1417
f 1418 1411 1430
f 1430 1411 1419
f 1419 1399 1420
f 1420 1400 1421
f 1421 1412 1422
f 1422 1412 1423
f 1412 1403 1423
f 1406 1413 1423
f 1413 1425 1424
f 1414 1426 1425
f 1427 1415 1428
f 1415 972 1428
f 1428 972 1432
f 972 1434 1432
f 1448 1434 1436
f 1434 972 1436
f 972 1416 1436
f 1416 1417 1429
f 1417 1411 1429
f 1411 1418 1429
f 1429 1418 1438
f 1438 1418 1439
f 1418 1430 1439
f 1439 1430 1450
f 1430 1419 1441
f 1419 1420 1441
f 1420 1421 1441
f 1441 1421 1442
f 1421 1422 1442
f 1422 1423 1442
f 1423 1413 1442
f 1413 1424 1442
f 1442 1424 1431
f 1424 1425 1431
f 1425 1426 1431
f 1426 1427 1431
f 1427 1428 1431
f 1431 1428 1443
f 1432 1434 1433
f 1435 1434 1448
f 1436 1416 1437
f 1416 1429 1437
f 1438 1439 1466
f 1450 1430 1440
f 1440 1430 1441
f 1443 1428 1444
f 1428 1432 1444
f 1444 1432 1445
f 1432 1433 1445
f 1433 1446 1445
f 1446 1433 1447
f 1433 1434 1447
f 1434 1435 1447
f 1448 1436 1453
f 1453 1436 1454
f 1436 1437 1454
f 1437 1429 1454
f 1429 1438 1454
f 1455 1463 1466
f 1463 1438 1466
f 1466 1439 1456
f 1456 1439 1457
f 1457 1439 1449
f 1449 1439 1450
f 1450 1440 1451
f 1440 1441 1451
f 1441 1442 1451
f 1442 1431 1451
f 1431 1443 1451
f 1444 1445 1443
f 1445 1446 1443
f 1459 1447 1435
f 1435 1448 1468
f 1468 1448 1452
f 1452 1448 1453
f 1438 1463 1454
f 1454 1463 1462
f 1457 1449 1458
f 1449 1450 1458
f 1450 1451 1458
f 1443 1446 1451
f 1451 1446 1459
f 1446 1447 1459
f 1459 1460 1467
f 1460 1459 1474
f 1459 1435 1474
f 1435 1468 1474
f 1452 1453 1461
f 1453 1454 1462
f 1463 1455 1471
f 1464 1472 1465
f 1472 1455 1465
f 1455 1466 1465
f 1466 1456 1473
f 1456 1457 1473
f 1473 1457 1458
f 1458 1451 1467
f 1451 1459 1467
f 1468 1452 1469
f 1469 1452 1475
f 1452 1461 1475
f 1475 1461 1470
f 1470 1461 1471
f 1461 1453 1471
f 1453 1462 1471
f 1462 1463 1471
f 1455 1472 1476
f 1476 1472 971
f 1472 1464 1493
f 1464 1465 1473
f 1465 1466 1473
f 1473 1458 1467
f 1474 1468 1482
f 1468 1469 1486
f 1486 1469 1475
f 1475 1470 970
f 1470 1471 970
f 1471 1455 970
f 1455 1476 970
f 1476 971 1477
f 1478 1477 1479
f 1477 971 1479
f 971 1472 1479
f 1479 1472 1493
f 1493 1464 1480
f 1464 1473 1480
f 1480 1473 1467
f 1467 1460 1481
f 1460 1474 1481
f 1481 1474 1482
f 1482 1468 1483
f 1483 1483 1484
f 1495 1484 1485
f 1484 1483 1485
f 1483 1468 1485
f 1485 1468 1486
f 1486 1475 1487
f 1487 1475 970
f 970 1476 1496
f 1476 1477 1496
f 1496 1477 1488
f 1488 1477 1489
f 1477 1478 1489
f 1489 1490 1492
f 1490 1491 1492
f 1517 1492 1490
f 1492 1491 1490
f 1491 1490 1490
f 1490 1489 1490
f 1489 1478 1490
f 1478 1479 1493
f 1493 1480 1467
f 1498 1467 1494
f 1467 1481 1494
f 1481 1482 1494
f 1482 1483 1494
f 1483 1483 1494
f 1483 1484 1494
f 1484 1495 1494
f 1494 1495 1499
f 1495 1485 1486
f 1496 1488 1502
f 1489 1492 1488
f 1488 1492 1502
f 1497 1492 1517
f 1490 1478 1517
f 1517 1478 1498
f 1478 1493 1498
f 1493 1467 1498
f 1498 1494 1499
f 1499 1495 1500
f 1501 1487 1507
f 1507 1487 1508
f 1487 970 1508
f 970 1496 1508
f 1492 1497 1502
f 1521 1497 969
f 1497 1513 969
f 1503 1513 1514
f 1513 1497 1514
f 1514 1497 1504
f 1497 1517 1504
f 1517 1498 1505
f 1505 1498 1499
f 1499 1500 1506
f 1500 1495 1486
f 1487 1501 1486
f 1508 1496 1509
f 1496 1502 1509
f 1509 1502 1510
f 1502 1497 1510
f 1526 969 1511
f 969 1512 1511
f 1512 969 1513
f 1513 1503 1528
f 1504 1515 1514
f 1515 1504 1516
f 1504 1517 1516
f 1517 1505 1518
f 1499 1506 1505
f 1505 1506 1683
f 1506 1500 1519
f 1500 1486 1519
f 1486 1501 1519
f 1519 1501 1507
f 1519 1507 1520
f 1520 1507 1508
f 1508 1509 1624
f 1624 1509 1510
f 1510 1497 1625
f 1497 1521 1625
f 1521 969 967
f 969 1525 967
f 967 1525 1522
f 1524 1522 1677
f 1677 1522 1678
f 1522 1525 1678
f 1678 1525 1754
f 1525 969 1526
f 1511 1512 1528
f 1512 1513 1528
f 1529 1528 1503
f 1514 1515 1503
f 1503 1515 1530
f 1515 1516 1531
f 1516 1517 1531
f 1517 1518 1531
f 1518 1505 1531
f 1505 1683 1531
f 1538 1537 1539
f 1539 1537 1545
f 1554 1540 1541
f 1541 1540 1577
f 1577 1540 1605
f 1540 1545 1605
f 1605 1545 1537
f 1555 1537 1556
f 1537 1538 1556
f 1556 1538 1557
f 1557 1538 1542
f 1538 1572 1542
f 1572 1536 1542
f 1542 1536 1543
f 1589 1536 1572
f 1572 1538 1544
f 1538 1539 1544
f 1545 1540 1546
f 1546 1540 1592
f 1592 1540 1547
f 1547 1540 1574
f 1540 1554 1574
f 1574 1554 1548
f 1552 1549 1553
f 1553 1549 1554
f 1549 1548 1554
f 1576 1554 1577
f 1554 1541 1577
f 1605 1537 1555
f 1578 1556 1557
f 1542 1543 1559
f 1543 1536 1559
f 1536 1571 1559
f 1559 1571 1560
f 1560 1535 1561
f 1535 1534 1562
f 1534 1533 1562
f 1562 1533 1563
f 1563 1564 1565
f 1566 1565 1704
f 1704 1565 1567
f 1565 1564 1567
f 1567 1564 1567
f 1567 1564 1568
f 1564 1563 1568
f 1568 1563 1533
f 1583 1533 1534
f 1534 1535 1569
f 1535 1560 1569
f 1569 1560 1570
f 1570 1560 1571
f 1571 1536 1587
f 1587 1536 1589
f 1572 1544 1590
f 1544 1539 1591
f 1539 1545 1591
f 1546 1592 1545
f 1592 1547 1573
f 1573 1547 1574
f 1574 1548 1594
f 1594 1548 1595
f 1548 1549 1595
f 1549 1551 1595
f 1551 1550 1595
f 1550 1575 1595
f 1575 1550 1597
f 1597 1550 1601
f 1601 1550 1602
f 1602 1550 1552
f 1550 1551 1552
f 1551 1549 1552
f 1553 1554 1552
f 1552 1554 1576
f 1605 1555 1606
f 1555 1556 1606
f 1606 1556 1578
f 1557 1542 1578
f 1542 1558 1578
f 1558 1542 1608
f 1608 1542 1559
f 1608 1559 1579
f 1560 1561 1559
f 1559 1561 1580
f 1580 1561 1562
f 1561 1535 1562
f 1581 1562 1609
f 1562 1563 1609
f 1563 1565 1566
f 1610 1532 1612
f 1612 1532 1704
f 1532 1566 1704
f 1704 1567 1582
f 1567 1567 1582
f 1582 1567 1583
f 1567 1568 1583
f 1568 1533 1583
f 1585 1584 1585
f 1584 1583 1585
f 1583 1534 1585
f 1585 1534 1586
f 1534 1569 1586
f 1570 1571 1569
f 1569 1571 1587
f 1710 1587 1588
f 1587 1589 1588
f 1617 1588 1589
f 1572 1590 1589
f 1619 1590 1591
f 1590 1544 1591
f 1591 1545 1592
f 1592 1573 1593
f 1573 1574 1594
f 1595 1575 1596
f 1596 1575 1597
f 1598 1597 1599
f 1599 1597 1600
f 1600 1597 1601
f 1602 1552 1687
f 1552 1576 1603
f 1603 1576 1688
f 1688 1576 1689
f 1576 1577 1689
f 1604 1577 1605
f 1693 1606 1607
f 1607 1606 1695
f 1606 1578 1695
f 1578 1696 1695
f 1696 1578 1697
f 1578 1558 1697
f 1608 1579 1697
f 1559 1580 1579
f 1579 1580 1698
f 1580 1562 1698
f 1562 1581 1698
f 1563 1566 1609
f 1566 1532 1609
f 1532 1610 1699
f 1612 1611 1610
f 1613 1612 1704
f 1704 1582 1614
f 1614 1582 1706
f 1582 1583 1706
f 1706 1583 1707
f 1707 1583 1615
f 1583 1584 1615
f 1584 1585 1615
f 1615 1585 1616
f 1585 1585 1616
f 1585 1586 1616
f 1569 1587 1709
f 1709 1587 1710
f 1710 1588 1711
f 1711 1588 1617
f 1617 1589 1618
f 1589 1590 1618
f 1618 1590 1619
f 1619 1591 1620
f 1591 1592 1620
f 1620 1592 1715
f 1592 1593 1715
f 1593 1573 1716
f 1573 1594 1716
f 1716 1594 1717
f 1594 1595 1621
f 1718 1596 1622
f 1596 1597 1622
f 1597 1598 1622
f 1622 1598 1623
f 1598 1684 1623
f 1508 1624 1520
f 1785 1520 1624
f 1624 1510 1625
f 1625 1521 967
f 967 1522 1626
f 1522 1524 1626
f 1626 1524 1722
f 1524 1523 1722
f 1523 1627 1722
f 1722 1627 1628
f 1665 1630 1631
f 1653 1633 1632
f 1636 1635 1644
f 1637 1644 1640
f 1640 1638 965
f 1662 1638 1641
f 1641 1638 1666
f 1666 1638 1667
f 1638 1640 1667
f 1640 1644 1667
f 1644 1635 1667
f 1635 1634 1668
f 966 1634 1642
f 1634 1635 1642
f 1642 1635 1643
f 1635 1636 1643
f 1643 1636 1644
f 1645 1644 1637
f 1647 1646 1648
f 1648 1646 1637
f 1637 1640 1649
f 1640 1639 1649
f 1649 1639 1675
f 1639 1640 965
f 1662 1651 1638
f 1650 1638 1651
f 1662 1633 1651
f 1628 1652 1653
f 1652 1633 1653
f 1654 1724 1655
f 1656 1658 1657
f 1656 1732 1658
f 1659 1658 1732
f 1732 1656 1660
f 1656 1655 1660
f 1655 1724 1660
f 1660 1724 1632
f 1724 1723 1632
f 1723 1653 1632
f 1632 1633 1661
f 1661 1633 1662
f 1735 1641 1736
f 1641 1631 1736
f 1736 1631 1629
f 1629 1631 1663
f 1663 1631 1737
f 1631 1630 1737
f 1737 1630 1664
f 1948 1664 1665
f 1664 1630 1665
f 1665 1631 1741
f 1741 1631 1666
f 1631 1641 1666
f 1667 1635 1668
f 966 1642 1742
f 1744 1642 1669
f 1642 1643 1669
f 1670 1669 1746
f 1669 1643 1746
f 1643 1644 1819
f 1644 1645 1819
f 1645 1637 1819
f 1637 1646 1819
f 1646 1647 1819
f 1647 1648 1819
f 1819 1648 1671
f 1648 1637 1671
f 1637 1649 1671
f 1671 1649 1672
f 1672 1649 1673
f 1649 1675 1673
f 1675 1639 965
f 965 1638 1753
f 1638 1650 1753
f 1651 1633 1650
f 1633 1652 1650
f 1652 1628 1650
f 1628 1627 1650
f 1627 1523 1650
f 1650 1523 1676
f 1523 1524 1676
f 1676 1524 1677
f 1754 1525 1679
f 1525 1526 1679
f 1526 1511 1679
f 1511 1527 1755
f 1831 1755 1680
f 1755 1527 1680
f 1527 1511 1680
f 1511 1528 1680
f 1680 1528 1681
f 1529 1756 1528
f 2019 1756 1682
f 1756 1529 1682
f 1503 1530 1758
f 1530 1515 1759
f 1515 1531 1759
f 1759 1531 1683
f 1506 1519 1683
f 1520 1684 1519
f 1685 1684 1762
f 1684 1598 1762
f 1762 1598 1839
f 1598 1599 1839
f 1839 1599 1600
f 1599 1600 1600
f 1600 1600 1686
f 1600 1601 1686
f 1601 1602 1687
f 1687 1552 1841
f 1841 1552 1842
f 1552 1603 1842
f 1603 1688 1842
f 1689 1577 1690
f 1690 1577 1691
f 1577 1604 1691
f 1604 1605 1692
f 1692 1605 1693
f 1605 1606 1693
f 1693 1607 1694
f 1558 1608 1697
f 1697 1579 1698
f 1698 1581 2034
f 2034 1581 1766
f 1581 1609 1766
f 1851 1609 1699
f 1609 1532 1699
f 1699 1610 1767
f 1610 1611 1767
f 1767 1611 1700
f 1611 968 1700
f 1611 1770 968
f 1769 968 1770
f 1611 1612 1770
f 1770 1612 1701
f 1612 1613 1701
f 1701 1613 1702
f 1702 1613 1703
f 1704 1614 1705
f 1705 1614 1705
f 1705 1614 1706
f 1860 1706 1707
f 1615 1616 1707
f 1707 1616 1708
f 1708 1616 1586
f 1708 1586 1569
f 1711 1617 1778
f 1617 1863 1778
f 1863 1617 1712
f 1712 1617 1713
f 1617 1618 1713
f 1618 1619 1713
f 1713 1619 1714
f 1619 1620 1715
f 1715 1593 1716
f 1717 1594 1718
f 1594 1621 1718
f 1621 1595 1718
f 1595 1596 1718
f 1622 1623 1718
f 1718 1623 964
f 1623 1684 1784
f 1684 1520 1784
f 1520 1785 1784
f 1785 1624 1719
f 1624 1625 1719
f 1625 967 1719
f 1719 967 1786
f 1786 967 1720
f 967 1626 1720
f 1626 1722 1720
f 1720 1722 1721
f 1628 1653 1723
f 1724 1654 1725
f 1725 1654 1726
f 1654 1655 1726
f 1726 1655 1727
f 1655 1656 1727
f 1656 1657 1727
f 1657 1658 1727
f 1727 1658 1793
f 1793 1658 1728
f 1728 1658 1794
f 1794 1658 1729
f 1729 1658 1730
f 1658 1659 1730
f 1730 1659 1731
f 1731 1659 1802
f 1802 1659 1732
f 1732 1660 1733
f 1660 1632 1733
f 1632 1661 1733
f 1661 1662 1734
f 1662 1641 1734
f 1641 1735 1734
f 1733 1734 1735
f 1629 1663 1736
f 1737 1664 1738
f 1738 1664 1805
f 1805 1664 1739
f 1946 1664 1740
f 1740 1664 1807
f 1664 1948 1807
f 1948 1665 1741
f 1666 1667 1741
f 1667 1668 1741
f 1808 1668 1809
f 1668 1634 1809
f 1634 966 1809
f 1809 966 1810
f 1742 1642 1743
f 1642 1744 1743
f 1744 1669 1745
f 1669 1670 1745
f 1745 1670 1815
f 1815 1670 1746
f 1747 1746 1819
f 1746 1643 1819
f 1819 1671 1748
f 1671 1672 1748
f 1672 1673 1748
f 1673 1674 1748
f 1820 1748 1674
f 1673 1675 1749
f 1749 1675 1750
f 1675 965 1750
f 1751 1750 1752
f 1750 965 1752
f 1752 965 1753
f 1650 1676 1753
f 1676 1677 1825
f 1825 1677 1754
f 1677 1678 1754
f 1754 1679 2013
f 1679 1511 2013
f 1511 1755 2013
f 1831 1680 1833
f 1833 1680 1681
f 1528 1756 1681
f 1835 1681 1756
f 2019 1682 1757
f 1757 1682 1757
f 1682 1529 1757
f 1529 1503 1757
f 1757 1503 1758
f 1683 1519 1760
f 1519 1684 1760
f 1760 1684 1761
f 1684 1685 1761
f 1685 1762 1761
f 1600 1686 1839
f 1839 1686 1841
f 1686 1601 1841
f 1601 1687 1841
f 1689 1690 1688
f 1688 1690 2022
f 1691 1604 1690
f 1604 1692 1690
f 1692 1693 1690
f 1690 1693 1763
f 1763 1693 1843
f 1843 1693 1844
f 1693 1694 1844
f 1844 1694 1764
f 1694 1607 1764
f 1764 1607 1845
f 1607 1695 1845
f 1695 1696 1845
f 1845 1696 1846
f 1696 1697 1848
f 1848 1697 2031
f 2031 1697 1849
f 1697 1698 1849
f 1849 1698 1850
f 1850 1698 2034
f 1765 2034 1766
f 1766 1609 1851
f 1851 1699 1767
f 1700 968 1768
f 968 1854 1768
f 1854 968 1855
f 968 1769 1855
f 1772 1771 1773
f 1773 1771 1774
f 1771 1770 1774
f 1774 1770 1702
f 1770 1701 1702
f 1701 1702 1702
f 1702 1703 1702
f 1702 1703 1775
f 1703 1613 1775
f 1613 1704 1775
f 1775 1704 1776
f 1704 1705 1776
f 1705 1705 1776
f 1776 1705 1777
f 1705 1706 1777
f 1777 1706 1860
f 1707 1708 2043
f 1569 1709 1708
f 1708 1709 2045
f 1709 1710 2045
f 2045 1710 1861
f 1710 1711 1861
f 1711 1778 1861
f 1863 1712 1779
f 1865 1864 1712
f 1713 1714 1712
f 1712 1714 2049
f 1714 1619 2049
f 2049 1619 1780
f 1619 1715 1780
f 1715 1716 1780
f 1716 1717 1780
f 1780 1717 1718
f 1781 1718 1782
f 1718 964 1782
f 2051 964 1867
f 1867 964 1783
f 964 1623 1783
f 1783 1623 1867
f 1623 1868 1867
f 1868 1623 1784
f 1870 1869 1871
f 1869 1784 1871
f 1871 1784 1785
f 1873 1719 1786
f 1874 1786 1787
f 1786 1720 1787
f 1787 1720 1788
f 1788 1720 1789
f 1789 1720 1879
f 1720 1721 1879
f 1790 1721 963
f 1721 1722 963
f 1722 1628 963
f 1628 1723 963
f 963 1723 1882
f 1882 1723 1792
f 1723 1724 1792
f 1792 1724 1791
f 1724 1725 1791
f 1725 1726 1791
f 1726 1727 1793
f 1793 1728 1884
f 1884 1728 1885
f 1885 1728 1886
f 1886 1728 1794
f 1794 1729 1795
f 1730 1731 1729
f 1729 1731 1796
f 1799 1800 1797
f 1941 1797 1801
f 1796 1731 1943
f 1943 1731 1802
f 1802 1732 1944
f 1944 1732 1733
f 1661 1734 1733
f 1733 1735 1803
f 1803 1735 1945
f 1735 1736 1945
f 1736 1663 1945
f 1945 1663 1804
f 1663 1737 1804
f 1737 1738 1804
f 1804 1738 2095
f 2095 1738 1805
f 1805 1739 1946
f 1739 1664 1946
f 1806 1946 1740
f 1948 1741 1808
f 1741 1668 1808
f 1810 966 1742
f 1742 1743 1811
f 961 1811 1812
f 1812 1811 1813
f 1811 1743 1813
f 1743 1744 1813
f 1744 1745 1813
f 1745 1815 1813
f 1813 1815 2008
f 2008 1815 1814
f 1815 1746 2010
f 1746 1747 2010
f 1747 1819 1816
f 1819 1817 1816
f 1818 1817 1819
f 1748 1820 1819
f 1674 2012 1820
f 2012 1674 1821
f 1674 1673 1821
f 1673 1749 1821
f 1821 1749 1822
f 1749 1750 1822
f 1822 1750 1823
f 1750 1751 1823
f 1823 1751 2761
f 1752 1753 1751
f 1753 1676 1751
f 1676 1825 1751
f 1824 1751 1825
f 1825 1754 1826
f 1826 1754 2013
f 2013 1755 2014
f 2014 1755 1827
f 1828 1827 1829
f 1827 1827 1829
f 1827 1755 1829
f 1829 1755 1830
f 1755 1831 1830
f 1832 1831 1833
f 1833 1681 1834
f 1834 1681 2764
f 2764 1681 1835
f 1756 2019 1835
f 2019 1757 1836
f 1757 1757 1836
f 1757 1758 1836
f 1836 1758 2913
f 2913 1758 1837
f 1837 1758 2767
f 1758 1530 2767
f 1530 1759 2767
f 1683 1760 1759
f 1760 1761 1759
f 1759 1761 1838
f 1761 1762 1838
f 1838 1762 1839
f 1840 1839 1841
f 1842 1688 2021
f 2022 1690 2023
f 2023 1690 1763
f 1844 2025 1843
f 1844 1764 1845
f 1846 1696 1847
f 1847 1696 1848
f 2034 1765 2780
f 1765 1766 1851
f 2035 1851 2036
f 2036 1851 1852
f 1851 1767 1852
f 1767 1700 1853
f 1700 1768 1853
f 2037 1854 2784
f 1854 1855 2784
f 1855 1769 2040
f 1769 1770 2040
f 1770 1771 2040
f 1771 1772 1856
f 1856 1772 1772
f 1772 1773 1772
f 1772 1773 1857
f 1773 1774 1857
f 1774 1702 1775
f 1775 1777 1858
f 1775 1776 1777
f 1859 1777 1860
f 1860 1707 2043
f 2043 1708 2044
f 2044 1708 2045
f 2046 2045 1861
f 1861 1778 1862
f 1778 1863 1862
f 1862 1863 2798
f 1863 1779 2799
f 1779 1712 2799
f 1712 1864 2799
f 1865 1712 2049
f 2049 1780 1866
f 1780 1718 1866
f 1718 1781 1866
f 1866 1781 1782
f 964 2051 1782
f 1784 1869 1868
f 1871 1785 1870
f 1870 1785 1872
f 1785 1719 1872
f 1872 1719 2055
f 1719 1873 2055
f 1786 1874 1873
f 1874 1787 1875
f 1875 1787 1876
f 1787 1788 1876
f 1877 1876 1788
f 2057 1788 1878
f 1878 1788 1879
f 1788 1789 1879
f 1879 1721 2058
f 1721 1790 2058
f 1790 2059 2058
f 2059 1790 1880
f 1790 963 1880
f 963 962 1880
f 1880 962 1881
f 962 963 1881
f 963 1882 1881
f 1882 1791 2061
f 1882 1792 1791
f 2062 1791 1883
f 1791 1726 1883
f 1883 1726 2064
f 2064 1726 1884
f 1726 1793 1884
f 1886 1794 2069
f 1794 1795 2069
f 1795 1729 1887
f 1729 1796 1887
f 1887 1796 1888
f 1796 1798 1888
f 1888 1798 1889
f 1798 1797 1889
f 1889 1797 1890
f 1797 1800 1890
f 1913 1896 1901
f 1900 1898 1931
f 1901 1896 1902
f 1896 1904 1903
f 1906 1891 1892
f 1907 1892 2107
f 2107 1892 1936
f 1936 1892 1891
f 1891 1906 1911
f 1893 1904 1894
f 1894 1904 1895
f 1904 1896 1895
f 1912 1896 1913
f 1901 1931 1913
f 1913 1931 1897
f 1931 1898 1897
f 1914 1898 1916
f 2082 1917 1928
f 1917 1899 1928
f 1899 1916 1929
f 1929 1916 1930
f 1916 1898 1930
f 1930 1898 1900
f 2088 1931 1901
f 1902 1896 1903
f 1933 1903 1904
f 1904 1893 1905
f 1905 1893 1935
f 1935 1893 1906
f 1906 1892 1907
f 1936 1891 1937
f 1937 1891 1908
f 1908 1891 1909
f 1891 1910 1909
f 1910 1891 2074
f 2074 1891 1911
f 1911 1906 2076
f 1906 1893 2076
f 1893 1894 2076
f 2076 1894 2077
f 1894 1895 2077
f 1895 1896 1912
f 1913 1897 2824
f 1897 1898 2824
f 2824 1898 1914
f 1915 1914 1916
f 1916 1899 2080
f 1899 1917 2080
f 2081 1917 2082
f 1925 1924 2083
f 2083 1924 2084
f 3135 2084 2827
f 2827 2084 2828
f 2084 1922 2828
f 1922 2084 1923
f 2084 1924 1923
f 1920 1919 1926
f 1926 1918 2085
f 2085 1918 1954
f 1954 1918 1927
f 1918 2082 1927
f 1927 2082 1928
f 1928 1899 1927
f 1927 1899 2086
f 2086 1899 1929
f 1930 1900 1931
f 2088 1901 2089
f 2089 1901 1932
f 1901 1902 1932
f 1902 1903 1933
f 1933 1904 2091
f 1904 1905 2091
f 2125 1905 2105
f 2105 1905 1935
f 1935 1906 2106
f 1906 1907 2106
f 2092 1907 2107
f 1937 1908 2094
f 2094 1908 1938
f 1908 1909 1938
f 1938 1890 1799
f 1890 1800 1799
f 1939 1799 1940
f 1799 1797 1940
f 1940 1797 1941
f 1941 1801 1942
f 1797 1798 1801
f 1798 1796 1801
f 1796 1943 1801
f 1943 1802 1944
f 1944 1733 1945
f 1733 1803 1945
f 2095 1805 2096
f 2096 1805 2114
f 1946 1806 1947
f 1947 1806 2116
f 1806 1740 1948
f 1740 1807 1948
f 1948 1808 1809
f 1809 1810 840
f 1810 1742 840
f 1742 1811 2117
f 1811 961 2117
f 2117 961 2099
f 1812 1949 961
f 1949 2100 2099
f 911 912 2100
f 912 904 2100
f 904 1950 2100
f 839 2100 1950
f 1951 1950 1952
f 1950 913 1952
f 913 914 1952
f 1952 914 1953
f 914 915 1953
f 1953 915 1954
f 915 916 1954
f 1955 1954 916
f 916 915 1956
f 915 914 1956
f 914 917 1956
f 1956 917 1957
f 2832 1957 1959
f 1957 918 1959
f 918 919 1959
f 1960 1959 1961
f 1959 919 1961
f 919 870 1961
f 812 1961 1962
f 2977 1964 2836
f 2836 1964 920
f 2838 920 1964
f 1966 921 922
f 922 923 2839
f 1967 872 1968
f 872 924 1968
f 841 925 1969
f 925 926 1969
f 926 927 1969
f 1969 927 2986
f 927 880 2986
f 2986 880 1970
f 880 928 1970
f 2841 1970 1971
f 1970 929 1971
f 929 881 1971
f 881 882 1971
f 1971 882 1972
f 882 876 1972
f 876 930 1972
f 2844 931 932
f 932 1975 1974
f 1975 933 2990
f 933 934 1976
f 3162 1976 1977
f 1976 934 1977
f 934 935 1977
f 1979 1978 1980
f 811 1981 818
f 1981 811 2733
f 811 1980 1978
f 1982 1978 2735
f 1978 1979 2735
f 1979 936 2735
f 2735 936 1983
f 936 934 1983
f 934 884 1983
f 1983 884 3016
f 884 1985 3016
f 3016 1985 1984
f 1985 937 2737
f 2737 937 1986
f 937 938 1986
f 1986 938 1987
f 938 939 1987
f 1987 939 1987
f 1987 939 1988
f 939 941 1988
f 941 942 940
f 942 943 885
f 879 873 1989
f 945 946 944
f 866 889 946
f 2742 947 2743
f 2743 947 2744
f 2744 947 1992
f 1992 891 1993
f 891 948 2880
f 948 2881 2880
f 2881 948 1994
f 948 949 1994
f 1995 2748 2750
f 2748 893 2750
f 2750 893 2883
f 893 951 2883
f 951 952 2883
f 952 953 2883
f 2883 953 1996
f 953 954 1996
f 1996 954 1997
f 954 955 1997
f 955 895 1997
f 2884 956 2751
f 956 957 2751
f 1998 907 1999
f 2001 2000 910
f 910 959 2002
f 2754 958 2003
f 958 959 2003
f 2003 959 2004
f 959 960 2004
f 800 2006 2007
f 2006 2005 2007
f 2005 2004 2007
f 2004 960 2007
f 960 1812 2007
f 1812 1813 2007
f 1813 2008 2007
f 2892 2008 2756
f 2008 1814 2756
f 1814 1815 2756
f 2009 2756 2010
f 2756 1815 2010
f 2010 1747 2011
f 1747 1816 2011
f 1816 1817 2011
f 2011 1817 2895
f 1817 1818 2895
f 1819 1820 1818
f 1818 1820 2012
f 2012 1821 2898
f 2898 1821 2759
f 1821 1822 2759
f 1822 1823 2761
f 1751 1824 2761
f 2761 1824 810
f 810 1824 2906
f 2906 1824 1826
f 1824 1825 1826
f 2014 1827 2015
f 1827 1827 2015
f 1827 1828 2015
f 1828 1829 2015
f 1829 1830 2015
f 1830 1831 2015
f 1831 1832 2015
f 1832 1833 2016
f 1833 1834 2764
f 2764 1835 2017
f 2018 1835 2766
f 1835 2019 2913
f 1836 2913 2019
f 2767 1759 1838
f 1838 1839 2768
f 1839 1840 2768
f 1840 1841 2768
f 2768 1841 2915
f 1841 1842 2915
f 2915 1842 2020
f 2020 2021 2022
f 2021 1688 2022
f 1763 1843 2024
f 2024 1843 2025
f 2025 1844 817
f 817 1844 2026
f 2026 1844 2027
f 1844 1845 2027
f 2027 1845 2028
f 2777 2776 2029
f 2776 2028 2029
f 2028 1845 2029
f 1845 1846 2029
f 2029 1846 2030
f 1846 1847 2030
f 1847 1848 2030
f 1848 2031 2030
f 1849 1850 2031
f 2031 1850 2032
f 1850 2034 2033
f 2780 1765 2781
f 1765 1851 2925
f 1851 2035 2925
f 1852 1767 2782
f 1767 1853 2782
f 1853 1768 2782
f 2782 1768 2037
f 1768 1854 2037
f 2784 1855 2038
f 2039 2786 1855
f 1855 2786 2785
f 2787 2786 2039
f 2928 2039 2040
f 2039 1855 2040
f 2041 2040 1771
f 1771 1856 2042
f 1856 1772 2042
f 2042 1772 1857
f 1857 1774 2795
f 1774 1775 2795
f 2795 1775 2796
f 1775 1858 2796
f 1777 1859 1858
f 1859 1860 2043
f 2043 2044 2938
f 2046 1861 2797
f 1861 1862 2797
f 2797 1862 2798
f 2798 1863 2799
f 2799 1864 2047
f 1864 1865 2047
f 2047 1865 2048
f 2048 1865 2050
f 2050 1865 2049
f 2050 1866 2051
f 1866 1782 2051
f 2802 2051 2053
f 2051 1867 2053
f 1867 1868 2053
f 2053 1868 2054
f 1868 1869 2054
f 1869 1870 2054
f 2803 1870 2055
f 1870 1872 2055
f 1873 1874 2055
f 1874 1875 2056
f 1875 1876 2805
f 1876 1877 2057
f 1877 1788 2057
f 2057 1878 2058
f 1878 1879 2058
f 2059 1880 2060
f 1880 1881 2060
f 2060 1881 2061
f 1881 1882 2061
f 2061 1791 2062
f 2063 1883 2064
f 2064 1884 815
f 815 1884 2065
f 1884 1885 2065
f 2065 1885 2815
f 1885 1886 2815
f 2815 2067 2816
f 2816 2067 2066
f 2815 1886 2067
f 2067 1886 2068
f 2068 1886 2817
f 1886 2069 2817
f 1795 1887 2069
f 1887 1888 2070
f 2070 1888 2071
f 2071 1888 2072
f 1888 1889 2072
f 1889 1890 2072
f 2072 1890 2073
f 2073 1890 2820
f 2820 1890 2961
f 2961 1890 2821
f 2821 1890 1938
f 1938 1909 1910
f 2074 1911 813
f 813 1911 2075
f 2075 1911 2076
f 2077 1895 2078
f 1895 1912 2078
f 1912 1913 2078
f 1913 2824 2078
f 2824 1914 2079
f 1914 1915 2079
f 1915 1916 2080
f 2080 1917 1915
f 2968 2082 2969
f 2082 1918 2969
f 1918 1926 2969
f 1926 1919 2969
f 2969 1919 2826
f 1919 1920 2826
f 1920 1925 2826
f 2826 1925 2083
f 3134 2084 3135
f 3136 2828 1922
f 1922 1921 2829
f 2829 1921 2830
f 1921 1922 2830
f 1922 1923 2830
f 1923 1924 2830
f 2830 1924 2085
f 1924 1925 2085
f 1925 1920 2085
f 1920 1926 2085
f 2086 1929 2087
f 1929 1930 2087
f 1930 1931 2087
f 1931 2088 2087
f 2089 1932 2090
f 1932 1902 2090
f 1902 1933 2090
f 1933 2091 2104
f 2091 1934 2104
f 2091 1905 2125
f 2105 1935 2106
f 2106 1907 2092
f 2107 1936 2108
f 2108 1936 2109
f 1936 2093 2109
f 2134 2093 2110
f 2093 1936 2110
f 1936 1937 2110
f 2110 1937 2094
f 1938 1799 2094
f 1799 1939 2094
f 1939 1940 2113
f 1940 1941 2113
f 1941 1942 2113
f 1801 1943 1942
f 1943 1944 1942
f 1944 1945 1942
f 1945 1804 1942
f 1942 1804 2095
f 1805 1946 2114
f 2114 1946 2097
f 1946 1947 2097
f 2116 1806 2098
f 1806 1948 2098
f 1948 1809 2098
f 1809 840 2098
f 840 1742 2117
f 961 1949 2099
f 839 1950 2101
f 1950 1951 2101
f 2101 1951 2121
f 1951 1952 2121
f 1954 1927 1953
f 1927 2086 2087
f 2087 2088 2102
f 2088 2089 2102
f 2102 2089 2103
f 2103 2089 2104
f 2089 2090 2104
f 2090 1933 2104
f 1934 2091 2125
f 2109 2093 2126
f 2110 2094 2111
f 2112 2094 1939
f 1942 2095 2113
f 2095 2096 2129
f 2129 2096 2114
f 2114 2097 2115
f 2097 1947 2115
f 2116 2098 2117
f 2098 840 2117
f 2117 2099 2118
f 2099 2100 2118
f 2100 839 2118
f 2118 839 2120
f 839 2101 2120
f 2101 2119 2120
f 2119 2101 2121
f 2121 1952 2122
f 1952 1953 2122
f 1953 1927 2122
f 1927 2087 2122
f 2087 2102 2122
f 2122 2102 2123
f 2102 2103 2123
f 2103 2104 1934
f 1934 2125 2124
f 2125 2105 2124
f 2105 2106 2131
f 2131 2106 2132
f 2106 2092 2132
f 2107 2108 2092
f 2108 2109 2092
f 2092 2109 2126
f 2093 2134 2126
f 2135 2134 2127
f 2134 2110 2127
f 2110 2111 2127
f 2111 2094 2127
f 2094 2112 2127
f 2112 1939 2127
f 1939 2113 2127
f 2127 2113 2128
f 2113 2095 2128
f 2128 2095 2129
f 2129 2114 2151
f 2151 2114 2115
f 2115 1947 2136
f 1947 2116 2136
f 2136 2116 2130
f 2116 2117 2130
f 2117 2118 2130
f 2130 2118 2120
f 2120 2119 2137
f 2119 2121 2137
f 2121 2122 2137
f 2122 2123 2137
f 2103 1934 2123
f 2123 1934 2138
f 1934 2124 2138
f 2124 2105 2131
f 2132 2092 2133
f 2092 2126 2133
f 2126 2134 2139
f 2145 2134 2135
f 2127 2128 2150
f 2128 2129 2151
f 2136 2130 2137
f 2130 2120 2137
f 2137 2123 2138
f 2124 2131 2138
f 2131 2132 2138
f 2138 2132 2142
f 2132 2133 2142
f 2133 2126 2142
f 2126 2139 2142
f 2139 2134 2143
f 2143 2134 2145
f 2146 2145 2140
f 2145 2135 2140
f 2135 2127 2150
f 2150 2128 2164
f 2115 2136 2141
f 2141 2136 2142
f 2136 2137 2142
f 2137 2138 2142
f 2153 2142 2154
f 2142 2139 2154
f 2154 2139 2143
f 2144 2143 2145
f 2177 2148 2160
f 2148 2147 2160
f 2160 2147 2149
f 2147 2146 2149
f 2146 2140 2149
f 2140 2135 2150
f 2164 2128 2151
f 2152 2151 2141
f 2151 2115 2141
f 2152 2141 2153
f 2141 2142 2153
f 2143 2144 2154
f 2144 2145 2165
f 2145 2146 2165
f 2165 2146 2155
f 2155 2146 2171
f 2146 2147 2171
f 2171 2147 2156
f 2147 2148 2156
f 2156 2148 2157
f 2157 2148 2158
f 2158 2148 2159
f 2159 2148 2177
f 2160 2149 2161
f 2149 2140 2161
f 2162 2140 2163
f 2140 2150 2163
f 2150 2164 2163
f 2151 2152 2164
f 2194 2152 2153
f 2153 2154 2183
f 2144 2165 2154
f 2165 2155 2166
f 2166 2155 2167
f 2167 2155 2168
f 2168 2155 2169
f 2169 2155 2170
f 2170 2155 2171
f 2172 2171 2186
f 2186 2171 2157
f 2171 2156 2157
f 2199 2157 2173
f 2157 2158 2173
f 2173 2158 2174
f 2158 2175 2174
f 2175 2158 2208
f 2158 2159 2208
f 2208 2159 2176
f 2159 2177 2191
f 2177 2160 2178
f 2178 2160 2179
f 2160 2161 2180
f 2161 2140 2180
f 2140 2162 2180
f 2181 2180 2182
f 2180 2162 2182
f 2182 2162 2163
f 2164 2194 2163
f 2164 2152 2194
f 2194 2153 2183
f 2183 2154 2184
f 2154 2165 2184
f 2165 2166 2184
f 2184 2166 2185
f 2166 2167 2185
f 2185 2167 2168
f 2167 2168 2168
f 2168 2169 2168
f 2168 2169 2185
f 2169 2170 2185
f 2198 2172 2186
f 2199 2173 2187
f 2187 2173 2188
f 2202 2174 2175
f 2203 2175 2204
f 2205 2175 2208
f 2176 2189 2208
f 2176 2159 2190
f 2190 2159 2191
f 2177 2178 2212
f 2178 2179 2212
f 2212 2179 2213
f 2213 2179 2226
f 2226 2179 2192
f 2179 2160 2192
f 2160 2180 2192
f 2180 2181 2192
f 2181 2182 2192
f 2182 2163 2192
f 2163 2194 2193
f 2194 2183 2195
f 2195 2183 2196
f 2183 2184 2196
f 2171 2172 2170
f 2170 2172 2197
f 2172 2198 2197
f 2198 2186 2199
f 2186 2157 2199
f 2200 2199 2201
f 2199 2187 2201
f 2187 2188 2201
f 2173 2174 2202
f 2202 2175 2203
f 2204 2175 2205
f 2234 2206 2207
f 2206 2205 2208
f 2208 2189 2209
f 2209 2189 2190
f 2189 2176 2190
f 2223 2190 2210
f 2210 2190 2211
f 2190 2191 2211
f 2191 2177 2211
f 2177 2212 2211
f 2227 2226 2214
f 2226 2192 2214
f 2214 2192 2163
f 2163 2193 2228
f 2193 2194 2228
f 2194 2195 2228
f 2196 2184 2195
f 2184 2185 2215
f 2185 2170 2215
f 2170 2197 2215
f 2197 2198 2215
f 2215 2198 2216
f 2216 2198 2217
f 2198 2199 2217
f 2199 2200 2217
f 2217 2200 2200
f 2200 2201 2200
f 2201 2188 2200
f 2200 2188 2229
f 2188 2173 2229
f 2173 2202 2229
f 2202 2203 2218
f 2218 2203 2230
f 2203 2204 2230
f 2230 2204 2231
f 2231 2204 2219
f 2204 2205 2219
f 2205 2206 2219
f 2219 2206 2234
f 2220 2207 2221
f 2207 2206 2221
f 2221 2206 2209
f 2206 2208 2209
f 2209 838 2235
f 2238 838 2222
f 838 2209 2222
f 2209 2190 2222
f 2222 2190 2223
f 2240 2223 2224
f 2223 2210 2224
f 2210 2211 2224
f 2224 2211 2225
f 2211 2212 2225
f 2225 2212 2242
f 2212 2213 2242
f 2242 2213 2226
f 2227 2214 2228
f 2214 2163 2228
f 2184 2215 2195
f 2216 2217 2229
f 2217 2200 2229
f 2245 2229 2230
f 2229 2202 2230
f 2202 2218 2230
f 2232 2231 2233
f 2231 2219 2233
f 2233 2219 2248
f 2234 2207 2248
f 2207 2220 2248
f 2248 2220 2249
f 2249 2220 2250
f 2250 2220 2221
f 2209 2235 2221
f 2253 2251 2236
f 2251 2235 2236
f 2235 838 2236
f 838 2238 2236
f 2236 2238 2237
f 2238 2222 2255
f 2222 2223 2255
f 2255 2223 2256
f 2256 2223 2239
f 2239 2223 2240
f 2240 2224 2241
f 2269 2224 2242
f 2224 2225 2242
f 2242 2226 2243
f 2226 2227 2243
f 2227 2228 2243
f 2228 2195 2243
f 2195 2215 2243
f 2215 2216 2243
f 2243 2216 2244
f 2216 2229 2244
f 2229 2245 2244
f 2245 2230 2247
f 2230 2231 2246
f 2231 2232 2246
f 2246 2232 2232
f 2232 2233 2232
f 2232 2233 2247
f 2233 2248 2247
f 2219 2234 2248
f 2259 2249 2260
f 2249 2250 2260
f 2221 2235 2250
f 2250 2235 2261
f 2261 2235 2262
f 2262 2235 2251
f 2252 2251 2253
f 2253 2236 2280
f 2254 2236 2237
f 2238 2255 2237
f 2256 2239 2268
f 2239 2240 2268
f 2268 2240 2257
f 2240 2241 2257
f 2257 2241 2269
f 2241 2224 2269
f 2269 2242 2244
f 2242 2243 2244
f 2230 2246 2247
f 2246 2232 2247
f 2271 2247 2258
f 2247 2248 2258
f 2248 2249 2258
f 2258 2249 2259
f 2260 2250 2261
f 2262 2251 2263
f 2251 2252 2263
f 2263 2252 2276
f 2276 2252 2277
f 2277 2252 2299
f 2252 2264 2299
f 2252 2253 2264
f 2283 2282 2285
f 2282 2280 2285
f 2280 2236 2285
f 2285 2236 2254
f 2254 2237 2265
f 2265 2237 2266
f 2266 2237 2267
f 2267 2237 2256
f 2237 2255 2256
f 2268 2257 2269
f 2245 2247 2244
f 2247 2271 2244
f 2258 2259 2271
f 2259 2260 2271
f 2271 2260 2272
f 2260 2261 2272
f 2272 2261 2273
f 2273 2261 2274
f 2261 2262 2274
f 2274 2262 2275
f 2262 2263 2289
f 2289 2263 2290
f 2290 2263 2276
f 2299 2264 2300
f 2279 2278 2292
f 2292 2278 2264
f 2264 2253 2293
f 2293 2253 2280
f 2280 2282 2281
f 2281 2282 2306
f 2320 2282 2283
f 2284 2283 2307
f 2307 2283 2285
f 2285 2254 2265
f 2265 2266 835
f 835 2266 2286
f 2266 2267 2286
f 2267 2256 2286
f 2286 2256 2270
f 2256 2268 2270
f 2268 2269 2270
f 2269 2244 2270
f 2270 2244 837
f 2244 2271 837
f 837 2271 2287
f 2271 2272 2287
f 2272 2273 2287
f 2287 2273 2274
f 2273 2274 2274
f 2274 2275 2274
f 2274 2275 2288
f 2275 2262 2288
f 2288 2262 2289
f 2290 2276 2299
f 2276 2277 2299
f 2264 2278 2300
f 2300 2278 2301
f 2301 2278 2302
f 2278 2279 2302
f 2302 2279 2303
f 2291 2279 2292
f 2292 2264 2293
f 2280 2281 2293
f 2306 2282 2320
f 2320 2283 2323
f 2283 2284 2323
f 2307 2285 835
f 2285 2265 835
f 835 2286 2294
f 2286 2270 2294
f 2270 837 2294
f 837 836 2294
f 836 836 2294
f 2294 836 2295
f 836 837 2295
f 2295 837 2287
f 2274 2288 2287
f 2287 2288 2289
f 2289 2290 2296
f 2296 2290 2297
f 2297 2290 2298
f 2290 2299 2298
f 2311 2299 2300
f 2301 2302 2312
f 2303 2279 2325
f 2279 2291 2304
f 2291 2292 2304
f 2304 2292 2305
f 2292 2293 2305
f 2305 2293 2281
f 2323 2284 2307
f 2307 835 2308
f 2308 835 2295
f 835 2294 2295
f 2295 2287 2309
f 2287 2289 2309
f 2289 2296 2309
f 2296 2297 2309
f 2309 2297 2310
f 2297 2298 2310
f 2310 2298 2311
f 2298 2299 2311
f 2300 2301 2311
f 2301 2312 2311
f 2312 2302 2313
f 2302 2303 2313
f 2314 2325 2315
f 2325 2279 2315
f 2279 2304 2315
f 2316 2315 2317
f 2315 2304 2317
f 2304 2305 2317
f 2317 2305 2318
f 2305 2281 2318
f 2318 2281 2319
f 2281 2306 2319
f 2319 2306 2320
f 2320 2323 2321
f 2321 2323 2322
f 2323 2307 2324
f 2307 2308 2324
f 2324 2308 2310
f 2308 2295 2310
f 2295 2309 2310
f 2311 2312 2310
f 2312 2313 2310
f 2313 2303 2325
f 2325 2314 2326
f 2326 2314 2332
f 2315 2316 2314
f 2314 2316 2346
f 2347 2334 2327
f 2334 2316 2327
f 2316 2317 2327
f 2317 834 2327
f 2327 834 2336
f 2328 834 2340
f 2340 834 2329
f 834 2317 2329
f 2317 2318 2329
f 2318 2319 2329
f 2329 2319 2341
f 2319 2320 2341
f 2341 2320 2321
f 2322 2323 2330
f 2323 2324 2330
f 2324 2310 2330
f 2330 2310 2357
f 2310 2313 2357
f 2325 2326 2313
f 2313 2326 2343
f 2331 2326 2332
f 2332 2314 2346
f 2346 2316 2333
f 2316 2334 2333
f 2335 2334 2347
f 2347 2327 2348
f 834 2328 2337
f 2338 2337 2328
f 2328 2340 2339
f 2340 2329 2341
f 2322 2342 2321
f 2356 2330 2357
f 2357 2313 2343
f 2343 2326 2344
f 2326 2331 2344
f 2344 2331 2345
f 2331 2332 2345
f 2346 2333 2360
f 2333 2334 2360
f 2360 2334 2361
f 2334 2335 2361
f 2361 2335 2347
f 2363 2347 2348
f 2327 2336 2350
f 2350 2336 2365
f 2365 2336 834
f 834 2337 2351
f 2337 2338 2351
f 2351 2352 2353
f 2353 2352 2338
f 2352 2351 2338
f 2354 2338 2328
f 2340 2341 2339
f 2339 2341 2355
f 2355 2341 2342
f 2341 2321 2342
f 2342 2322 2356
f 2322 2330 2356
f 2368 2356 2357
f 2368 2357 2358
f 2357 2343 2358
f 2343 2344 2358
f 2358 2344 2359
f 2344 2345 2359
f 2345 2332 2359
f 2332 2346 2359
f 2359 2346 2360
f 2394 2360 2361
f 2369 2361 2363
f 2361 2347 2363
f 2363 2348 2375
f 2348 2327 2375
f 2327 2350 2375
f 2375 2350 2389
f 2389 2350 2349
f 2349 2350 2377
f 2377 2350 2364
f 2364 2350 2365
f 2365 834 2366
f 834 2351 2366
f 2351 2353 2366
f 2366 2353 2354
f 2353 2338 2354
f 2354 2328 2367
f 2328 2339 2367
f 2339 2355 2356
f 2355 2342 2356
f 2394 2361 2369
f 2396 2369 2370
f 2369 2363 2370
f 2363 2362 2370
f 2370 2362 2371
f 2371 2362 2372
f 2362 833 2372
f 2372 833 2373
f 2373 833 832
f 832 833 2374
f 833 2383 2374
f 2383 833 2375
f 833 2362 2375
f 2362 2363 2375
f 2408 2389 2376
f 2389 2349 2376
f 2376 2349 2390
f 2390 2349 2391
f 2391 2349 2392
f 2392 2349 2377
f 2364 2365 2378
f 2365 2366 2378
f 2366 2354 2378
f 2378 2354 2367
f 2367 2339 2393
f 2339 2356 2393
f 2356 2368 2393
f 2379 2368 2380
f 2368 2358 2380
f 2358 2359 2380
f 2380 2359 2394
f 2359 2360 2394
f 2394 2369 2396
f 2396 2370 2381
f 2370 2371 2381
f 2381 2371 2372
f 2371 2372 2372
f 2372 2372 2382
f 2372 2373 2382
f 2382 2373 2397
f 2373 832 2397
f 832 2374 2398
f 2400 2384 2385
f 2385 2384 2386
f 2384 2387 2386
f 2387 2384 2405
f 2384 2400 2405
f 2405 2400 2407
f 2407 2400 2388
f 2400 2383 2388
f 2388 2383 2389
f 2383 2375 2389
f 2409 2408 2390
f 2408 2376 2390
f 2424 2390 2391
f 2377 2364 2392
f 2364 2378 2392
f 2378 2367 2392
f 2412 2392 2393
f 2392 2367 2393
f 2368 2379 2393
f 2394 2396 2395
f 2381 2372 2396
f 2372 2382 2396
f 2382 2397 2396
f 2396 2397 2413
f 2397 832 2398
f 2374 2383 2418
f 2418 2383 2419
f 2383 2400 2419
f 2400 2385 2401
f 2401 2385 2386
f 2385 2386 2386
f 2386 2386 2402
f 2402 2386 2403
f 2386 2387 2403
f 2387 2404 2403
f 2429 2404 2423
f 2404 2387 2423
f 2423 2387 2405
f 2388 2389 2407
f 2407 2389 2406
f 2389 2408 2406
f 2437 2408 2409
f 2409 2390 2410
f 2410 2390 2411
f 2411 2390 2424
f 2391 2392 2412
f 2393 2379 2412
f 2379 2380 2412
f 2380 2394 2412
f 2394 2395 2412
f 2396 2413 2395
f 2413 2397 2414
f 2397 2398 2414
f 2398 2399 2414
f 2414 2399 2415
f 2416 2415 2417
f 2415 2399 2417
f 2399 2398 2417
f 2398 2374 2418
f 2419 2400 2426
f 2400 2401 2426
f 2401 2386 2426
f 2386 2402 2426
f 2402 2403 2426
f 2403 2421 2420
f 2420 2421 2421
f 2421 2421 2421
f 2421 2421 2422
f 2421 2403 2422
f 2403 2404 2422
f 2423 2405 2430
f 2405 2406 2430
f 2405 2407 2406
f 2437 2409 2431
f 2431 2409 2424
f 2409 2410 2424
f 2410 2411 2424
f 2432 2424 2391
f 2391 2412 2416
f 2412 2395 2416
f 2395 2413 2416
f 2413 2414 2416
f 2414 2415 2416
f 2433 2416 2425
f 2416 2417 2425
f 2417 2398 2425
f 2425 2398 2419
f 2398 2418 2419
f 2426 2403 2427
f 2403 2420 2427
f 2420 2421 2427
f 2427 2421 2451
f 2451 2421 2428
f 2421 2421 2428
f 2428 2421 2487
f 2421 2422 2487
f 2422 2404 2487
f 2404 2429 2487
f 2429 2423 2489
f 2489 2423 2430
f 2430 2406 2458
f 2406 2408 2458
f 2408 2437 2458
f 2431 2424 2432
f 2432 2391 2440
f 2391 2416 2440
f 2440 2416 2439
f 2439 2416 2433
f 2433 2425 2434
f 2425 2419 2434
f 2419 2426 2434
f 2434 2426 2435
f 2426 2427 2435
f 2451 2428 2436
f 2428 2487 2436
f 2487 2429 2488
f 2488 2429 2489
f 2489 2430 2452
f 2452 2430 2458
f 2437 2431 2438
f 2438 2431 2439
f 2439 2431 2440
f 2431 2432 2440
f 2439 2433 2441
f 2433 2434 2441
f 2434 2435 2441
f 2427 2451 2435
f 2435 2451 2460
f 2460 2451 2461
f 2461 2449 2442
f 2449 2443 2462
f 2462 2444 2463
f 2463 2444 2445
f 2445 2444 2446
f 2446 2444 2447
f 2485 2444 2443
f 2444 2462 2443
f 2449 2461 2450
f 2450 2461 2451
f 2452 830 831
f 829 828 2453
f 2455 2453 2456
f 2453 828 2510
f 828 829 2510
f 830 2511 829
f 2511 830 2457
f 830 2452 2457
f 2457 2452 2458
f 2458 2437 2459
f 2437 2438 2459
f 2438 2439 2459
f 2439 2441 2435
f 2442 2449 2462
f 2463 2445 2464
f 2464 2445 2445
f 2445 2446 2445
f 2446 2447 2445
f 2445 2447 2447
f 2447 2447 2465
f 2447 2444 2465
f 2465 2444 2466
f 2444 2448 2466
f 2466 2448 2467
f 2467 2448 2468
f 2468 2448 2469
f 2469 2448 2470
f 2470 2472 2473
f 2473 2472 2474
f 2474 2472 2475
f 2472 2476 2471
f 2471 2482 2521
f 2521 2482 2522
f 2522 2482 2477
f 2478 2525 2479
f 2479 2525 2480
f 2525 2477 2480
f 2480 2477 2481
f 2481 2477 2482
f 2482 2471 2483
f 2471 2476 2483
f 2472 2470 2476
f 2470 2448 2476
f 2448 2444 2484
f 2484 2444 2485
f 2485 2443 2486
f 2443 2449 2486
f 2449 2450 2486
f 2450 2451 2486
f 2451 2436 2486
f 2486 2436 2487
f 2487 2488 2539
f 2452 831 2489
f 2489 831 2490
f 831 829 2490
f 2490 829 2491
f 829 2453 2491
f 2453 2455 2491
f 2491 2455 2492
f 2455 2454 2492
f 2492 2454 2542
f 2454 827 2542
f 2506 824 2494
f 2494 824 2495
f 824 823 2495
f 2495 823 2496
f 823 822 2496
f 2496 822 2497
f 2497 822 821
f 2498 2499 2500
f 2500 2499 2501
f 2501 2499 2504
f 2504 2499 2505
f 2499 2498 2505
f 2498 821 2505
f 821 825 2505
f 2506 2493 2507
f 2493 826 2507
f 826 2508 2507
f 2508 827 2509
f 827 2454 2509
f 2509 2454 2456
f 2454 2455 2456
f 2456 2453 2510
f 2510 829 2511
f 2511 2457 2512
f 2457 2458 2512
f 2512 2458 2513
f 2458 2459 2513
f 2459 2439 2514
f 2439 2435 2514
f 2435 2460 2514
f 2460 2461 2514
f 2461 2442 2514
f 2514 2442 2515
f 2442 2462 2515
f 2462 2463 2515
f 2515 2463 2516
f 2463 2464 2516
f 2516 2464 2517
f 2464 2445 2517
f 2445 2447 2517
f 2517 2447 2465
f 2447 2465 2465
f 2465 2466 2465
f 2465 2466 2518
f 2466 2467 2518
f 2518 2467 2467
f 2467 2468 2467
f 2467 2468 2468
f 2468 2469 2468
f 2468 2469 2469
f 2469 2470 2469
f 2469 2470 2519
f 2470 2473 2519
f 2519 2473 2473
f 2473 2474 2473
f 2473 2474 2475
f 2474 2475 2475
f 2475 2475 2520
f 2475 2472 2520
f 2520 2472 2471
f 2522 2477 2523
f 2523 2477 2524
f 2524 2477 2525
f 2525 2478 2526
f 2478 2535 2526
f 2535 2527 2580
f 2528 2533 2529
f 2529 2533 2582
f 2582 2533 2532
f 2531 2530 2532
f 2532 2533 2586
f 2586 2533 2587
f 2533 2528 2534
f 2528 2527 2590
f 2590 2527 2535
f 2535 2478 2592
f 2592 2478 2479
f 2479 2480 2536
f 2480 2481 2537
f 2537 2481 2483
f 2481 2482 2483
f 2594 2483 2538
f 2483 2476 2538
f 2476 2448 2538
f 2448 2484 2538
f 2538 2484 2486
f 2484 2485 2486
f 2486 2487 2539
f 2539 2488 2540
f 2488 2489 2540
f 2489 2490 2540
f 2490 2491 2541
f 2491 2492 2541
f 827 2508 2542
f 2508 826 2542
f 826 2493 2542
f 2542 2493 2543
f 2493 2506 2543
f 2506 2494 2543
f 2543 2494 2595
f 2494 2495 2595
f 2495 2496 2595
f 2496 2497 2595
f 2595 2497 2544
f 2497 821 2544
f 821 2498 2544
f 2544 2498 2545
f 2498 2500 2545
f 2545 2500 2546
f 2500 2501 2546
f 2546 2501 2547
f 2501 2504 2547
f 2547 2504 2548
f 2504 2503 2548
f 2548 2503 2549
f 2503 2502 2549
f 2549 2551 2552
f 2551 2550 2598
f 2598 2550 2553
f 2550 2567 2553
f 2555 2554 2556
f 2602 2559 2560
f 2560 2559 2561
f 2559 2558 2561
f 2558 2562 2561
f 2561 2562 2563
f 2563 2557 2564
f 2557 2556 2564
f 2564 2556 2565
f 2556 2554 2565
f 2565 2554 2566
f 2554 2553 2566
f 2553 2567 2566
f 2567 2550 2568
f 2550 2551 2568
f 2568 2551 2569
f 2569 2551 2570
f 2551 2549 2570
f 2549 2502 2570
f 2502 2503 2571
f 2571 2503 2505
f 2503 2504 2505
f 2616 2505 2572
f 2505 825 2572
f 2572 825 2573
f 825 2506 2573
f 2506 2507 2573
f 2507 2508 2573
f 2508 2509 2573
f 2509 2456 2573
f 2573 2456 2574
f 2456 2510 2574
f 2574 2510 2512
f 2510 2511 2512
f 2512 2513 2575
f 2513 2459 2575
f 2459 2514 2575
f 2514 2515 2575
f 2515 2516 2575
f 2516 2517 2575
f 2575 2517 2576
f 2517 2465 2576
f 2465 2518 2576
f 2518 2467 2576
f 2467 2468 2576
f 2468 2469 2576
f 2469 2519 2576
f 2576 2519 2577
f 2519 2473 2577
f 2473 2475 2577
f 2475 2520 2577
f 2520 2471 2577
f 2577 2471 2578
f 2471 2521 2578
f 2521 2522 2578
f 2522 2523 2578
f 2523 2524 2578
f 2578 2524 2619
f 2524 2525 2619
f 2525 2526 2619
f 2619 2526 2579
f 2526 2535 2579
f 2579 2535 2580
f 2580 2527 2581
f 2527 2528 2581
f 2528 2529 2581
f 2581 2529 2582
f 2582 2532 2621
f 2532 2530 2621
f 2621 2530 2623
f 2530 2531 2583
f 2584 2583 2585
f 2583 2531 2585
f 2531 2532 2586
f 2587 2533 2588
f 2588 2533 2589
f 2533 2534 2589
f 2534 2528 2590
f 2590 2535 2591
f 2591 2535 2592
f 2592 2479 2536
f 2593 2536 2594
f 2536 2480 2594
f 2480 2537 2594
f 2537 2483 2594
f 2594 2538 2638
f 2538 2486 2638
f 2486 2539 2638
f 2540 2490 2539
f 2490 2541 2539
f 2492 2542 2541
f 2541 2542 2543
f 2596 2595 2597
f 2595 2544 2597
f 2544 2545 2597
f 2545 2546 2597
f 2546 2547 2597
f 2547 2548 2597
f 2548 2549 2597
f 2597 2549 2552
f 2552 2551 2598
f 2598 2553 2599
f 2599 2553 2641
f 2553 2554 2641
f 2554 2555 2641
f 2555 2556 2642
f 2642 2556 2643
f 2556 2557 2643
f 2557 2563 2600
f 2600 2563 2562
f 2562 2558 2601
f 2558 2559 2646
f 2646 2559 2647
f 2647 2559 2602
f 2602 2560 2604
f 2560 2603 2604
f 2649 2603 2607
f 2606 2605 2672
f 2672 2605 2650
f 2608 2605 2653
f 2653 2605 2609
f 2605 2606 2609
f 2606 2607 2609
f 2607 2603 2609
f 2603 2560 2609
f 2609 2560 2610
f 2560 2561 2610
f 2610 2561 2611
f 2561 2563 2611
f 2563 2564 2611
f 2612 2564 2613
f 2564 2565 2613
f 2565 2566 2613
f 2566 2567 2613
f 2613 2567 2614
f 2614 2567 2615
f 2567 2568 2615
f 2568 2569 2615
f 2569 2570 2615
f 2570 2502 2615
f 2615 2502 2616
f 2502 2571 2616
f 2571 2505 2616
f 2616 2572 2617
f 2572 2573 2617
f 2573 2574 2617
f 2574 2512 2617
f 2512 2575 2617
f 2617 2575 2618
f 2575 2576 2618
f 2576 2577 2618
f 2577 2578 2618
f 2578 2619 2618
f 2579 2580 2619
f 2580 2581 2619
f 2619 2581 2620
f 2581 2582 2620
f 2620 2582 2621
f 2621 2623 2622
f 2530 2583 2623
f 2623 2583 2624
f 2583 2584 2624
f 2624 2584 2625
f 2627 2629 2628
f 2628 2629 2658
f 2658 2629 2630
f 2630 2629 2663
f 2663 2629 2631
f 2629 2627 2631
f 2631 2627 2632
f 2627 2626 2632
f 2632 2626 2633
f 2633 2626 2634
f 2626 2625 2634
f 2625 2584 2634
f 2634 2584 2665
f 2665 2584 2635
f 2584 2585 2635
f 2585 2531 2635
f 2531 2586 2635
f 2635 2586 2636
f 2586 2587 2636
f 2587 2588 2636
f 2588 2589 2636
f 2636 2589 2637
f 2589 2534 2637
f 2534 2590 2637
f 2590 2591 2637
f 2591 2592 2637
f 2637 2592 2593
f 2592 2536 2593
f 2593 2594 2638
f 2638 2539 2639
f 2539 2541 2639
f 2541 2543 2639
f 2543 2595 2639
f 2595 2596 2639
f 2597 2552 2596
f 2552 2598 2596
f 2596 2598 2640
f 2640 2598 2641
f 2598 2599 2641
f 2641 2555 2642
f 2643 2557 2644
f 2557 2600 2644
f 2600 2562 2644
f 2644 2562 2645
f 2645 2562 2646
f 2562 2601 2646
f 2601 2558 2646
f 2602 2604 2648
f 2648 2604 2649
f 2604 2603 2649
f 2649 2607 2671
f 2607 2606 2672
f 2650 2605 2651
f 2605 2608 2651
f 2651 2608 2673
f 2673 2608 2690
f 2675 2652 2676
f 2676 2652 2653
f 2652 2608 2653
f 2653 2609 2654
f 2609 2610 2654
f 2654 2610 2655
f 2610 2611 2655
f 2611 2564 2655
f 2564 2612 2655
f 2612 2613 2655
f 2613 2614 2655
f 2614 2615 2655
f 2615 2616 2655
f 2616 2617 2655
f 2617 2618 2655
f 2655 2618 2656
f 2618 2619 2656
f 2619 2620 2656
f 2620 2621 2656
f 2621 2622 2656
f 2623 2624 2622
f 2624 2625 2622
f 2622 2625 2657
f 2625 2626 2657
f 2626 2627 2657
f 2627 2628 2657
f 2657 2628 2658
f 2658 2630 2659
f 2659 2630 2661
f 2630 2660 2661
f 2662 2661 2685
f 2661 2660 2685
f 2685 2660 2630
f 2686 2630 2663
f 2663 2631 2664
f 2631 2632 2664
f 2632 2633 2664
f 2633 2634 2664
f 2664 2634 2665
f 2665 2635 2666
f 2635 2636 2666
f 2636 2637 2666
f 2637 2593 2666
f 2593 2638 2666
f 2666 2638 2667
f 2667 2638 2668
f 2638 2639 2668
f 2639 2596 2668
f 2596 2640 2668
f 2640 2641 2668
f 2641 2642 2668
f 2642 2643 2668
f 2668 2643 2669
f 2643 2644 2669
f 2644 2645 2669
f 2645 2646 2669
f 2669 2646 2670
f 2646 2647 2670
f 2647 2602 2670
f 2602 2648 2670
f 2671 2607 2672
f 2672 2650 2689
f 2650 2651 2673
f 2690 2608 2674
f 2608 2652 2674
f 2653 2654 2676
f 2676 2654 2677
f 2654 2655 2677
f 2655 2656 2677
f 2656 2622 2677
f 2622 2657 2677
f 2657 2658 2677
f 2677 2658 2678
f 2658 2659 2678
f 2659 2661 2678
f 2661 2662 2700
f 2700 2662 2679
f 2662 2680 2679
f 2680 2681 2679
f 2679 2681 2682
f 2682 2681 2681
f 2681 2681 2683
f 2681 2680 2683
f 2680 2662 2684
f 2684 2662 2685
f 2685 2630 2686
f 2686 2663 2687
f 2663 2664 2687
f 2664 2665 2687
f 2665 2666 2687
f 2666 2667 2687
f 2668 2669 2667
f 2669 2670 2667
f 2648 2649 2670
f 2670 2649 2688
f 2649 2671 2688
f 2671 2672 2689
f 2689 2650 2690
f 2650 2673 2690
f 2690 2674 2691
f 2691 2674 2696
f 2696 2674 2697
f 2674 2652 2697
f 2652 2675 2697
f 2697 2675 2702
f 2675 2693 2702
f 2693 2692 2698
f 2693 2675 2699
f 2675 2676 2699
f 2699 2676 2678
f 2676 2677 2678
f 2661 2700 2678
f 2678 2700 2705
f 2679 2682 2700
f 2700 2682 2681
f 2682 2681 2681
f 2681 2681 2694
f 2681 2683 2694
f 2694 2683 2706
f 2683 2680 2706
f 2685 2686 2684
f 2686 2687 2684
f 2684 2687 2701
f 2667 2670 2687
f 2670 2688 2687
f 2688 2671 2687
f 2671 2689 2687
f 2687 2689 2695
f 2689 2690 2695
f 2690 2691 2695
f 2702 2693 2703
f 2703 2693 2713
f 2693 2698 2714
f 2714 2698 2715
f 2715 2698 2704
f 2698 2692 2722
f 2692 2693 2722
f 2722 2693 2699
f 2678 2705 2699
f 2681 2694 2700
f 2700 2694 2706
f 2680 2684 2708
f 2708 2684 2709
f 2687 2695 2701
f 2695 2691 2701
f 2691 2696 2701
f 2701 2696 3005
f 3005 2696 2710
f 2696 2697 2710
f 2710 2697 2702
f 2713 2693 2714
f 2853 820 2719
f 820 2715 2719
f 2719 2715 2704
f 2704 2698 2721
f 2721 2698 2722
f 2722 2699 2858
f 2858 2699 2705
f 2706 2680 3004
f 2707 3004 2680
f 2709 2684 2727
f 2684 2701 2727
f 2710 2702 2711
f 2702 2703 2729
f 2712 2703 2713
f 2715 820 2863
f 820 2731 2863
f 2731 820 2716
f 2716 820 2717
f 820 2718 2717
f 2718 820 2852
f 2852 820 2853
f 2720 2704 2721
f 2721 2722 2856
f 2859 2858 2723
f 2858 2705 2723
f 2723 2705 2724
f 2705 2700 2724
f 2700 2706 2724
f 3004 2707 2725
f 2725 2707 2725
f 2707 2680 2725
f 2680 2708 2725
f 2725 2708 2726
f 2708 2709 2726
f 2727 2701 3005
f 3005 2710 2728
f 2710 2711 2728
f 2728 2711 2728
f 2728 2711 2729
f 2711 2702 2729
f 2729 2703 3006
f 3006 2703 2712
f 2713 2714 2862
f 2862 2714 2730
f 2714 2715 2730
f 2715 2863 2730
f 2731 2716 3008
f 3008 2716 3010
f 2716 2717 2865
f 2717 2718 2865
f 2718 819 2865
f 2865 819 2866
f 2866 818 2867
f 2867 818 2732
f 2732 818 1981
f 2733 811 2734
f 2734 811 2869
f 811 1978 2869
f 2869 1978 1982
f 3014 2735 2736
f 2735 1983 2736
f 3016 1984 3017
f 1984 1985 3017
f 3017 1985 2737
f 2737 1986 2738
f 1986 1987 2738
f 1987 1987 2738
f 2738 1987 1988
f 1988 941 2739
f 941 940 2739
f 2739 940 2871
f 940 942 2740
f 942 885 2740
f 885 879 2740
f 2740 879 2874
f 879 1989 2874
f 1989 1990 2874
f 2874 1990 2741
f 2741 944 2875
f 944 946 2875
f 946 889 2877
f 889 1991 2877
f 1991 947 2877
f 2877 947 3042
f 3042 947 2742
f 2878 2742 2879
f 3045 2742 2743
f 2744 1992 3045
f 3045 1992 2745
f 1992 1993 2745
f 2745 1993 2746
f 1993 891 2746
f 2746 891 2880
f 2880 2881 2747
f 2881 1994 3046
f 1994 949 3047
f 949 950 3047
f 950 2748 3047
f 2748 1995 2749
f 1996 1997 2883
f 1997 956 2883
f 956 2884 2883
f 2886 2751 2752
f 2752 2751 1999
f 2751 1998 1999
f 1999 2000 2753
f 2000 2001 2753
f 2001 910 3048
f 3048 910 2754
f 910 2002 2754
f 2002 958 2754
f 2754 2003 2755
f 2755 2003 800
f 2003 2004 800
f 2004 2005 800
f 2005 2006 800
f 2007 2008 800
f 2008 2892 2891
f 2009 799 2756
f 799 2009 2757
f 2757 2009 3058
f 2009 2010 3058
f 3058 2010 2894
f 2894 2010 2895
f 2010 2011 2895
f 2895 1818 2896
f 1818 2012 2897
f 2898 2759 2758
f 2903 2759 2760
f 2759 1822 2760
f 1822 2761 2760
f 1826 2762 2906
f 1826 2013 2762
f 2013 2014 2762
f 2762 2014 2763
f 2014 2015 2763
f 2763 2015 1832
f 1832 2016 2764
f 2016 1833 2764
f 2911 2764 2018
f 2764 2017 2018
f 2017 1835 2018
f 2765 2018 2766
f 2766 1835 2913
f 2767 1838 2768
f 1842 2021 2020
f 2022 2023 3072
f 3072 2023 2769
f 2023 1763 2769
f 2769 1763 2770
f 1763 2024 2770
f 2024 2025 2770
f 2025 817 2770
f 2770 817 2916
f 817 2772 2916
f 2916 2772 2917
f 2919 2917 2771
f 2917 2772 2771
f 2774 2773 2775
f 2775 2773 2776
f 2773 816 2776
f 816 817 2776
f 817 2026 2776
f 2026 2027 2776
f 2027 2028 2776
f 2777 2029 2778
f 2029 2030 2778
f 2030 2031 2778
f 2031 2032 2778
f 2032 1850 2778
f 2778 1850 2779
f 1850 2033 2779
f 2033 2034 2779
f 2779 2034 2780
f 2035 2036 2782
f 2036 1852 2782
f 3083 2782 2783
f 2782 2037 2783
f 2783 2037 3085
f 3085 2037 2784
f 2784 2038 2785
f 2038 1855 2785
f 2927 2786 2787
f 2787 2039 2788
f 2930 2928 2790
f 2933 2790 3095
f 2790 2928 3095
f 3095 2928 2791
f 2934 2928 3096
f 3096 2928 2792
f 2928 2040 2792
f 2040 2041 2792
f 2792 2041 3097
f 2041 1771 2793
f 1771 2042 2793
f 2042 1857 2793
f 2793 1857 2794
f 1857 2795 2794
f 2796 1858 2936
f 1858 1859 2937
f 1859 2043 2937
f 2937 2043 2938
f 2938 2044 2939
f 2044 2045 2939
f 2045 2046 2939
f 2939 2046 2797
f 2798 2799 3104
f 2048 2050 2940
f 2049 1866 2050
f 2800 2050 2801
f 2050 2051 2801
f 2051 2802 2801
f 2802 2052 2801
f 2052 2802 2053
f 2054 1870 2946
f 1870 2803 2946
f 2946 2803 2947
f 3111 2803 2804
f 2803 2055 2804
f 2055 1874 2804
f 1874 2056 2804
f 2056 1875 2805
f 2805 1876 807
f 1876 2057 807
f 807 2057 2949
f 2057 2058 2806
f 2058 2059 2806
f 2807 2806 2808
f 2806 2059 2808
f 2809 2059 2810
f 2059 2060 2810
f 2060 2061 2810
f 2810 2061 2062
f 2062 1883 2951
f 2951 1883 2063
f 2063 2064 2952
f 2064 815 2952
f 815 2811 2952
f 2812 2952 2811
f 2811 815 2813
f 2813 815 814
f 814 815 2065
f 2065 2815 2814
f 2816 2066 2817
f 2066 2067 2817
f 2067 2068 2817
f 2817 2069 2958
f 2069 1887 2958
f 1887 2070 2958
f 2070 2818 2958
f 805 2819 2959
f 2819 2818 2959
f 2818 2070 2959
f 2070 2071 2959
f 2071 2072 2959
f 2072 2073 2959
f 2960 2073 2820
f 2821 1938 2074
f 1938 1910 2074
f 2074 813 2822
f 3129 813 2823
f 813 2075 2823
f 2075 2076 2823
f 2823 2076 2078
f 2076 2077 2078
f 2824 2079 2966
f 1915 1917 2967
f 1917 2081 2967
f 2967 2081 2968
f 2081 2082 2968
f 2083 2084 3134
f 2827 2828 2970
f 3136 1922 2971
f 1922 2829 2971
f 3138 2829 3140
f 3140 2829 2830
f 2973 2830 2831
f 2830 2085 2831
f 2085 1954 2831
f 1954 1955 2831
f 1955 916 2831
f 2831 916 2832
f 916 1956 2832
f 1956 1957 2832
f 1958 2832 1959
f 2833 1959 2834
f 1959 1960 2834
f 1960 1961 2834
f 1961 812 2834
f 812 1962 2835
f 1962 1963 2835
f 3148 2977 2836
f 2836 2837 2978
f 2836 920 2837
f 2837 920 2838
f 1964 1965 2838
f 1965 1966 2838
f 2838 1966 2839
f 1966 922 2839
f 2839 923 2982
f 2983 2982 2984
f 2982 923 2984
f 923 1967 2984
f 1967 1968 2984
f 2984 1968 2840
f 3153 2840 2985
f 2840 1968 2985
f 2985 1968 1969
f 1968 841 1969
f 3499 1969 2986
f 3157 2986 2841
f 2986 1970 2841
f 2842 2841 1971
f 1971 1972 2987
f 1972 2844 2987
f 2844 932 2845
f 932 1973 2845
f 932 1974 2989
f 1974 1975 2989
f 2989 1975 2990
f 2990 933 2846
f 933 1976 2846
f 1977 935 3165
f 935 936 2847
f 936 1979 2847
f 2847 1979 3166
f 1979 2848 3166
f 811 2849 1980
f 2994 2993 2849
f 2849 811 2995
f 811 818 2995
f 2850 818 3169
f 3170 3169 2851
f 3169 819 2851
f 2851 819 2997
f 2997 819 2852
f 819 2718 2852
f 2853 2719 2854
f 2719 2704 2854
f 2704 2720 2854
f 2720 2721 2855
f 2721 2856 2855
f 2857 2856 2858
f 2856 2722 2858
f 3003 2858 2859
f 2724 2706 3004
f 3004 2725 2860
f 2860 2725 2725
f 2725 2725 2725
f 2725 2726 2725
f 2725 2726 3174
f 2726 2709 3174
f 2727 3005 2709
f 3005 2728 2861
f 2728 2728 2861
f 2728 2729 2861
f 3006 2712 2713
f 2862 2730 2863
f 2863 2731 3008
f 3009 3008 3010
f 3010 2716 2864
f 2864 2716 2865
f 2867 2732 2868
f 2868 2732 3012
f 3012 2732 3013
f 3013 2732 2733
f 2732 1981 2733
f 3184 2733 3185
f 2733 2734 3185
f 3187 2869 2870
f 2869 1982 2870
f 2870 1982 3014
f 1982 2735 3014
f 2736 1983 3016
f 3017 2737 3018
f 2737 2738 1988
f 1988 2739 3019
f 2872 2871 2873
f 2871 940 2873
f 940 2740 2873
f 2874 2741 2875
f 2875 946 2876
f 946 2877 2876
f 3042 2742 3043
f 3043 2742 2878
f 2879 2742 3045
f 2743 2744 3045
f 3373 2745 2880
f 2745 2746 2880
f 2747 2881 3378
f 3046 1994 3047
f 3047 2748 2882
f 2748 2749 2882
f 2749 1995 2883
f 1995 2750 2883
f 2751 2886 2884
f 2887 2886 2752
f 1999 2753 2752
f 3050 3049 2888
f 3049 3048 2888
f 2888 3048 2889
f 3048 2754 2889
f 2889 2754 3053
f 2754 2755 3053
f 3053 2755 2890
f 2890 2755 800
f 800 2008 2891
f 2892 2756 799
f 799 2757 3057
f 2893 3058 2894
f 2896 1818 2897
f 2897 2012 3059
f 2012 2898 3059
f 3059 2898 2899
f 2898 2758 2899
f 3062 2758 3063
f 2901 2900 2902
f 2900 3063 2902
f 3063 2758 2902
f 2758 2759 2902
f 2759 2903 2902
f 2760 2761 2903
f 2903 2761 2904
f 2761 810 2904
f 2904 810 809
f 809 810 2905
f 810 2906 2905
f 3065 2906 2907
f 2906 2762 2907
f 2762 2908 2907
f 2908 2909 2907
f 2907 2909 2910
f 2909 2908 2910
f 2908 2762 2910
f 2762 2763 2910
f 2763 1832 3066
f 3066 1832 2911
f 1832 2764 2911
f 2911 2018 797
f 2018 2765 797
f 2912 2765 2913
f 2765 2766 2913
f 2913 1837 3071
f 1837 2767 3071
f 2767 2768 3071
f 3071 2768 2914
f 2768 2915 2914
f 2915 2020 796
f 2020 2022 796
f 2022 3072 796
f 3072 2769 2916
f 2769 2770 2916
f 2918 2917 2919
f 2771 2772 2919
f 2772 2773 2919
f 2773 2774 2919
f 2919 2774 3077
f 3077 2774 2920
f 2774 2775 2920
f 3079 2775 2921
f 2775 2776 2921
f 2921 2776 2922
f 2776 2777 2922
f 2922 2777 3081
f 3081 2777 2923
f 2777 2778 2923
f 2923 2778 2924
f 2778 2779 2924
f 2779 2780 2924
f 2924 2780 2923
f 2780 2781 2923
f 2781 1765 2923
f 2923 1765 2925
f 2035 2782 3252
f 3252 2782 3082
f 2782 3083 3082
f 3083 2783 3084
f 3085 2784 2926
f 2926 2784 2927
f 2784 2785 2927
f 2785 2786 2927
f 2787 2788 2927
f 2788 2039 2928
f 2929 2928 2930
f 2930 2790 3087
f 2790 2789 3087
f 3087 2789 3259
f 3259 2789 3088
f 3088 2789 2931
f 2931 2789 2932
f 2932 2789 3270
f 3270 2789 2933
f 2789 2790 2933
f 3095 2791 2934
f 2791 2928 2934
f 3097 2041 2794
f 2041 2793 2794
f 2794 2795 2935
f 2935 2795 2936
f 2795 2796 2936
f 2936 1858 3280
f 3280 1858 2937
f 2938 2939 3102
f 2939 2797 3103
f 2797 2798 3283
f 3283 2798 3284
f 3284 2798 3104
f 3104 2799 3105
f 2799 2047 3105
f 2047 2048 3105
f 2940 2050 2941
f 2050 2800 2941
f 3107 2800 2942
f 2800 2801 2942
f 2801 2052 2943
f 2943 808 3108
f 3451 808 3109
f 808 2943 3109
f 2943 2052 3109
f 2052 2944 3109
f 2944 2052 3288
f 3288 2052 2945
f 2945 2052 2946
f 2052 2053 2946
f 2053 2054 2946
f 2947 2803 3111
f 3111 2804 806
f 2804 2056 806
f 2056 2805 806
f 2805 807 806
f 3113 2948 3114
f 806 807 2949
f 2949 2057 2950
f 2057 2806 2950
f 2806 2807 2950
f 2807 2808 2950
f 2808 2059 2950
f 2059 2809 2950
f 2809 2810 2950
f 2950 2810 3116
f 3116 2810 2951
f 2810 2062 2951
f 2951 2063 2952
f 2953 2952 3117
f 2952 2812 3117
f 3117 2812 2954
f 2812 2811 2954
f 2811 2813 2954
f 2813 814 2954
f 2954 814 2955
f 814 2065 2955
f 2955 2065 3119
f 3119 2065 2814
f 2815 2816 2814
f 2814 2816 3120
f 783 3120 2956
f 2956 3120 3122
f 3120 2816 3122
f 3122 2816 2957
f 2816 2817 2957
f 2957 2817 2958
f 2818 2819 2958
f 2958 2819 3124
f 2819 805 3124
f 3125 805 3126
f 3126 805 2959
f 2959 2073 2960
f 2820 2961 2960
f 2961 2821 2962
f 2821 2074 2962
f 2962 2074 2822
f 2822 813 3129
f 2963 3129 2964
f 3129 2823 2964
f 2964 2823 2965
f 2823 2078 2965
f 2078 2824 2965
f 2965 2824 2966
f 2966 2079 3132
f 2079 2825 3132
f 2825 2079 2967
f 2079 1915 2967
f 3133 2968 2969
f 3135 2827 2970
f 2971 2829 3138
f 3145 3140 2972
f 3140 2830 2972
f 2972 2830 2973
f 2831 2832 2973
f 2832 1958 2973
f 2973 1958 2974
f 1958 1959 2974
f 1959 2833 2974
f 2833 2834 2975
f 2975 2834 3146
f 3146 2834 2976
f 2834 812 2976
f 812 2835 2976
f 2835 1963 2976
f 2976 1963 2977
f 2977 3148 3147
f 3148 2836 2978
f 2978 2837 3149
f 2837 2838 3149
f 3149 2838 2979
f 2979 2838 2980
f 2838 2839 2980
f 2839 2982 2981
f 2984 2840 3152
f 3152 2840 3326
f 3326 2840 3153
f 1969 3154 2985
f 3154 1969 3499
f 3155 3499 2986
f 2841 2842 3501
f 2842 1971 3158
f 1971 2987 3158
f 2987 2844 2843
f 2843 2844 3160
f 2844 2845 3160
f 3160 2845 2988
f 2988 2845 1973
f 3161 2990 2991
f 2990 2846 2991
f 2846 1976 2991
f 2991 1976 3162
f 3162 1977 3163
f 1977 3164 3163
f 1977 3165 3164
f 3165 935 3166
f 935 2847 3166
f 3166 2848 3167
f 3167 2848 2992
f 2848 1979 2992
f 1979 1980 2992
f 1980 2849 2992
f 2992 2849 2993
f 2994 2849 2995
f 818 2850 2995
f 2995 2850 3168
f 3168 2850 3515
f 3170 2851 2996
f 2851 3336 2996
f 2997 2852 3172
f 3172 2852 2998
f 2852 2853 2998
f 2998 2853 2999
f 2999 2853 3000
f 2853 2854 3000
f 2854 2720 2855
f 3001 2855 2856
f 2856 2857 3002
f 2857 2858 3002
f 2858 3003 3002
f 2859 2723 3004
f 2723 2724 3004
f 3004 2860 3174
f 2860 2725 3174
f 3174 2709 3005
f 3005 2861 3175
f 2861 2729 3175
f 2729 3006 3176
f 3006 2713 3007
f 2713 2862 3007
f 2862 2863 3007
f 2863 3008 3007
f 3180 3009 3010
f 2864 2865 3011
f 3011 2865 3183
f 2865 2866 3183
f 2866 2867 3183
f 2867 2868 3183
f 3183 2868 3012
f 3013 2733 3184
f 3186 2734 3187
f 2734 2869 3187
f 3187 2870 3188
f 3014 2736 3015
f 3015 2736 3016
f 2737 1988 3018
f 3018 1988 3019
f 2871 2872 2739
f 2739 2872 3020
f 3193 1011 3021
f 1011 1010 3021
f 1012 1013 1000
f 1000 993 3195
f 993 1014 3195
f 3195 1014 3022
f 3022 1014 3022
f 1014 993 3022
f 993 1015 791
f 3352 1015 3023
f 1002 1001 3024
f 3024 1016 3025
f 3025 1016 3026
f 3201 3026 3354
f 3354 3026 3027
f 3026 1017 3027
f 1017 1033 3027
f 3027 1018 3028
f 3028 987 3029
f 989 1021 1019
f 1021 1022 1019
f 1022 1023 1019
f 1019 1023 3534
f 1023 804 3202
f 3202 804 3203
f 804 803 3203
f 3204 803 3030
f 803 804 3030
f 804 1024 3030
f 3030 1039 3031
f 1039 3032 3358
f 3032 992 3033
f 992 1001 3033
f 1001 1002 3033
f 1002 1003 3205
f 1003 1004 3205
f 1004 1005 3206
f 1005 1006 3206
f 997 998 3034
f 3034 1007 3035
f 1007 1008 3035
f 3035 1008 3035
f 1008 802 3035
f 802 801 3209
f 3365 801 3036
f 801 802 3036
f 802 998 3036
f 3036 1009 3212
f 3212 1009 3037
f 1009 1010 3037
f 3037 1011 3038
f 1011 3193 3038
f 3193 3020 3038
f 3020 2872 3369
f 3369 2872 3039
f 2872 2873 3039
f 2873 2740 3040
f 2740 2874 3040
f 2874 2875 2876
f 2876 2877 3041
f 3041 2877 3042
f 2878 2879 3214
f 3215 3214 3044
f 3214 2879 3044
f 2879 3045 3044
f 3045 2745 3216
f 3216 2745 3373
f 3373 2880 782
f 2880 2747 782
f 3378 2881 3046
f 3047 2882 3219
f 2749 2883 3220
f 2883 2884 3220
f 2884 2886 3220
f 2886 2885 3220
f 2886 2887 2885
f 2885 2887 3048
f 2887 2752 3048
f 2752 2753 3048
f 2753 2001 3048
f 3381 3048 3049
f 3224 3051 3052
f 3051 3050 3052
f 3050 2888 3052
f 2888 2889 3052
f 3053 2890 3054
f 2890 800 3054
f 800 2891 3054
f 2891 2892 3054
f 3054 2892 3055
f 2892 799 3055
f 799 798 3055
f 3055 798 3056
f 3056 798 3057
f 798 799 3057
f 2757 3058 3057
f 3058 2893 3387
f 3228 2893 2894
f 2894 2895 2896
f 2896 2897 3059
f 3059 2899 3060
f 3060 2899 3061
f 2899 2758 3061
f 2758 3062 3061
f 3063 2900 3235
f 3235 2900 3236
f 3236 2900 3064
f 2900 2901 3064
f 2901 2902 3064
f 2902 2903 3064
f 2903 2904 3064
f 2904 809 3064
f 3064 809 3065
f 809 2905 3065
f 2905 2906 3065
f 3065 2907 3066
f 2907 2910 3066
f 2910 2763 3066
f 3067 3066 3068
f 3066 2911 3068
f 2911 3069 3068
f 3069 2911 3070
f 2911 797 3070
f 3070 797 788
f 797 2765 788
f 788 2765 3240
f 2765 2912 3240
f 2912 2913 3071
f 2915 796 2914
f 796 3072 2914
f 3073 3072 3074
f 3072 2916 3074
f 2916 2917 3074
f 3074 2917 3075
f 2917 2918 3075
f 2918 2919 3075
f 3075 2919 3076
f 3076 2919 3398
f 3398 2919 3077
f 3077 2920 786
f 2920 2775 786
f 786 2775 3078
f 3078 2775 3079
f 3410 3079 3080
f 3079 2921 3080
f 2921 3081 3080
f 2921 2922 3081
f 3081 2923 3247
f 2923 2925 3252
f 2925 2035 3252
f 3253 3082 3083
f 3084 2783 3085
f 3085 2926 3255
f 2926 2927 3256
f 2788 2928 2927
f 2928 2929 2927
f 2927 2929 3086
f 2929 2930 3086
f 2930 3087 3086
f 3260 3088 3089
f 3088 2931 3089
f 3090 2931 794
f 2931 795 794
f 794 795 3092
f 3093 3092 3263
f 3263 3092 3264
f 3092 795 3264
f 3264 795 3265
f 3265 795 3267
f 795 2931 3267
f 2931 2932 3267
f 3269 3267 3094
f 3267 2932 3094
f 3094 2932 3270
f 2933 3095 3270
f 3272 3095 3096
f 3095 2934 3096
f 3096 2792 3274
f 3274 2792 3437
f 2792 3097 3437
f 3097 2794 3098
f 3275 3098 3276
f 3098 2794 3276
f 2794 2935 3276
f 2935 2936 3280
f 3280 2937 3099
f 3099 2937 3100
f 2937 2938 3100
f 2938 3102 3100
f 3101 3100 3102
f 3102 2939 3103
f 3448 3281 3103
f 3103 2797 3282
f 3282 2797 3283
f 781 3284 3104
f 3105 2048 3106
f 2048 2940 3106
f 2940 2941 3106
f 2800 3107 2941
f 3285 2941 3107
f 3107 2942 3108
f 2942 2801 3108
f 2801 2943 3108
f 3108 808 3286
f 808 3451 3286
f 3109 2944 3288
f 3288 2945 3289
f 3289 2945 3110
f 2945 2946 3110
f 2946 2947 3110
f 2947 793 3110
f 3110 793 3291
f 793 2947 3292
f 2947 3111 3292
f 3111 784 3292
f 3111 806 3112
f 806 2948 3112
f 3112 2948 3113
f 2948 806 3114
f 806 2949 3114
f 3114 2949 3115
f 3296 3115 2949
f 2949 2950 3298
f 2950 3116 3298
f 3116 2951 3299
f 3624 2951 2953
f 2951 2952 2953
f 3118 3117 792
f 3117 2954 792
f 3300 792 2955
f 792 2954 2955
f 3119 2814 3120
f 3121 783 2956
f 3122 2957 3123
f 3123 2957 3307
f 3307 2957 3308
f 2957 2958 3308
f 3308 2958 3124
f 3124 805 3125
f 3127 3126 3128
f 3126 2959 3128
f 2959 2960 3128
f 2960 2961 3128
f 3128 2961 3129
f 2961 2962 3129
f 2962 2822 3129
f 3129 2963 3130
f 3130 2963 3131
f 2963 2964 3131
f 2964 2965 3131
f 3131 2965 3480
f 3480 2965 3132
f 2965 2966 3132
f 2825 2967 3315
f 2967 2968 3315
f 2969 2826 3133
f 2826 2083 3316
f 3316 2083 3134
f 3135 2970 3318
f 2970 2828 3136
f 3136 2971 3137
f 3137 2971 3484
f 3484 2971 3485
f 3485 2971 3138
f 3138 3140 3139
f 3140 3142 3141
f 3141 3142 3143
f 3143 3142 3144
f 3321 3144 3145
f 3144 3142 3145
f 3142 3140 3145
f 2972 2973 2833
f 2973 2974 2833
f 2975 3146 3325
f 3146 2976 3147
f 2976 2977 3147
f 3148 2978 3149
f 3149 2979 3150
f 2979 2980 3150
f 3150 2980 2981
f 2980 2839 2981
f 2981 2982 3151
f 2982 2983 3151
f 2983 2984 3152
f 3327 3153 3328
f 3328 3153 3154
f 3153 2985 3154
f 3328 3154 3499
f 3155 2986 3156
f 2986 3157 3156
f 3656 3157 3500
f 3157 2841 3500
f 3158 2987 3159
f 1973 932 3332
f 932 2989 3332
f 2989 2990 3332
f 3332 2990 3510
f 3510 2990 3161
f 3333 3162 3163
f 3512 3165 3166
f 3512 3166 3167
f 2992 2993 3167
f 3167 2993 3335
f 3335 2993 2994
f 2994 2995 3168
f 3516 3515 3169
f 3515 2850 3169
f 2996 3336 3170
f 3518 3336 3171
f 3336 2851 3171
f 2851 2997 3171
f 2997 3172 3171
f 3172 2998 2999
f 3000 2854 3001
f 2854 2855 3001
f 2856 3002 3173
f 3339 3002 3340
f 3002 3003 3340
f 3340 3003 3341
f 3003 2859 3341
f 3341 2859 3174
f 2859 3004 3174
f 3174 3005 3175
f 3175 2729 3176
f 3176 3006 3344
f 3006 3007 3178
f 3007 3008 3178
f 3178 3008 3179
f 3008 3009 3179
f 3179 3009 3180
f 3181 3180 3182
f 3180 3010 3182
f 3010 2864 3182
f 2864 3011 3182
f 3011 3183 3182
f 3345 3183 3523
f 3183 3012 3523
f 3012 3013 3346
f 3346 3013 3184
f 3185 2734 3186
f 3188 2870 3189
f 3189 2870 3015
f 2870 3014 3015
f 3015 3016 3190
f 3016 3017 3190
f 3190 3017 3527
f 3017 3018 3527
f 3018 3019 3527
f 3527 3019 3191
f 3019 2739 3191
f 2739 3020 3191
f 3192 3020 3193
f 3193 3021 3194
f 3021 1012 3530
f 1012 1000 3195
f 3195 3022 3196
f 3022 3022 3196
f 3196 3022 3197
f 3022 993 3197
f 993 791 3197
f 3197 791 3198
f 791 790 3198
f 3198 790 790
f 790 790 3199
f 790 791 3199
f 3199 791 3200
f 791 1015 3352
f 3352 3023 3353
f 3023 1002 3353
f 1002 3024 3353
f 3353 3024 3201
f 3024 3025 3201
f 3025 3026 3201
f 3354 3027 3029
f 3027 3028 3029
f 3534 1023 3202
f 3203 803 3355
f 3355 803 3535
f 3535 803 3356
f 803 3204 3356
f 3204 3030 3358
f 3030 3031 3358
f 3031 1039 3358
f 3032 3033 3360
f 3033 1002 3540
f 3540 1002 3205
f 3361 3205 3206
f 3205 1004 3206
f 3206 1006 3207
f 3207 1006 3362
f 3362 1006 3363
f 1006 997 3363
f 997 3034 3363
f 3363 3034 3364
f 3364 3034 3544
f 3544 3034 3208
f 3034 3035 3208
f 3035 3035 3208
f 3035 802 3208
f 3208 802 3209
f 801 3365 3210
f 3365 3036 3367
f 3367 3036 3211
f 3211 3036 3212
f 3037 3038 3212
f 3038 3020 3369
f 3039 2873 3370
f 2873 3040 3370
f 3370 3040 3213
f 3040 2874 3213
f 2874 2876 3213
f 2876 3041 3213
f 3041 3042 3371
f 3042 3043 3371
f 2878 3214 3043
f 3043 3214 3685
f 3685 3214 3551
f 3552 3214 3215
f 3044 3045 3215
f 3215 3045 3216
f 3553 3216 3373
f 782 2747 3217
f 3217 2747 3557
f 3557 2747 3378
f 3378 3046 3218
f 3218 3046 3219
f 3046 3047 3219
f 3219 2882 3220
f 2882 2749 3220
f 3220 2885 3381
f 2885 3048 3381
f 3381 3049 3221
f 3049 3050 3221
f 3050 3051 3221
f 3051 3224 3221
f 3221 3224 3222
f 3222 3224 3223
f 780 3224 3225
f 3224 3052 3225
f 3052 2889 3225
f 2889 3053 3225
f 3053 3054 3225
f 3054 789 3225
f 3054 3055 789
f 3055 3056 789
f 789 3056 3227
f 3226 3227 3562
f 3056 3057 3227
f 3227 3057 3386
f 3057 3058 3386
f 3058 3387 3386
f 3387 2893 3228
f 3388 3228 3229
f 3229 3228 3060
f 3228 2894 3060
f 2894 2896 3060
f 2896 3059 3060
f 3060 3061 3231
f 3061 3062 3231
f 3062 3063 3231
f 3231 3063 3232
f 3232 3063 3233
f 3235 3234 3063
f 3064 3065 3236
f 3065 3066 3236
f 3066 3067 3236
f 3237 3067 3068
f 3068 3069 3238
f 3069 3070 3238
f 788 787 3070
f 3070 787 3239
f 3240 2912 3241
f 2912 3071 3241
f 3071 2914 3241
f 2914 3072 3241
f 3072 3073 3241
f 3073 3074 3075
f 3242 3075 3076
f 779 3076 3398
f 3400 3398 3243
f 3405 3243 3579
f 3243 3398 3579
f 3579 3398 3244
f 3398 3077 3244
f 3077 786 3244
f 3407 3244 3409
f 3244 3245 3409
f 786 3078 3244
f 3244 3078 3410
f 3078 3079 3410
f 3410 3080 3246
f 3246 3080 3247
f 3080 3081 3247
f 3248 3247 3250
f 3247 2923 3250
f 2923 785 3250
f 3250 785 3251
f 3251 785 3252
f 785 2923 3252
f 3252 3082 3253
f 3083 3084 3253
f 3253 3084 3254
f 3084 3085 3254
f 3254 3085 3255
f 3255 2926 3418
f 3418 2926 3256
f 3256 2927 3257
f 2927 3086 3257
f 3086 3087 3258
f 3420 3258 3087
f 3259 3088 3421
f 3421 3088 3260
f 3089 2931 3260
f 3260 2931 3422
f 2931 3090 3422
f 794 3091 3090
f 3091 794 3424
f 794 3092 3424
f 3092 3093 3425
f 3425 3093 3262
f 3093 3263 3262
f 3262 3263 3261
f 3263 3264 3429
f 3265 3267 3266
f 3268 3267 3269
f 3270 3095 3271
f 3434 3271 3272
f 3271 3095 3272
f 3272 3096 3273
f 3273 3096 3274
f 3437 3097 3438
f 3438 3097 3275
f 3097 3098 3275
f 3440 3275 3276
f 3276 2935 3278
f 2935 3280 3279
f 3280 3099 3100
f 3100 3101 3445
f 3102 3103 3101
f 3101 3103 3447
f 3447 3103 3281
f 3448 3103 3282
f 3104 3105 781
f 781 3105 3609
f 3105 3106 3610
f 3106 2941 3285
f 3285 3107 3611
f 3611 3107 3450
f 3107 3108 3450
f 3450 3108 3286
f 3451 3109 3287
f 3287 3109 3288
f 3289 3110 3290
f 3110 3291 3290
f 3455 3291 3292
f 3291 793 3292
f 3292 784 3293
f 3293 784 3294
f 784 3111 3294
f 3111 3112 3294
f 3112 3113 3294
f 3294 3113 3295
f 3295 3113 3296
f 3113 3114 3296
f 3114 3115 3296
f 3296 2949 3297
f 2949 3298 3297
f 3116 3299 3298
f 3299 2951 3624
f 3624 2953 3462
f 2953 3117 3462
f 3117 3118 3462
f 3462 3118 3464
f 3464 3118 3300
f 3118 792 3300
f 3300 2955 3301
f 2955 3119 3301
f 3119 3120 3301
f 3301 3120 3302
f 3120 783 3302
f 3302 783 3121
f 3303 3121 3304
f 3304 3121 3470
f 3121 2956 3470
f 2956 3122 3470
f 3122 3305 3470
f 3471 3470 3305
f 3305 3122 3306
f 3122 3123 3306
f 3306 3123 3307
f 3308 3124 3309
f 3309 3124 3310
f 3124 3125 3310
f 3125 3126 3310
f 3126 3127 3310
f 3310 3127 3476
f 3476 3127 3311
f 3127 3128 3311
f 3128 3129 3311
f 3129 3130 3311
f 3312 3479 3478
f 3479 3312 3313
f 3312 3477 3313
f 3477 3130 3313
f 3130 3131 3313
f 3313 3131 3480
f 778 3480 3314
f 3480 3132 3314
f 3132 2825 3314
f 3314 2825 3315
f 2968 3133 3315
f 3133 2826 3316
f 3134 3135 3316
f 3316 3135 3317
f 3135 3318 3317
f 2970 3136 3318
f 3318 3136 3319
f 3319 3136 3320
f 3136 3137 3320
f 3485 3138 3139
f 3140 3141 3139
f 3139 3141 3487
f 3141 3143 3645
f 3645 3143 3488
f 3143 3144 3488
f 3488 3144 3489
f 3646 3489 3321
f 3322 3321 3323
f 3489 3144 3321
f 3321 3145 3324
f 3145 2972 3324
f 2972 2833 3324
f 3324 2833 3325
f 2833 2975 3325
f 3325 3146 3323
f 3146 3147 3323
f 3323 3147 3649
f 3147 3148 3649
f 3649 3148 3493
f 3148 3149 3493
f 3149 3150 3493
f 3493 3150 3494
f 3494 3150 3495
f 3150 2981 3495
f 3495 2981 3793
f 3793 2981 3496
f 2981 3151 3496
f 3497 3151 3795
f 3151 2983 3795
f 2983 3152 3795
f 3795 3152 3498
f 3152 3326 3498
f 3326 3153 3652
f 3153 3327 3652
f 3499 3155 3655
f 3155 3156 3655
f 3156 3157 3656
f 3500 2841 3657
f 3657 2841 3501
f 3502 3501 3159
f 3501 2842 3159
f 2842 3158 3159
f 3504 3159 3505
f 3159 2987 3505
f 2987 2843 3505
f 2843 3160 3505
f 3505 3160 3506
f 3160 2988 3329
f 2988 1973 3329
f 3330 3329 3331
f 3329 1973 3331
f 3331 1973 3332
f 3510 3161 3511
f 3161 2991 3511
f 2991 3162 3333
f 3333 3163 3334
f 3163 3164 3512
f 3164 3165 3512
f 3512 3167 3513
f 3513 3167 3335
f 3335 2994 3514
f 3514 2994 3663
f 2994 3168 3663
f 3169 3170 3516
f 3170 3517 3516
f 3517 3170 3336
f 3171 3172 2999
f 2999 3000 3337
f 3000 3001 3337
f 3337 3001 3338
f 3001 2856 3338
f 2856 3173 3338
f 3338 3173 3520
f 3173 3002 3520
f 3002 3339 3520
f 3341 3174 3342
f 3342 3174 3343
f 3174 3175 3343
f 3175 3176 3343
f 3176 3177 3343
f 3177 3176 3344
f 3006 3178 3344
f 3178 3179 3344
f 3179 3180 3344
f 3344 3180 3668
f 3180 3181 3668
f 3182 3183 3345
f 3523 3012 3346
f 3346 3184 3525
f 3184 3185 3525
f 3185 3186 3525
f 3186 3187 3525
f 3187 3188 3526
f 3526 3188 3347
f 3188 3189 3347
f 3189 3015 3347
f 3015 3190 3347
f 3190 3527 3347
f 3191 3020 3527
f 3527 3020 3528
f 3020 3192 3528
f 3192 3193 3528
f 3193 3194 3528
f 3194 3021 3348
f 3673 3021 3530
f 3530 1012 3349
f 1012 3195 3349
f 3195 3196 3349
f 3349 3196 3350
f 3196 3197 3350
f 3197 3198 3350
f 3198 790 3350
f 790 3199 3350
f 3199 3200 3350
f 3350 3200 3817
f 3200 791 3351
f 791 3352 3351
f 3353 3201 3531
f 3531 3201 3354
f 3532 1019 3534
f 3535 3534 3355
f 3534 3202 3355
f 3202 3203 3355
f 3356 3204 3357
f 3358 3032 3360
f 3360 3033 3536
f 3540 3205 3361
f 3206 3207 3362
f 3544 3208 3545
f 3208 3209 3545
f 801 3210 3209
f 3209 3210 3548
f 3366 3365 3367
f 3367 3211 3368
f 3211 3212 3368
f 3368 3212 3038
f 3369 3039 3370
f 3213 3041 3370
f 3551 3214 3552
f 3552 3215 3372
f 3215 3216 3372
f 3373 782 3374
f 3376 3375 3377
f 3377 3375 3217
f 3375 3374 3217
f 3374 782 3217
f 3558 3378 3379
f 3378 3218 3379
f 3219 3220 3218
f 3218 3220 3380
f 3220 3381 3380
f 3381 3221 3382
f 3221 3222 3382
f 3382 3222 780
f 3222 3223 780
f 3223 3224 780
f 780 3225 3383
f 3384 3383 3385
f 3383 3225 3385
f 3225 789 3385
f 789 3227 3385
f 3385 3227 3226
f 3561 3226 3562
f 3563 3562 3386
f 3562 3227 3386
f 3387 3228 3565
f 3565 3228 3388
f 3388 3229 3389
f 3229 3060 3389
f 3060 3230 3389
f 3230 3060 3390
f 3060 3231 3390
f 3232 3233 3568
f 3063 3234 3233
f 3234 3235 3233
f 3235 3236 3233
f 3236 3067 3233
f 3233 3067 3391
f 3392 3391 3393
f 3391 3067 3393
f 3067 3237 3393
f 3237 3068 3393
f 3068 3238 3393
f 3393 3238 3394
f 3394 3238 3395
f 3569 3396 3239
f 3396 3395 3239
f 3395 3238 3239
f 3238 3070 3239
f 3239 787 3397
f 787 788 3397
f 788 3240 3397
f 3240 3241 3397
f 3241 3073 3570
f 3073 3075 3570
f 3075 3242 3570
f 3570 3242 3571
f 3242 3076 3571
f 3398 3400 3399
f 3403 3401 3577
f 3577 3401 3578
f 3578 3401 3404
f 3401 3402 3404
f 3402 3400 3404
f 3400 3243 3404
f 3579 3244 3406
f 3244 3407 3406
f 3407 3583 3406
f 3407 3409 3714
f 3245 3244 3410
f 3410 3246 3411
f 3246 3247 3411
f 3247 3248 3411
f 3248 3249 3411
f 3585 3411 3715
f 3412 3413 3411
f 3412 3411 3249
f 3248 3250 3249
f 3249 3250 3414
f 3414 3250 3415
f 3250 3251 3415
f 3415 3251 3416
f 3251 3252 3416
f 3252 3253 3416
f 3253 3254 3416
f 3255 3587 3254
f 3417 3587 3418
f 3587 3255 3418
f 3256 3257 3418
f 3418 3257 3419
f 3419 3257 3419
f 3419 3257 3258
f 3257 3086 3258
f 3420 3087 3421
f 3087 3259 3421
f 3421 3260 3886
f 3422 3090 3423
f 3090 3091 3423
f 3423 3091 3591
f 3591 3091 3729
f 3091 3424 3729
f 3424 3092 3425
f 3262 3261 3426
f 3734 3261 3593
f 3593 3261 3427
f 3427 3261 3428
f 3261 3263 3428
f 3428 3263 3429
f 3430 3429 3431
f 3429 3264 3431
f 3431 3264 3735
f 3264 3265 3735
f 3265 3266 3735
f 3267 3268 3266
f 3266 3268 3433
f 3269 3094 3432
f 3094 3270 3432
f 3432 3270 3433
f 3433 3270 3434
f 3270 3271 3434
f 3434 3272 3435
f 3272 3273 3435
f 3435 3273 3602
f 3602 3273 3437
f 3273 3274 3437
f 3438 3275 3440
f 3440 3276 3277
f 3277 3276 3441
f 3276 3278 3441
f 3278 2935 3441
f 2935 3279 3441
f 3441 3279 3744
f 3744 3279 3442
f 3279 3280 3443
f 3443 3280 3444
f 3280 3100 3444
f 3444 3100 3445
f 3445 3101 3446
f 3447 3281 3448
f 3605 3448 3606
f 3448 3282 3606
f 3282 3283 3606
f 3283 3284 3606
f 3284 781 3606
f 3606 781 3449
f 3449 781 3609
f 3609 3105 3610
f 3610 3106 3611
f 3106 3285 3611
f 3450 3286 3613
f 3613 3286 3451
f 3451 3453 3452
f 3451 3287 3453
f 3453 3287 3454
f 3287 3288 3454
f 3288 3289 3454
f 3289 3290 3454
f 3454 3290 3765
f 3765 3290 3615
f 3290 3291 3615
f 3615 3291 3616
f 3291 3455 3616
f 3455 3292 3456
f 3292 3293 3456
f 3294 3457 3293
f 3457 3294 3458
f 3458 3294 3459
f 3294 3295 3459
f 3459 3295 3460
f 3295 3296 3460
f 3296 3297 3461
f 3622 3297 3772
f 3298 3299 3624
f 3464 3300 3465
f 3465 3300 3302
f 3300 3301 3302
f 3466 3302 3467
f 3302 3121 3467
f 3121 3303 3467
f 3467 3303 3628
f 3628 3303 3468
f 3303 3304 3468
f 3469 3468 3470
f 3468 3304 3470
f 3470 3471 3631
f 3471 3305 3472
f 3305 3306 3472
f 3306 3307 3472
f 3307 3308 3472
f 3472 3308 3473
f 3308 3780 3473
f 3780 3308 3474
f 3308 3309 3474
f 3475 3309 3782
f 3309 3310 3782
f 3310 3476 3634
f 3476 3311 3477
f 3311 3130 3477
f 3477 3312 3637
f 3479 3313 3638
f 3638 3313 3480
f 778 3314 3481
f 3641 3314 770
f 770 3314 3482
f 3314 3315 3482
f 3315 3133 3482
f 3133 3316 3482
f 3316 3317 3482
f 3317 3318 3483
f 3318 3319 3483
f 3319 3320 3483
f 3483 3320 3642
f 3137 3484 3320
f 3485 3139 3643
f 3643 3139 3486
f 3486 3139 3487
f 3487 3141 3645
f 3646 3321 3490
f 3321 3322 3490
f 3490 3322 3491
f 4094 3491 3648
f 3491 3322 3648
f 3322 3492 3648
f 3791 3492 3792
f 3492 3322 3792
f 3322 3323 3792
f 3321 3324 3323
f 3324 3325 3323
f 3496 3151 3497
f 3651 3497 3795
f 3498 3326 3652
f 3652 3327 3797
f 3327 3328 3798
f 3499 3655 3798
f 3655 3156 3656
f 3159 3503 3502
f 3503 3159 3504
f 3507 3506 3508
f 3506 3160 3508
f 3160 3329 3508
f 3329 3330 3508
f 3508 3330 3509
f 3509 3330 3330
f 3330 3331 3330
f 3330 3331 3332
f 3661 3510 3511
f 3511 2991 3334
f 2991 3333 3334
f 3663 3168 3664
f 3664 3168 3515
f 3967 3517 3665
f 3517 3336 3665
f 3665 3336 3518
f 3518 3171 3337
f 3171 2999 3337
f 3337 3338 3519
f 3519 3338 3809
f 3809 3338 3520
f 3520 3339 3666
f 3339 3340 3666
f 3666 3340 3343
f 3340 3341 3343
f 3341 3342 3343
f 3177 3344 3521
f 3344 3668 3521
f 3521 3668 3522
f 3182 3345 3181
f 3812 3523 3524
f 3524 3523 3525
f 3523 3346 3525
f 3525 3187 3526
f 3347 3527 3670
f 3348 3021 3673
f 3673 3530 3529
f 3530 3349 3817
f 3349 3350 3817
f 3200 3351 3819
f 3351 3352 3819
f 3819 3352 3674
f 3674 3352 3675
f 3352 3353 3675
f 3353 3531 3675
f 3531 3354 3676
f 3676 3354 3532
f 3354 3029 3532
f 3029 1019 3532
f 3532 3534 3533
f 3534 3535 3677
f 3356 3357 3535
f 3535 3357 3824
f 3357 3204 3824
f 3204 3358 3824
f 3824 3358 3359
f 3359 3358 3678
f 3358 3360 3678
f 3678 3360 3536
f 3539 3537 3538
f 3537 3536 3538
f 3536 3033 3538
f 3538 3033 3540
f 3361 3206 3541
f 3206 3362 3541
f 3541 3362 3542
f 3362 3363 3542
f 3363 3364 3542
f 3542 3364 3543
f 3543 3364 3544
f 3546 3545 3547
f 3545 3209 3547
f 3547 3209 3548
f 3210 3365 3548
f 3365 3366 3548
f 3548 3366 3549
f 3366 3367 3683
f 3367 3368 3684
f 3684 3368 3550
f 3368 3038 3550
f 3550 3038 3370
f 3038 3369 3370
f 3041 3371 3550
f 3043 3685 3371
f 3835 3552 3553
f 3552 3372 3553
f 3372 3216 3553
f 3553 3373 3836
f 3373 3374 3836
f 3836 3374 3554
f 3374 3375 3554
f 3375 3376 3554
f 3376 3376 3554
f 3554 3376 3555
f 3376 3376 3555
f 3555 3376 3556
f 3556 3376 3377
f 3686 3217 3557
f 3557 3378 3689
f 3378 3558 3689
f 3689 3558 3690
f 3841 3379 3218
f 3218 3380 3692
f 3380 3381 3692
f 3381 3382 3692
f 3382 780 3692
f 3692 780 3693
f 780 3383 3693
f 3383 3384 3693
f 3693 3384 3559
f 3384 3385 3559
f 3385 3226 3559
f 3559 3226 3560
f 3560 3226 3561
f 3563 3386 3564
f 3386 3387 3564
f 3564 3387 3697
f 3697 3387 3565
f 3566 3565 769
f 3565 3388 769
f 769 3388 3567
f 3388 3389 3567
f 3389 3230 3567
f 3230 3390 3567
f 3231 3232 3390
f 3390 3232 3698
f 3698 3232 3568
f 3233 3391 3568
f 3391 3392 3568
f 3392 3393 3394
f 3395 3396 3569
f 3703 3569 3704
f 3569 3239 3704
f 3239 3397 3570
f 3397 3241 3570
f 3571 3076 3572
f 3076 779 3572
f 779 3575 3572
f 3572 3575 3573
f 3859 3573 3705
f 3573 3575 3705
f 3705 3575 3706
f 779 3398 3575
f 3398 3399 3575
f 3399 3400 3575
f 3400 3402 3575
f 3402 3401 3575
f 3575 3401 3709
f 3709 3401 3576
f 3576 3401 3710
f 3401 3403 3710
f 3710 3403 3577
f 767 3578 3405
f 3578 3404 3405
f 3404 3243 3405
f 3405 3579 3580
f 3579 3406 3580
f 3581 3580 3582
f 3580 3406 3582
f 3406 3583 3582
f 3583 3407 3584
f 3584 3407 3714
f 3408 3409 3585
f 3409 3245 3585
f 3245 3410 3585
f 3410 3411 3585
f 3411 3413 3715
f 3412 3716 3413
f 3412 3249 3716
f 3249 3414 3717
f 3718 3415 3719
f 3719 3415 3720
f 3415 3416 3720
f 3416 3254 3586
f 3586 3254 3587
f 3587 3417 3588
f 3588 3417 3726
f 3726 3417 3589
f 3417 3418 3589
f 3418 3419 3589
f 3419 3419 3589
f 3419 3258 3589
f 3258 3420 3589
f 3420 3421 3886
f 3886 3260 3590
f 3260 3422 3590
f 3590 3422 3591
f 3422 3423 3591
f 3729 3424 3730
f 3424 3425 3730
f 3730 3425 3592
f 3425 3262 3592
f 3262 3426 3592
f 3732 3426 3734
f 3426 3261 3734
f 3593 3427 3594
f 3428 3429 3427
f 3427 3429 3595
f 3429 3430 3595
f 3892 3430 3735
f 3430 3431 3735
f 3735 3266 3596
f 3596 3266 3433
f 3896 3433 3597
f 3268 3269 3433
f 3269 3432 3433
f 3433 3434 3598
f 3434 3435 3598
f 3435 3602 3598
f 3598 3602 3599
f 3602 3436 3599
f 3599 3436 3600
f 3600 3436 3601
f 3601 3436 3741
f 3741 3436 3742
f 3742 3436 3602
f 3602 3437 3438
f 3438 3440 3439
f 3743 3439 3277
f 3439 3440 3277
f 3277 3441 3744
f 3279 3443 3442
f 3442 3443 3444
f 3444 3445 3603
f 3603 3445 3604
f 3445 3446 3604
f 3446 3101 3604
f 3747 3604 3605
f 3604 3101 3605
f 3101 3447 3605
f 3447 3448 3605
f 3756 3605 3755
f 3605 3606 3755
f 3606 3449 3607
f 3607 3449 3608
f 3608 3449 3609
f 3611 3450 3612
f 3450 3613 3612
f 3613 3451 3913
f 3451 3452 3913
f 3913 3452 3614
f 3452 3453 3614
f 3453 3454 3614
f 3614 3454 3765
f 3916 3615 3766
f 3615 3616 3766
f 3616 3455 3617
f 3455 3456 3617
f 3293 3457 3456
f 3457 3768 3456
f 4067 3768 3457
f 3457 3458 3618
f 3618 3458 3619
f 3458 3459 3619
f 3771 3620 3460
f 3620 3459 3460
f 3296 3461 3460
f 3460 3461 3621
f 3621 3461 3622
f 3461 3297 3622
f 3297 3298 3772
f 3772 3298 3623
f 3623 3298 3624
f 3624 3462 3922
f 3462 3463 3922
f 3462 3464 3463
f 3463 3464 3773
f 3773 3464 3625
f 3625 3464 3774
f 3464 3465 3774
f 3774 3465 763
f 763 3465 3775
f 3775 3465 3626
f 3465 3302 3626
f 3302 3466 3626
f 3626 3466 3627
f 3466 3467 3627
f 3627 3467 3628
f 3468 3469 3629
f 3630 3778 3631
f 3778 3629 3631
f 3629 3469 3631
f 3469 3470 3631
f 3632 3631 3633
f 3631 3471 3633
f 3472 3473 3471
f 3473 3780 3471
f 3780 3474 3781
f 3474 3309 3781
f 3309 3475 3781
f 3781 3475 3931
f 3931 3475 3782
f 3782 3310 3634
f 3634 3476 3635
f 3635 3476 3636
f 3476 3477 3636
f 3636 3477 3637
f 3312 3478 3637
f 3479 3638 3478
f 3638 3480 3639
f 3480 778 3639
f 3784 777 3785
f 777 3784 3640
f 3784 778 3640
f 778 3481 3640
f 3481 3314 3640
f 3640 3314 3641
f 770 3482 3642
f 3482 3317 3642
f 3317 3483 3642
f 3484 3485 3320
f 3320 3485 3786
f 3786 3485 3643
f 3643 3486 3644
f 3486 3487 3644
f 3644 3487 3645
f 3645 3488 3942
f 3942 3488 4093
f 4093 3488 3787
f 3787 3488 3944
f 3488 3489 3944
f 3489 3646 3944
f 3646 3490 3647
f 3490 3491 3647
f 3648 3492 3946
f 3946 3492 3791
f 3792 3323 3649
f 3649 3493 3650
f 3493 3494 3650
f 3494 3495 3650
f 3650 3495 3793
f 3793 3496 4101
f 3496 3497 4101
f 4101 3497 3651
f 3956 3795 3652
f 3795 3498 3652
f 3653 3652 3796
f 3796 3652 3797
f 3797 3327 3654
f 3654 3327 3798
f 3328 3499 3798
f 3655 3656 3799
f 3656 3500 3657
f 3657 3501 3503
f 3501 3502 3503
f 3503 3504 3658
f 3504 3505 3658
f 3505 3506 3658
f 3800 3506 3660
f 3506 3507 3660
f 3507 3508 3660
f 3660 3508 3659
f 3508 3509 3659
f 3509 3330 3659
f 3659 3330 3660
f 3330 3332 3660
f 3332 3510 3660
f 3660 3510 3661
f 3801 3661 3802
f 3661 3511 3802
f 3511 3334 3802
f 3334 3163 3964
f 3163 3512 3964
f 3964 3512 3662
f 3512 3513 3662
f 3513 3335 3662
f 3662 3335 3663
f 3335 3514 3663
f 3664 3515 3516
f 3805 3516 3806
f 3516 3517 3806
f 3517 3967 3806
f 3665 3518 3519
f 3518 3337 3519
f 3807 3519 3809
f 3809 3520 3666
f 3666 3343 3667
f 3343 3177 3667
f 3177 3521 3667
f 3521 3522 3667
f 3667 3522 3810
f 3810 3522 3668
f 3668 3181 3811
f 3181 3345 3811
f 3345 3523 3811
f 3523 3812 3811
f 3812 3524 3669
f 3524 3525 3669
f 3525 3526 3669
f 3526 3347 3670
f 3981 3670 3194
f 3670 3527 3194
f 3527 3528 3194
f 3671 3194 3672
f 3194 3348 3672
f 3672 3348 3673
f 3673 3529 3814
f 3529 3530 3816
f 3816 3530 3817
f 3817 3200 3818
f 3675 3531 3676
f 3532 3533 3676
f 3533 3534 3676
f 3676 3534 3677
f 3535 3824 3677
f 3359 3678 3824
f 3678 3536 3679
f 3536 3537 3679
f 3679 3537 3539
f 3537 3539 3539
f 3539 3539 3680
f 3539 3538 3680
f 3826 3538 3827
f 3827 3538 3681
f 3538 3540 3681
f 3540 3361 3681
f 3361 3541 3681
f 3543 3544 3828
f 3828 3544 3682
f 3544 3545 3682
f 3545 3546 3682
f 3547 3548 3546
f 3546 3548 3829
f 3548 3549 3829
f 3829 3549 3991
f 3549 3366 3683
f 3683 3367 3994
f 3370 3041 3550
f 3685 3551 3832
f 3551 3552 3832
f 3832 3552 3833
f 3833 3552 3835
f 3835 3553 3836
f 3554 3555 3836
f 3555 3556 3836
f 3836 3556 3997
f 3556 3377 3997
f 3838 3377 3686
f 3377 3217 3686
f 3687 3686 3689
f 3686 3557 3689
f 3690 3558 3841
f 3558 3379 3841
f 3841 3218 3691
f 3218 3692 3691
f 3693 3559 3842
f 3842 3559 3843
f 3559 776 3843
f 3843 776 3844
f 776 775 3845
f 3694 775 3695
f 775 776 3695
f 776 3559 3695
f 3559 3560 3695
f 3560 3561 3695
f 3561 3562 3695
f 3695 3562 3696
f 3562 3563 3696
f 3563 3564 3696
f 3564 3697 3847
f 3565 3566 3697
f 3566 769 3697
f 3567 3390 754
f 754 3390 3698
f 3699 3698 3854
f 3854 3698 3700
f 3698 3568 3700
f 3568 3392 3700
f 3392 3394 3700
f 3700 3394 3701
f 3394 3395 3701
f 3856 3395 3857
f 3395 3569 3857
f 3569 3703 3857
f 3857 3703 3702
f 3239 3570 3704
f 3570 3571 3704
f 3704 3571 739
f 3571 3572 739
f 3572 3573 739
f 3574 3706 3707
f 3706 3575 3707
f 3707 3575 3708
f 3708 3575 3709
f 3709 3576 3710
f 3710 3577 3870
f 3870 3577 767
f 3577 3578 767
f 3405 3580 767
f 3580 774 767
f 3872 773 3873
f 773 774 3873
f 774 3580 3873
f 3580 3581 3873
f 3873 3581 3875
f 3581 3582 3875
f 3711 3875 3712
f 3875 3582 3712
f 3582 3583 3712
f 3712 3583 3713
f 3713 3583 3878
f 3583 3584 3878
f 3584 772 3878
f 3584 3714 772
f 772 3714 3715
f 3714 3409 3715
f 3409 3408 3715
f 3408 3585 3715
f 3879 3715 3413
f 3716 3249 3717
f 3717 3414 3718
f 3414 3415 3718
f 3718 3719 4027
f 3720 3416 3721
f 3416 3586 3721
f 3586 3723 3721
f 3721 3723 3722
f 4030 3722 3723
f 3723 3586 3724
f 3586 3587 3724
f 3587 3588 3724
f 3588 3726 3724
f 3724 3726 3725
f 3726 3589 4032
f 3589 3420 4032
f 3420 3886 3885
f 3886 3590 3727
f 3590 3591 3727
f 3727 3591 3728
f 3591 3729 3728
f 3730 3592 3887
f 3887 3592 3731
f 3592 3426 3731
f 3731 3426 3732
f 3732 3734 3733
f 3734 3593 3890
f 3593 3594 3890
f 3427 3595 3594
f 3594 3595 4043
f 3595 3430 4043
f 4043 3430 3892
f 3894 3735 3736
f 3735 3596 3736
f 4046 3737 3738
f 3737 3736 3738
f 3736 3596 3738
f 3596 3433 3738
f 3738 3433 3896
f 3896 3597 3739
f 3739 3597 3739
f 3739 3597 3740
f 3597 3433 3740
f 3740 3433 3599
f 3433 3598 3599
f 3600 3601 3599
f 3601 4049 3599
f 3740 3599 4049
f 3601 3741 4049
f 3741 3742 4050
f 3602 3438 3742
f 3438 3439 3742
f 3742 3439 3743
f 3743 3277 3744
f 3901 3744 3442
f 3745 3442 3746
f 3746 3442 3603
f 3442 3444 3603
f 3603 3604 3747
f 765 3753 3748
f 3751 3750 3752
f 3750 3749 3752
f 3749 3905 3752
f 3905 3753 3752
f 3753 765 3754
f 765 3747 3754
f 3747 3605 3754
f 3754 3605 3756
f 3755 3606 3756
f 3756 3606 3757
f 3757 3606 3758
f 3758 3606 4058
f 3606 3607 4058
f 3607 3608 4058
f 3608 3911 3910
f 3911 3608 3759
f 3608 3609 3759
f 3609 3610 3759
f 3610 3611 3759
f 3611 3612 3759
f 3612 3613 3759
f 3759 3613 3760
f 3760 3613 3912
f 3912 3613 3913
f 3913 3614 3761
f 3614 3762 3761
f 3762 3614 3763
f 3763 3614 3764
f 3764 3614 3765
f 3765 3615 3914
f 3615 3916 3914
f 3766 3616 3917
f 3616 3617 3917
f 3917 3617 3767
f 3767 3617 3768
f 3617 3456 3768
f 4067 3457 3918
f 3918 3457 3769
f 3457 3618 3769
f 3769 3618 3919
f 3618 3619 3919
f 3619 3459 3770
f 3459 3620 3770
f 3620 3771 3770
f 764 3771 748
f 3460 3621 3771
f 3621 3622 3771
f 3771 3622 3772
f 3772 3623 3922
f 3623 3624 3922
f 3773 3625 3774
f 3626 3627 3775
f 3775 3627 3776
f 3627 3628 3776
f 3628 3468 3776
f 3468 3629 3776
f 3629 3778 3776
f 3778 3777 3776
f 3777 771 3926
f 771 3777 3778
f 3778 3630 3929
f 3630 3631 3929
f 3631 3632 3929
f 3779 3633 3780
f 3633 3471 3780
f 3782 3634 3933
f 3634 3635 3933
f 3635 3636 3637
f 3637 3478 3934
f 3478 3638 3934
f 3638 3639 3934
f 3639 778 3934
f 3934 778 3783
f 778 3784 3783
f 3785 777 3937
f 3937 777 3938
f 777 3640 3938
f 3938 3640 4090
f 3640 3641 4090
f 3641 770 4090
f 4090 770 3939
f 770 3642 3939
f 3642 3940 3939
f 3642 3320 3940
f 3940 3320 3941
f 3320 3786 3941
f 3643 3644 3786
f 3644 3645 3786
f 3786 3645 3942
f 3944 3646 3647
f 3647 3491 4256
f 4256 3491 3945
f 3491 4094 3945
f 4094 3648 3946
f 3946 3791 3788
f 3791 3789 3788
f 3790 3789 3791
f 3792 3649 762
f 3649 3650 762
f 762 3650 3793
f 761 3793 4101
f 4101 3651 3794
f 3794 3651 3956
f 3956 3651 3795
f 3652 3653 3956
f 3653 3796 3957
f 3957 3796 4102
f 4102 3796 4267
f 4268 3796 3797
f 3797 3654 4103
f 4103 3654 3798
f 3798 3655 3799
f 3656 3657 3799
f 3799 3657 3658
f 3657 3503 3658
f 3658 3506 3800
f 3661 3801 3660
f 3802 3334 3803
f 3334 3964 3803
f 3662 3663 3964
f 3964 3663 3804
f 3663 3664 3804
f 3664 3516 3804
f 3804 3516 3805
f 3805 3806 3965
f 3967 3665 3968
f 3665 3519 3807
f 3808 3807 3809
f 3969 3809 3667
f 3809 3666 3667
f 3810 3668 3811
f 3813 3812 3972
f 3812 3669 3972
f 3972 3669 3670
f 3669 3526 3670
f 3981 3194 3671
f 3672 3673 3814
f 3814 3529 3815
f 3815 3529 3816
f 3818 3200 4128
f 4128 3200 3819
f 3819 3674 3820
f 3820 3674 3821
f 3674 3675 3821
f 4129 3821 3675
f 3675 3676 3822
f 3676 3677 3822
f 3822 3677 4131
f 4131 3677 4300
f 4300 3677 3823
f 3823 3677 3824
f 3824 3678 3984
f 3984 3678 3825
f 3678 3679 3825
f 3825 3679 3826
f 3679 3539 3826
f 3539 3680 3826
f 3680 3538 3826
f 755 3826 3827
f 3681 3541 3827
f 3827 3541 3828
f 3541 3542 3828
f 3542 3543 3828
f 3828 3682 4135
f 4135 3682 4136
f 3682 3546 4136
f 3990 3546 3829
f 3549 3683 3993
f 3994 3367 3830
f 3367 3684 3830
f 3684 3550 3830
f 3830 3550 3831
f 3550 3371 3831
f 3371 3685 3831
f 3831 3685 3832
f 3833 3835 3834
f 3997 3377 3998
f 3998 3377 3837
f 3377 3838 3837
f 3838 3686 3687
f 3687 3688 3839
f 3688 3840 3839
f 3840 3688 4144
f 3688 3687 4144
f 3687 3689 4144
f 3689 3690 4144
f 4001 3690 3841
f 3841 3691 3842
f 3691 3692 3842
f 3692 3693 3842
f 3844 776 3845
f 4146 3845 3846
f 3846 3845 3694
f 3845 775 3694
f 3695 3696 3694
f 3694 3696 3847
f 3696 3564 3847
f 4149 3697 3848
f 3697 769 3848
f 769 768 3848
f 3848 768 3849
f 3849 768 3850
f 768 769 3850
f 769 3567 3850
f 3850 3567 754
f 754 3698 4007
f 3698 3699 4007
f 4011 3851 4012
f 4012 3851 3852
f 3852 3851 3853
f 3853 3699 3854
f 3700 3701 3855
f 3701 3395 3855
f 3855 3395 3856
f 4329 3857 4014
f 4014 3857 3858
f 3857 3702 3858
f 3702 3703 3858
f 3703 3704 3858
f 739 3573 3859
f 3859 3705 3860
f 3705 3706 3860
f 3706 3574 3860
f 4015 3860 3862
f 3860 3574 3862
f 3862 3574 3863
f 3574 3707 3863
f 3863 3707 3864
f 3707 3708 3864
f 3865 4018 3866
f 4018 3864 3866
f 3864 3708 3866
f 3866 3708 3867
f 3708 3709 3867
f 3709 3710 3867
f 3710 3870 3868
f 767 3871 3870
f 767 774 3871
f 3871 774 3872
f 774 773 3872
f 3874 3873 3875
f 3876 3875 752
f 4020 752 3712
f 3712 752 3877
f 752 3875 3877
f 3875 3711 3877
f 3712 3713 3878
f 766 3878 4024
f 3878 772 4024
f 4024 772 4178
f 4178 772 3879
f 772 3715 3879
f 3879 3413 3880
f 3413 3716 3880
f 3880 3716 751
f 751 3716 4026
f 3716 3717 4026
f 4026 3717 3881
f 3881 3717 4027
f 3717 3718 4027
f 4027 3719 4180
f 4180 3719 4029
f 4029 3719 3882
f 3719 3720 3882
f 4182 3882 3883
f 3882 3720 3883
f 3720 3721 3883
f 3721 3722 3883
f 3722 4030 3883
f 4030 3723 3884
f 3723 3724 3884
f 3724 3725 4032
f 3725 3726 4032
f 4032 3420 3885
f 3886 3727 4033
f 3727 3728 4190
f 4190 3728 4035
f 3728 3729 4035
f 4035 3729 3887
f 3729 3730 3887
f 3887 3731 4036
f 4036 3731 3888
f 3731 3732 3733
f 4194 3733 4040
f 4040 3733 4041
f 4041 3733 3889
f 3733 3734 3889
f 3889 3734 3890
f 3890 3594 3891
f 3892 3735 3893
f 3735 3894 3893
f 3893 3894 4045
f 3894 3736 3895
f 3736 3737 3895
f 3737 4046 3895
f 4046 3738 3896
f 4046 3896 3897
f 3896 3739 3897
f 3739 3739 3897
f 3739 3740 3897
f 3740 4049 4203
f 4049 3741 3898
f 3898 3741 4050
f 4204 4050 3899
f 4050 3742 3899
f 3742 3743 3899
f 3743 3744 3900
f 3900 3744 3901
f 3901 3442 4205
f 3442 3745 4205
f 3745 3746 3747
f 3746 3603 3747
f 3747 765 3902
f 765 750 3902
f 750 765 3903
f 765 3748 3903
f 3748 749 3903
f 749 3748 3904
f 3748 3753 3904
f 3904 3753 3905
f 3906 3905 4054
f 4054 3905 3907
f 3905 3749 3907
f 4056 3907 3750
f 3907 3749 3750
f 3750 3751 3908
f 3751 3752 3908
f 3752 3753 3908
f 3753 3754 3908
f 3754 3756 3908
f 3908 3756 4057
f 3756 3757 4057
f 3757 3758 4057
f 4058 3608 3909
f 3608 3910 3909
f 3911 3759 3912
f 3759 3760 3912
f 3913 3761 4062
f 3761 3762 4062
f 4062 3762 4063
f 3762 3763 4063
f 4065 4063 3763
f 3763 3764 3914
f 3764 3765 3914
f 3915 3914 3916
f 3916 3766 3917
f 3917 3767 4229
f 3767 3768 4229
f 4229 3768 4067
f 3918 3769 3919
f 3920 3919 3921
f 3919 3619 3921
f 3619 3770 3921
f 3771 764 3770
f 4070 3770 4233
f 3770 764 4233
f 748 3771 3922
f 3771 3772 3922
f 3463 3773 3922
f 3922 3773 3923
f 3923 3773 4074
f 3773 3774 4074
f 3774 763 4074
f 4074 763 3924
f 3925 3924 4075
f 3924 763 4075
f 763 3775 4075
f 4076 3775 3777
f 3775 3776 3777
f 4078 3926 4239
f 3926 771 4239
f 771 3927 4239
f 3927 771 3928
f 771 3778 3928
f 3778 3929 3928
f 3632 3633 3929
f 3633 3779 3929
f 4081 3929 3930
f 3929 3779 3930
f 3779 3780 3930
f 3780 3781 3930
f 3930 3781 4082
f 4082 3781 3931
f 3931 3782 3933
f 3635 3637 4086
f 4086 3637 3934
f 3934 3783 3935
f 3935 3783 3936
f 3783 3784 3936
f 3784 3785 3936
f 3936 3785 4088
f 3785 3937 4088
f 3939 3940 4091
f 4093 3787 3943
f 4260 3946 3947
f 3946 3788 3947
f 3788 3789 3947
f 3947 3789 3948
f 3948 3789 3949
f 3789 3790 3949
f 3790 4095 3949
f 4095 3790 3950
f 3790 3791 3950
f 3791 3792 3950
f 3792 762 3950
f 762 761 3950
f 761 760 3950
f 3950 760 4417
f 4096 760 3951
f 3951 760 4098
f 4098 760 3952
f 760 761 3952
f 3952 761 3953
f 3953 761 3954
f 3954 761 4100
f 762 3793 761
f 3955 761 4101
f 4101 3794 4100
f 3956 3653 3957
f 4267 3796 4268
f 4268 3797 4103
f 4103 3798 3958
f 3798 3799 3958
f 3958 3799 3959
f 3799 3658 3959
f 3658 3800 3959
f 3959 3800 745
f 745 3800 743
f 3800 3660 743
f 3660 3801 743
f 3801 3802 4110
f 4110 3802 3960
f 3960 3802 3961
f 3802 3803 3961
f 3961 3803 3962
f 3962 3803 4112
f 3803 3964 4112
f 4112 3964 3963
f 3964 3804 4114
f 3804 3805 4114
f 4114 3805 3965
f 3965 3806 4116
f 3806 3967 3966
f 3966 3967 4118
f 3968 3665 3808
f 3665 3807 3808
f 3808 3809 3969
f 4433 3810 4278
f 4278 3810 3970
f 3810 3811 3970
f 3811 3812 3970
f 3812 3813 3971
f 3974 3973 3975
f 3973 759 3975
f 3975 759 3976
f 759 758 3976
f 3978 758 3979
f 3979 758 4124
f 4124 758 3980
f 758 759 3980
f 759 3973 3980
f 3973 3972 3980
f 3972 3670 3980
f 3670 3981 3980
f 3671 3672 3981
f 3981 3672 3814
f 3815 3816 3982
f 3816 3817 3982
f 3817 3818 3982
f 4128 3819 3983
f 3983 3819 3820
f 3820 3821 4129
f 4129 3675 4130
f 4130 3675 4131
f 3675 3822 4131
f 4300 3823 3984
f 3823 3824 3984
f 3984 3825 3985
f 3985 3825 3986
f 3825 757 3986
f 3986 757 3987
f 757 756 3987
f 756 3825 3987
f 3825 3826 3987
f 3826 3988 3987
f 3826 755 3988
f 755 3827 4303
f 3828 4135 3827
f 4136 3546 3989
f 3989 3546 3990
f 3990 3829 4137
f 3829 3991 4137
f 3549 3993 3991
f 3994 3830 3995
f 3830 3831 3996
f 3831 3832 3996
f 3832 3833 3996
f 3834 3835 4141
f 4141 3835 3997
f 3835 3836 3997
f 3998 3837 4317
f 3837 3838 4470
f 4470 3838 3999
f 3838 3687 3999
f 3687 3839 3999
f 4142 3839 4143
f 4143 3839 4000
f 3839 3840 4000
f 3840 4144 4000
f 4144 3690 4001
f 3841 3842 4001
f 3842 3843 4001
f 4001 3843 4002
f 3843 3844 4002
f 3844 3845 4002
f 4003 3845 4004
f 3845 4146 4004
f 4146 3846 4005
f 3846 3694 4005
f 4005 3694 4148
f 3694 3847 4148
f 4148 3847 4149
f 3847 3697 4149
f 4149 3848 3849
f 3849 3850 4006
f 3850 754 4006
f 4006 754 4007
f 4007 3699 4008
f 3699 3853 4008
f 4007 4008 3853
f 3853 3851 4009
f 3851 4011 4009
f 4010 4009 4159
f 4009 4011 4159
f 4160 4159 4011
f 4012 3852 4013
f 3852 3853 4013
f 3853 3854 4013
f 3854 3700 4013
f 3700 3855 4013
f 3855 3856 4161
f 3856 3857 4161
f 4161 3857 4329
f 3858 3704 739
f 3859 3860 739
f 3860 3861 739
f 739 3861 4015
f 3861 3860 4015
f 4164 4015 4017
f 4015 3862 4017
f 4017 3862 3863
f 3864 4018 3863
f 4165 3863 4018
f 4165 4018 4332
f 4018 3865 4332
f 3865 3866 4167
f 3866 3867 753
f 3867 3710 753
f 3710 3868 753
f 3868 3870 753
f 742 753 3869
f 753 3870 3869
f 3870 3871 3869
f 3871 3872 3869
f 3869 3872 4172
f 4172 3872 4019
f 3872 3873 4019
f 3873 3874 4019
f 3874 3875 4019
f 3875 3876 4019
f 4338 3876 4175
f 3876 752 4175
f 4175 752 4020
f 4339 4020 3712
f 3877 3711 3712
f 3712 3878 4021
f 736 4021 4022
f 4021 3878 4022
f 4022 3878 4023
f 3878 766 4023
f 4023 766 4024
f 4178 3879 4025
f 3879 3880 4025
f 4025 3880 741
f 3880 751 741
f 4026 3881 4027
f 4028 4180 4029
f 4030 3884 4031
f 3884 3724 4031
f 4186 3724 4032
f 4032 3885 4188
f 3885 3886 4188
f 4188 3886 4033
f 4033 3727 4190
f 4348 4190 4035
f 4035 3887 4350
f 4350 3887 4036
f 4037 3888 4193
f 3888 3731 4193
f 4193 3731 4038
f 3731 3733 4038
f 3733 4194 4038
f 4194 4039 4355
f 4198 4039 4040
f 4039 4194 4040
f 4041 3889 3890
f 3890 3891 4042
f 3891 3594 4043
f 4043 3892 4044
f 3892 3893 4044
f 4045 3894 4201
f 3894 3895 4201
f 3895 4046 4201
f 4365 4046 4047
f 4046 3897 4047
f 3897 3740 4047
f 4047 3740 4203
f 4048 4203 4049
f 4049 3898 4366
f 3898 4050 4366
f 3899 3743 4204
f 3743 4367 4204
f 4367 3743 4051
f 4051 3743 4205
f 3743 3900 4205
f 3900 3901 4205
f 4205 3745 750
f 3745 3747 750
f 3747 3902 750
f 4207 750 4208
f 750 3903 4208
f 3903 749 4208
f 749 4052 4208
f 4052 749 4053
f 749 3904 4053
f 3905 3906 3904
f 3904 3906 4054
f 4054 3907 4212
f 4056 3750 4057
f 3750 3908 4057
f 4057 3758 4058
f 4215 4059 4060
f 4059 4058 4060
f 4058 3909 4060
f 4060 3909 735
f 3909 3910 735
f 735 3910 4061
f 3910 3911 4061
f 3911 3912 4061
f 3912 3913 4061
f 4061 3913 4062
f 4218 4062 4063
f 4064 4063 4065
f 4065 3763 4374
f 3763 3914 4374
f 4374 3914 4221
f 3914 3915 4221
f 4225 4221 4227
f 4221 3915 4227
f 4227 3915 4066
f 3915 3916 4066
f 3916 3917 4066
f 3917 4229 4066
f 4068 4067 4069
f 4067 3918 4069
f 3918 3919 4069
f 4069 3919 4231
f 3919 3920 4231
f 4231 3920 4386
f 4386 3920 4070
f 3920 3921 4070
f 3921 3770 4070
f 4233 764 4234
f 4071 4234 4072
f 4234 764 4072
f 764 748 4072
f 4072 748 4235
f 4235 748 4073
f 748 3922 4073
f 3922 3923 4073
f 3924 3925 4074
f 4074 3925 4236
f 3925 4390 4236
f 4390 3925 4237
f 3925 4075 4237
f 4075 3775 4076
f 4076 3777 4077
f 3777 4078 4077
f 3777 3926 4078
f 4239 3927 4079
f 3927 3928 4080
f 3928 3929 4080
f 3929 4081 4080
f 4081 3930 4082
f 4082 3931 4083
f 3931 3932 4083
f 3932 747 4083
f 747 3932 4085
f 3932 4084 4085
f 3932 3931 4084
f 4084 3931 4086
f 3931 3933 4086
f 3933 3635 4086
f 4086 3934 740
f 3934 3935 740
f 740 3935 4087
f 3935 3936 4087
f 3936 4088 4087
f 4088 3937 4089
f 3937 3938 4089
f 4089 3938 4090
f 4090 3939 4410
f 3939 4091 4410
f 4091 3940 4253
f 3940 3941 4254
f 3941 3786 4254
f 4254 3786 4092
f 3786 3942 4092
f 4092 3942 4093
f 3943 3787 4256
f 3787 3944 4256
f 3944 3647 4256
f 4256 3945 4094
f 4094 3946 4259
f 4259 3946 4260
f 3947 3948 4262
f 4262 3948 4415
f 3948 3949 4415
f 3949 4095 4415
f 4095 3950 4417
f 4417 760 4096
f 4096 3951 4098
f 4098 3952 3953
f 3952 3953 3953
f 3953 3953 4097
f 3953 3954 4097
f 4097 3954 4098
f 4098 3954 4265
f 4265 3954 4099
f 4099 3954 4100
f 4100 761 3955
f 3794 3956 4266
f 4266 3956 4102
f 3956 3957 4102
f 4103 3958 4104
f 3958 3959 4104
f 3959 745 4104
f 4104 745 746
f 4105 746 4269
f 4269 746 4106
f 746 745 4107
f 745 744 4107
f 4107 744 4108
f 4108 744 4422
f 744 745 743
f 743 4423 744
f 4272 4423 4109
f 4423 743 4109
f 743 3801 4109
f 4109 3801 4110
f 4110 3960 4273
f 4111 3960 3961
f 3963 3964 4113
f 4113 3964 4114
f 4114 3965 4115
f 4115 3965 4116
f 4276 4116 4117
f 4116 3806 4117
f 3806 3966 4117
f 3967 3968 4118
f 3968 3808 4118
f 3808 3969 4433
f 3969 3667 4433
f 3667 3810 4433
f 4278 3970 4119
f 3970 3812 4119
f 4119 3812 4279
f 3812 3971 4279
f 3971 3813 4279
f 3813 3972 3973
f 3975 3976 4120
f 3976 758 4120
f 758 3977 4120
f 3977 758 3978
f 3977 3978 4121
f 3978 3979 4122
f 4122 3979 4123
f 4123 3979 4281
f 4281 3979 4124
f 3980 3981 4124
f 4281 4124 4125
f 4124 3981 4125
f 4125 3981 4284
f 4284 3981 4126
f 3981 3814 4126
f 4126 3814 4286
f 4286 3814 4287
f 3814 3815 4287
f 4287 3815 3982
f 4297 3982 4127
f 3982 3818 4127
f 3818 4128 4127
f 4298 4128 4129
f 4128 3983 4129
f 3983 3820 4129
f 4457 4129 4130
f 4131 4300 4132
f 4132 4300 4299
f 3984 3985 4300
f 4300 3985 4133
f 4301 3985 4459
f 3985 3986 4459
f 3986 3987 4459
f 3987 3988 4459
f 3988 755 4134
f 4134 755 4302
f 4302 755 4303
f 4303 3827 4304
f 3827 4135 4306
f 4306 4135 4462
f 4135 4136 4308
f 4136 3989 4137
f 3989 3990 4137
f 4137 3991 4310
f 3991 3992 4310
f 3992 3991 4138
f 3991 3993 4138
f 3683 3994 4139
f 3994 3995 4139
f 4139 3995 4140
f 4139 4140 4315
f 4140 3995 3996
f 3995 3830 3996
f 3996 3833 4316
f 3833 3834 4316
f 4316 3834 4141
f 3998 4317 3997
f 4317 3837 4319
f 3999 3839 4142
f 4144 4001 4145
f 4001 4002 4145
f 4145 4002 4322
f 4002 3845 4322
f 3845 4003 4322
f 4003 4004 4146
f 4146 4005 4147
f 4147 4005 4148
f 4148 4149 4325
f 4325 4149 4150
f 4149 3849 4150
f 4150 3849 4151
f 4151 3849 4152
f 3849 4006 4152
f 4006 4007 4152
f 4007 3853 4153
f 3853 4009 4153
f 4155 4154 4157
f 4157 4154 4158
f 4153 4009 4154
f 4154 4009 4010
f 4327 4010 4159
f 4160 4011 4161
f 4011 4012 4161
f 4012 4013 4161
f 4013 3855 4161
f 4328 4161 4329
f 739 4015 4162
f 4015 4164 4162
f 4164 4016 4162
f 4162 4016 4163
f 4163 4016 737
f 737 4016 4164
f 4164 4017 4483
f 4017 3863 4165
f 4332 3865 4166
f 4166 3865 4167
f 4167 3866 4168
f 4168 3866 4335
f 4335 3866 4169
f 3866 753 4169
f 753 742 4169
f 4169 742 4336
f 742 3869 4336
f 4170 3869 4171
f 3869 4172 4171
f 4019 4173 4172
f 4019 3876 4174
f 4174 3876 4338
f 4339 3712 736
f 3712 4021 736
f 4023 4340 4022
f 4177 4176 4178
f 4176 4023 4178
f 4023 4024 4178
f 4178 4025 4342
f 4025 741 4342
f 741 751 4179
f 751 4026 4179
f 4026 4027 4179
f 728 4179 4180
f 4179 4027 4180
f 4180 4028 4181
f 4028 4029 4181
f 4181 4029 4343
f 4343 4029 4182
f 4029 3882 4182
f 4182 3883 4344
f 3883 4030 4344
f 4344 4030 4183
f 4183 4030 4184
f 4030 4031 4184
f 4031 3724 4185
f 4185 3724 4186
f 4186 4032 4187
f 4187 4032 4188
f 4188 4033 4189
f 4033 4034 4189
f 4034 4033 4190
f 4350 4036 4351
f 4036 4037 4351
f 4036 3888 4037
f 4191 4352 4037
f 4192 4037 4193
f 4193 4038 4194
f 4355 4039 4195
f 4195 4039 4198
f 4198 4040 4199
f 4040 4041 4199
f 3890 4042 4041
f 3891 4043 4360
f 4043 4044 4360
f 4670 4044 4361
f 4044 3893 4361
f 4361 3893 4200
f 3893 4045 4200
f 4200 4045 4364
f 4201 4046 4202
f 4202 4046 4365
f 4365 4047 4522
f 4522 4047 4203
f 4523 4203 4366
f 4203 4048 4366
f 4048 4049 4366
f 4366 4050 4204
f 4367 4051 4205
f 4206 4205 750
f 750 4207 4527
f 4208 4052 4209
f 4052 4053 4209
f 4369 4209 4210
f 4209 4053 4210
f 4210 4053 4054
f 4053 3904 4054
f 4532 4054 4211
f 4370 4211 4212
f 4211 4054 4212
f 3907 4055 4212
f 3907 4056 4213
f 4213 4056 4214
f 4056 4057 4214
f 4057 4058 4214
f 4058 4059 4214
f 4214 4059 4215
f 4215 4060 4216
f 4216 4060 4217
f 4060 735 4217
f 735 4061 4218
f 4061 4062 4218
f 4063 4064 4218
f 4218 4064 4219
f 4219 4064 4372
f 4372 4064 4220
f 4064 4065 4220
f 4065 4374 4220
f 4222 4224 4223
f 4224 4221 4223
f 4223 4221 4225
f 4225 4227 4226
f 4379 4227 4066
f 4229 4067 4381
f 4067 4068 4381
f 4381 4068 4230
f 4068 4069 4230
f 4230 4069 4231
f 4386 4070 4232
f 4232 4070 4233
f 4387 4233 4234
f 4388 4071 4235
f 4071 4072 4235
f 4235 4073 4236
f 4073 3923 4236
f 3923 4074 4236
f 4237 4075 4391
f 4075 4076 4391
f 4391 4076 4394
f 4394 4076 4238
f 4076 4077 4238
f 4077 4078 4395
f 4395 4078 732
f 4078 4239 732
f 4239 4079 4240
f 4240 4079 4241
f 4079 3927 4241
f 4241 3927 4242
f 3927 4080 4242
f 4400 4242 4243
f 4242 4080 4243
f 4080 4081 4243
f 4243 4081 4244
f 4081 4082 4244
f 4244 4082 4401
f 4082 4083 4401
f 4083 747 4401
f 747 4564 4401
f 4564 747 4245
f 4245 747 4085
f 4246 4085 4248
f 4085 4084 4248
f 4084 4086 4248
f 4086 740 4248
f 4249 4248 4087
f 4248 740 4087
f 4087 4088 4404
f 4088 4250 4404
f 4250 4088 4251
f 4088 4089 4251
f 4251 4089 4408
f 4089 4090 4408
f 4408 4090 4410
f 4410 4091 4252
f 4252 4091 4253
f 3940 4254 4253
f 4092 4093 4254
f 4093 3943 4254
f 4254 3943 4255
f 4255 3943 4256
f 4256 4094 4257
f 4257 4094 4258
f 4258 4094 4259
f 4260 3947 4262
f 4416 4415 4417
f 4415 4095 4417
f 4417 4096 4574
f 4574 4096 4418
f 4577 4418 4096
f 4419 4096 4263
f 4263 4096 4098
f 3953 4097 4098
f 4098 4265 4264
f 4265 4099 4579
f 3955 4101 4100
f 4100 3794 4266
f 4266 4102 4267
f 4268 4103 4731
f 4731 4103 731
f 4103 4104 731
f 731 4104 4585
f 4104 746 4585
f 4585 746 4105
f 4106 746 4270
f 746 4107 4270
f 4107 4108 4270
f 4422 744 4271
f 4589 4423 4272
f 4272 4109 4110
f 4590 4110 4425
f 4425 4110 4273
f 3960 4111 4273
f 4111 3961 4427
f 3961 3962 4427
f 3962 4112 4428
f 3963 4113 4112
f 4112 4113 4429
f 4113 4114 4429
f 4429 4114 4274
f 4114 4115 4274
f 4115 4116 4275
f 4275 4116 4276
f 4117 3966 4277
f 3966 4118 4277
f 4118 3808 4277
f 3808 4433 4277
f 4119 4279 4278
f 4434 4279 4280
f 4279 3813 4280
f 3813 3973 4280
f 3973 3974 4280
f 3974 3975 4280
f 3975 4120 4280
f 4120 3977 4280
f 4280 3977 4598
f 3977 4121 4436
f 3978 4122 4121
f 4122 4123 4121
f 4121 4123 4281
f 4281 4125 4282
f 4282 4125 4601
f 4125 4284 4283
f 4284 4126 4285
f 4287 3982 4444
f 4444 3982 4445
f 4445 3982 4288
f 4288 3982 4449
f 3982 4289 4449
f 4451 4289 4290
f 4289 3982 4290
f 4291 4292 4455
f 4290 4455 4292
f 4292 4291 4452
f 4452 4291 4453
f 4291 4293 4453
f 4453 4293 4294
f 4294 4293 4293
f 4293 4293 4295
f 4293 4291 4295
f 4295 4291 4455
f 4455 4290 4296
f 4296 4290 4297
f 4290 3982 4297
f 4128 4298 4127
f 4127 4298 4613
f 4298 4129 4457
f 4457 4130 4458
f 4131 4132 4130
f 4132 4299 4130
f 4759 4299 4300
f 4300 4133 4301
f 4133 3985 4301
f 4459 3988 4460
f 3988 4134 4616
f 4305 4304 4462
f 4462 4304 4306
f 4304 3827 4306
f 4462 4135 4307
f 4307 4135 4620
f 4135 4308 4620
f 4136 4137 4308
f 4308 4137 4309
f 4309 4137 4310
f 4310 3992 4311
f 3992 4312 4311
f 4312 3992 4313
f 3992 4138 4313
f 4314 3993 4139
f 3993 3683 4139
f 4315 4140 4467
f 4467 4140 4316
f 4140 3996 4316
f 4316 4141 4319
f 4319 4141 4317
f 4141 3997 4317
f 3837 4318 4319
f 4318 3837 4470
f 3999 4142 4471
f 4143 4321 4320
f 4472 4321 4628
f 4628 4321 4322
f 4321 4143 4322
f 4143 4000 4322
f 4000 4144 4322
f 4144 4145 4322
f 4323 4003 4324
f 4003 4146 4324
f 4146 4147 4324
f 4324 4147 4325
f 4147 4148 4325
f 4325 4150 4151
f 730 4151 4326
f 4151 4152 4326
f 4152 4007 4326
f 4007 4153 4326
f 4153 4154 4326
f 4154 4155 4326
f 4155 4157 4326
f 4157 4156 4326
f 4156 4157 4158
f 4158 4154 4010
f 4480 4010 4327
f 4327 4159 4328
f 4159 4160 4328
f 4160 4161 4328
f 4328 4329 729
f 4329 4014 729
f 4014 3858 4330
f 3858 739 4330
f 739 738 4330
f 4330 738 4637
f 4637 738 4163
f 738 739 4163
f 739 4162 4163
f 4163 737 4483
f 737 4164 4483
f 4484 4483 4331
f 4483 4017 4331
f 4017 4165 4331
f 4331 4165 4332
f 4166 4167 4334
f 4167 4168 4334
f 4169 4336 4335
f 3869 4170 4336
f 4170 4171 4336
f 4171 4172 4336
f 4336 4172 4337
f 4172 4173 4337
f 4173 4019 4337
f 4019 4174 4337
f 4337 4174 4338
f 4175 4020 4338
f 736 4022 4340
f 4493 4340 4494
f 4494 4340 4341
f 4340 4023 4341
f 4023 4176 4341
f 4176 4177 4495
f 4177 4178 4495
f 4495 4178 4342
f 4342 741 4498
f 741 4179 4498
f 4498 4179 728
f 728 4180 4343
f 4180 4181 4343
f 4343 4182 4499
f 4499 4182 4344
f 4346 4345 4501
f 4346 4501 4347
f 4501 4500 4347
f 4500 4344 4347
f 4344 4183 4347
f 4183 4184 4347
f 4184 4031 4347
f 4031 4185 4347
f 4186 4187 4185
f 4185 4187 4656
f 4187 4188 4656
f 4188 4189 4656
f 4656 4189 4348
f 4189 4034 4348
f 4034 4190 4348
f 4348 4035 4349
f 4035 4350 4349
f 4351 4037 4504
f 4504 4037 4352
f 4352 4191 4353
f 4353 4191 4354
f 4191 4037 4354
f 4037 4192 4354
f 4193 4194 4192
f 4194 4355 4192
f 4355 4195 4507
f 4195 4198 4507
f 4198 4197 4507
f 4507 4197 4663
f 4197 4357 4663
f 4663 4357 4508
f 4508 4357 4664
f 4356 4668 4357
f 4668 4664 4357
f 4357 4196 4510
f 4196 4357 726
f 4357 4197 726
f 4197 4198 726
f 4198 4512 726
f 4358 726 4512
f 4512 4198 4359
f 4198 4199 4359
f 4513 4199 4514
f 4514 4199 4515
f 4199 4041 4515
f 4041 4042 4515
f 4042 3891 4515
f 4515 3891 4360
f 4360 4044 4670
f 4361 4200 4362
f 4517 4362 4363
f 4363 4362 4364
f 4362 4200 4364
f 4045 4201 4364
f 4364 4201 4365
f 4201 4202 4365
f 4521 4365 4522
f 4524 4523 4366
f 4366 4204 4525
f 4525 4204 4367
f 4367 4205 4526
f 4526 4205 4527
f 4205 4206 4527
f 4206 750 4527
f 4527 4207 4368
f 4207 4208 4368
f 4208 4209 4368
f 4368 4209 4369
f 4369 4210 4531
f 4210 4054 4531
f 4054 4532 4531
f 4532 4211 4533
f 4370 4212 4534
f 4535 4534 4212
f 4212 4055 718
f 4055 3907 718
f 3907 4213 718
f 4214 4215 4213
f 4213 4215 4537
f 4215 4216 4537
f 4216 4217 4537
f 4537 4217 4371
f 4217 735 4371
f 4371 735 4219
f 735 4218 4219
f 4220 734 4372
f 4372 734 4542
f 4542 734 4373
f 734 4220 4373
f 4220 4374 4373
f 4221 4224 4374
f 4374 4224 4543
f 4224 4222 4543
f 4543 4222 4375
f 4375 4222 4376
f 4376 4222 4226
f 4222 4223 4226
f 4223 4225 4226
f 4544 4226 4377
f 4377 4226 4378
f 4378 4226 4379
f 4226 4227 4379
f 4380 4228 4381
f 4228 4379 4381
f 4379 4066 4381
f 4066 4229 4381
f 4381 4230 4382
f 4382 4230 4383
f 4383 4230 4385
f 4385 4230 4547
f 4547 4230 4548
f 4230 4231 4548
f 4548 4231 4386
f 4386 4232 4387
f 4232 4233 4387
f 4701 4387 4549
f 4387 4234 4549
f 4234 4071 4549
f 4549 4071 4388
f 4388 4235 4389
f 4235 4236 4389
f 4236 4390 4389
f 4390 4237 4391
f 4391 4392 733
f 733 4392 4552
f 4552 4392 4553
f 4553 4392 4706
f 4392 4391 4393
f 4391 4394 4393
f 4394 4238 4395
f 4238 4077 4395
f 4395 732 4396
f 4396 732 4557
f 732 4239 4557
f 4239 4240 4557
f 4240 4241 4398
f 4241 4242 4399
f 4242 4400 4399
f 4399 4400 4560
f 4400 4243 4401
f 4243 4244 4401
f 4710 4564 4565
f 4565 4564 4402
f 4564 4245 4402
f 4245 4085 4402
f 4085 4246 4402
f 4246 4247 4402
f 4402 4247 4403
f 4403 4247 4249
f 4247 4246 4249
f 4246 4248 4249
f 4249 4087 4404
f 4404 4250 4405
f 4405 4250 4406
f 4406 4250 4407
f 4250 4251 4407
f 4407 4251 4408
f 4408 4410 4409
f 4718 4409 4410
f 4410 4252 4570
f 4720 4570 4411
f 4570 4252 4411
f 4252 4253 4411
f 4411 4253 4412
f 4412 4253 4571
f 4253 4254 4571
f 4254 4255 4571
f 4256 4257 4255
f 4258 4259 4257
f 4257 4259 4413
f 4413 4259 4572
f 4572 4259 4722
f 4722 4259 4414
f 4259 4260 4414
f 4260 4262 4414
f 4262 4261 4414
f 4573 4261 4415
f 4261 4262 4415
f 4577 4096 4419
f 4419 4263 4725
f 4263 4098 4725
f 4725 4098 4420
f 4098 4264 4420
f 4264 4265 4420
f 4099 4100 4580
f 4100 4266 4580
f 4580 4266 4728
f 4728 4266 4581
f 4581 4266 4267
f 4267 4268 4731
f 4582 4731 4583
f 4731 731 4583
f 4584 4583 4585
f 4583 731 4585
f 4105 4269 4586
f 4586 4269 4106
f 4106 4270 4421
f 4270 4108 4421
f 4421 4108 4422
f 4422 4271 4736
f 4271 744 4423
f 4589 4272 4424
f 4424 4272 4590
f 4272 4110 4590
f 4425 4273 4426
f 4273 4111 4426
f 4426 4111 4427
f 4428 4112 4429
f 4429 4274 4430
f 4274 4115 4275
f 4275 4276 4431
f 4431 4276 4432
f 4276 4117 4432
f 4117 4277 4432
f 4596 4433 4434
f 4433 4278 4434
f 4278 4279 4434
f 4434 4280 4435
f 4598 3977 4436
f 4436 4121 4437
f 4438 4121 4600
f 4121 4281 4600
f 4600 4281 4601
f 4281 4282 4601
f 4601 4125 4439
f 4125 4283 4439
f 4439 4283 4440
f 4283 4284 4440
f 4284 4285 4440
f 4285 4126 4441
f 4126 4286 4441
f 4441 4286 4602
f 4286 4287 4602
f 4602 4287 4442
f 4442 4287 4443
f 4443 4287 4444
f 4603 4444 4445
f 4446 4445 4447
f 4447 4445 4448
f 4445 4288 4448
f 4289 4451 4450
f 4290 4292 4749
f 4453 4294 4454
f 4454 4294 4609
f 4294 4293 4609
f 4293 4295 4609
f 4295 4455 4609
f 4455 4296 4456
f 4456 4296 4754
f 4297 4127 4296
f 4127 4613 4296
f 4613 4298 4756
f 4756 4298 4457
f 4458 4130 4759
f 4130 4299 4759
f 4300 4301 4759
f 4615 4301 4459
f 4460 3988 4616
f 4302 4303 4617
f 4617 4303 4461
f 4303 4304 4461
f 4304 4305 4461
f 4620 4308 4621
f 4621 4308 4463
f 4463 4308 4464
f 4308 4309 4464
f 4309 4310 4464
f 4310 4311 4464
f 4465 4311 4623
f 4311 4312 4623
f 4768 4312 4466
f 4312 4313 4466
f 4313 4138 4466
f 4138 3993 4466
f 3993 4314 4466
f 4139 4315 4314
f 4314 4315 4467
f 4625 4467 4626
f 4467 4316 4626
f 4626 4316 4319
f 4468 4319 4318
f 4470 3999 4471
f 4143 4320 4142
f 4320 4321 4142
f 4142 4321 4472
f 4322 4003 4628
f 4003 4323 4628
f 4628 4323 4324
f 4324 4325 4629
f 4325 4151 4629
f 4629 4151 730
f 4326 4156 730
f 4156 4158 730
f 4475 4473 4476
f 4476 4473 4477
f 4478 4477 4479
f 4477 4473 4479
f 730 4158 4473
f 4634 4158 4480
f 4158 4010 4480
f 4480 4327 4635
f 4327 4328 4635
f 4635 4328 729
f 4636 4481 4637
f 4481 729 4637
f 729 4014 4637
f 4014 4330 4637
f 4637 4163 4482
f 4482 4163 4483
f 4483 4484 4638
f 4638 4484 4485
f 4484 4331 4485
f 4485 4331 4486
f 4331 4332 4486
f 4332 4166 4486
f 4166 4333 4486
f 4486 4333 4487
f 4166 4334 4780
f 4780 4334 4488
f 4334 4168 4488
f 4168 4335 4488
f 4488 4335 4489
f 4335 4336 4489
f 4489 4336 4490
f 4336 4337 4490
f 4337 4491 4490
f 4337 4338 4491
f 4491 4338 4492
f 4338 4020 4492
f 4020 4339 4492
f 4339 4340 4492
f 4492 4340 4493
f 4496 4495 4497
f 4495 4342 4497
f 4497 4342 4496
f 4496 4342 4498
f 4498 728 4650
f 728 727 4650
f 727 4792 4650
f 4792 727 721
f 727 728 721
f 728 4343 721
f 721 4343 4499
f 4499 4344 4652
f 4344 4500 4652
f 4501 4653 4500
f 4653 4501 4797
f 4501 4345 720
f 4345 4346 720
f 720 4346 4502
f 4346 4347 4502
f 4347 4185 4502
f 4656 4348 4503
f 4348 4349 4503
f 4349 4350 4503
f 4503 4350 4657
f 4350 4351 4657
f 4657 4351 4504
f 4352 4353 4504
f 4504 4353 4658
f 4353 4505 4658
f 4658 4505 4659
f 4801 4659 4505
f 4505 4661 4660
f 4661 4505 4662
f 4505 4353 4662
f 4662 4353 4506
f 4353 4354 4506
f 4192 4355 4354
f 4354 4355 4507
f 4664 4668 4509
f 4509 4668 4666
f 4806 4668 4510
f 4668 4356 4510
f 4356 4357 4510
f 4196 726 4510
f 4510 726 4809
f 726 4358 4809
f 4512 4359 4513
f 4359 4199 4513
f 4515 4360 4514
f 4514 4360 4669
f 4670 4361 4516
f 4361 4362 4516
f 4516 4362 4517
f 4672 4517 4518
f 4518 4517 4363
f 4519 4363 4520
f 4364 4365 4521
f 4522 4203 4523
f 4366 4525 4524
f 4525 4367 4526
f 4818 4527 4528
f 4528 4527 4529
f 4527 4368 4529
f 4368 4369 4529
f 4529 4369 4530
f 4369 4531 4530
f 4531 4679 4677
f 4679 4531 4532
f 4970 4532 4680
f 4532 4533 4680
f 4533 4211 4534
f 4211 4370 4534
f 4830 4536 718
f 4536 4535 718
f 4535 4212 718
f 718 4213 4688
f 4688 4213 4537
f 4537 4371 4689
f 4538 4689 4371
f 4371 4219 4539
f 4219 4372 4539
f 4539 4372 4540
f 4540 4372 4693
f 4693 4372 4541
f 4541 4372 4542
f 4542 4373 4543
f 4373 4374 4543
f 4375 4376 4835
f 4835 4376 4544
f 4376 4226 4544
f 4544 4377 4696
f 4696 4377 4545
f 4377 4378 4545
f 4378 4379 4545
f 4379 4228 4545
f 4228 4380 4383
f 4380 4381 4383
f 4381 4382 4383
f 4385 4384 4383
f 4383 4384 4546
f 4384 4385 4546
f 4546 4385 4547
f 4548 4386 4699
f 4386 4387 4699
f 4699 4387 4701
f 4550 4388 4702
f 4388 4389 4702
f 4389 4390 4702
f 4390 4391 4702
f 4391 733 4702
f 4702 733 4551
f 733 4552 4551
f 4706 4392 4554
f 4392 4393 4554
f 4393 4394 4554
f 4554 4394 724
f 4394 4395 724
f 4395 4396 724
f 4396 725 724
f 4847 724 4555
f 724 725 4555
f 4555 725 4556
f 725 4396 4556
f 4396 4557 4556
f 4240 4397 4557
f 4557 4397 4558
f 4397 4240 4558
f 4558 4240 4559
f 4240 4398 4559
f 4398 4241 4559
f 4241 4399 4559
f 4399 4560 4559
f 4559 4560 4709
f 4560 4400 4561
f 4562 4561 4400
f 4400 4401 4563
f 4563 4401 4564
f 4565 4402 4566
f 4402 4403 4566
f 4566 4403 4567
f 4403 4249 4567
f 4249 4404 4567
f 4404 4405 4567
f 4567 4405 4712
f 4405 4713 4712
f 4405 4406 4713
f 4714 4406 4715
f 4715 4406 4568
f 4568 4406 4717
f 4406 4407 4717
f 4717 4407 4409
f 4407 4408 4409
f 4569 4409 4718
f 4718 4410 4570
f 4720 4411 4412
f 4255 4257 4571
f 4257 4413 4571
f 4571 4413 4572
f 4572 4722 4721
f 4722 4414 4573
f 4414 4261 4573
f 4573 4415 4574
f 4415 4416 4574
f 4416 4417 4574
f 4574 4418 4575
f 4575 4418 4576
f 4418 4577 4576
f 4577 4419 4578
f 4727 4725 4579
f 4725 4420 4579
f 4420 4265 4579
f 4869 4580 4728
f 4581 4267 4731
f 4732 4583 4584
f 4585 4105 4733
f 4733 4105 4586
f 4586 4106 4587
f 4106 4421 4587
f 4587 4421 4588
f 4421 4422 4736
f 4736 4271 4737
f 4271 4423 4737
f 4423 4589 4737
f 4589 4424 4590
f 4590 4425 4591
f 4425 4426 4591
f 4591 4426 4592
f 4426 4427 4592
f 4592 4427 4593
f 4427 3962 4593
f 3962 4428 4593
f 4593 4428 4594
f 4428 4429 4594
f 4594 4429 4595
f 4429 4430 4595
f 4595 4430 4431
f 4430 4274 4431
f 4274 4275 4431
f 4432 4277 4596
f 4277 4433 4596
f 4596 4434 4597
f 4434 4435 4597
f 4597 4435 4598
f 4435 4280 4598
f 4598 4436 4740
f 4879 4436 4599
f 4436 4437 4599
f 4121 4438 4437
f 4601 4439 4742
f 4742 4439 4743
f 4439 4440 4743
f 4285 4441 4440
f 4440 4441 4602
f 4602 4442 4881
f 4745 4443 4603
f 4443 4444 4603
f 4603 4445 4604
f 4445 4446 4604
f 4446 4447 4604
f 4447 4448 4604
f 4604 4448 4605
f 4448 4288 4605
f 4288 4449 4747
f 4449 4289 4747
f 4747 4289 4606
f 4289 4450 4606
f 4450 4451 4606
f 4606 4451 4607
f 4451 4290 4607
f 4749 4292 4608
f 4292 4452 4608
f 4608 4452 4887
f 4887 4452 4453
f 4453 4454 4751
f 4610 4610 4611
f 4610 4609 4611
f 4609 4455 4611
f 4455 4456 4611
f 4754 4296 4612
f 4296 4613 4612
f 4756 4457 4757
f 4757 4457 4614
f 4457 4458 4614
f 4759 4301 4615
f 4459 4460 4760
f 4616 4134 4617
f 4134 4302 4617
f 4617 4461 4618
f 4461 4305 4618
f 4305 4462 4618
f 4618 4462 4619
f 4462 4307 4619
f 4619 4307 4620
f 4621 4463 4763
f 4763 4463 4622
f 4622 4463 4311
f 4463 4464 4311
f 4311 4465 5035
f 4767 4465 4623
f 4623 4312 4904
f 4312 4768 4904
f 4768 4466 4905
f 4466 4314 4624
f 4624 4314 4905
f 4905 4314 4769
f 4769 4314 4625
f 4314 4467 4625
f 4907 4625 4626
f 4626 4319 4907
f 4319 4468 4907
f 4468 4469 4907
f 4469 4468 4627
f 4468 4318 4627
f 4318 4470 4627
f 4627 4470 4471
f 4471 4142 4770
f 4142 4472 4770
f 5046 4770 4628
f 4770 4472 4628
f 4629 730 4910
f 4910 730 4474
f 730 4473 4474
f 4473 4475 4474
f 4474 4475 4630
f 4630 4475 4631
f 4475 4476 4631
f 4631 4476 4476
f 4476 4476 4632
f 4476 4477 4632
f 4477 4478 4632
f 4632 4478 4772
f 4478 4479 4772
f 4772 4479 4633
f 4479 4473 4633
f 4633 4473 4158
f 4634 4480 4635
f 729 4481 4635
f 4481 4636 4635
f 4482 4483 4638
f 4638 4485 4639
f 4485 4486 4639
f 4486 4487 4639
f 4166 723 4333
f 4333 723 5052
f 5052 723 4640
f 723 4166 4780
f 4922 4780 4781
f 4781 4780 4783
f 4780 4488 4783
f 4783 4488 4489
f 4490 4491 4489
f 4491 4492 4641
f 4641 4492 4642
f 4492 722 4642
f 4642 722 4643
f 722 4492 4493
f 4494 4341 4645
f 4646 4645 4647
f 4645 4341 4647
f 4341 4176 4647
f 4647 4176 4648
f 4176 4495 4648
f 4495 4496 4648
f 4648 4496 4788
f 4496 4498 4649
f 4498 4650 4649
f 4650 4790 4651
f 4790 4650 4792
f 4792 721 4499
f 4652 4500 4653
f 4501 720 4797
f 4654 4797 719
f 4797 720 719
f 719 720 4798
f 4798 720 4655
f 4655 720 4656
f 720 4502 4656
f 4502 4185 4656
f 4656 4503 4657
f 4946 4657 4504
f 4658 4659 4800
f 4801 4505 4660
f 4662 4506 4663
f 4506 4354 4663
f 4354 4507 4663
f 4508 4664 4663
f 4509 4666 4664
f 4666 4668 4805
f 4510 4511 4806
f 4511 4510 4809
f 4809 4358 4810
f 4512 4513 4358
f 4513 4514 4955
f 4812 4669 4670
f 4669 4360 4670
f 4670 4516 4813
f 4516 4517 4813
f 4813 4517 4671
f 4671 4517 4672
f 4959 4958 4672
f 4672 4518 4673
f 4518 4363 4673
f 4363 4519 4673
f 4673 4519 4674
f 4519 4520 4674
f 4674 4520 4675
f 4520 4363 4675
f 4363 4364 4675
f 4364 4521 4675
f 4521 4522 4675
f 4522 4523 4675
f 4523 4524 4675
f 4675 4524 4818
f 4524 4525 4818
f 4525 4526 4818
f 4526 4527 4818
f 4528 4529 4676
f 4529 4530 4677
f 4530 4531 4677
f 4820 4677 4678
f 4823 4678 4679
f 4678 4677 4679
f 4679 4532 4970
f 4681 4680 4682
f 4680 4533 4682
f 4533 4534 4682
f 4682 4534 4824
f 4534 4535 4824
f 4535 4536 4824
f 4536 4683 4824
f 4683 4536 4684
f 4536 4685 4684
f 4685 4536 4830
f 4830 718 4686
f 4686 718 4687
f 4687 718 4688
f 4688 4537 4831
f 4537 4689 4832
f 4538 4974 4689
f 4974 4538 4690
f 4538 4371 4690
f 4371 4539 4690
f 4690 4692 4691
f 4690 4539 4692
f 4539 4540 4692
f 4540 4693 4692
f 4693 4541 4694
f 4541 4542 4694
f 4694 4542 4833
f 4542 4543 4833
f 4543 4375 4833
f 4833 4375 711
f 4375 4835 711
f 4835 4544 4695
f 4544 4696 4836
f 4696 4545 4838
f 4838 4545 4697
f 4697 4545 4228
f 4228 4383 4840
f 4840 4383 4546
f 4546 4547 4699
f 4547 4548 4699
f 4700 4699 4701
f 4701 4549 4981
f 4549 4388 4703
f 4388 4550 4703
f 4550 4702 4703
f 4983 4703 4704
f 4846 710 4705
f 710 4704 4705
f 4704 4703 4705
f 4703 4702 4705
f 4702 4551 4705
f 4551 4552 4705
f 4552 4553 4705
f 4706 4554 724
f 4847 4555 5145
f 5145 4555 4849
f 4555 4556 4849
f 4556 4557 4707
f 4707 4557 4851
f 4557 4558 4851
f 4851 4558 4708
f 4708 4558 4854
f 4558 4559 4854
f 4559 4709 4854
f 4709 4560 4994
f 4560 4561 4994
f 4994 4561 4710
f 4561 4562 4710
f 4562 4400 4710
f 4400 4563 4710
f 4563 4564 4710
f 4710 4565 4711
f 4711 4565 4856
f 4856 4565 4712
f 4565 4566 4712
f 4566 4567 4712
f 4712 717 4997
f 4997 717 4713
f 717 4712 4713
f 4713 4406 4714
f 4715 4568 4716
f 4716 4568 4717
f 4409 4569 4717
f 4717 4569 4859
f 4859 4569 4718
f 4718 4570 4719
f 4719 4570 4860
f 4570 4720 4860
f 4720 716 4860
f 4860 716 4861
f 4720 4412 4721
f 4412 4571 4721
f 4571 4572 4721
f 4722 4573 4723
f 4573 4574 4723
f 4574 4575 4723
f 4576 4577 4864
f 4864 4577 4724
f 4724 4577 4725
f 4577 4578 4725
f 4578 4419 4725
f 4725 4727 4726
f 4727 4579 5010
f 4579 4099 5010
f 4099 4580 4869
f 4729 4728 4730
f 4728 4581 4730
f 4581 4731 4730
f 4731 4582 4732
f 4582 4583 4732
f 4732 4584 4733
f 4584 4585 4733
f 4875 4586 4734
f 4734 4586 4735
f 4586 4587 4735
f 4587 4588 4735
f 4735 4588 4736
f 4588 4421 4736
f 4737 4589 4738
f 4589 4590 4738
f 4738 4590 4739
f 4590 4591 4739
f 4591 4592 4739
f 4592 4593 4739
f 4739 4593 4594
f 4595 4431 4594
f 4431 4432 4594
f 4432 4596 4594
f 4597 4598 4740
f 4740 4436 4879
f 4437 4438 4599
f 4599 4438 4741
f 4438 4600 4741
f 4741 4600 4742
f 4600 4601 4742
f 4742 4743 4880
f 4743 4440 4744
f 4440 4602 4744
f 4744 4602 5015
f 5015 4602 4881
f 4881 4442 4745
f 4442 4443 4745
f 4745 4603 4746
f 4603 4604 4746
f 4746 4604 4605
f 4605 4288 4747
f 4747 4606 4886
f 4606 4607 5019
f 5019 4607 4748
f 4607 4290 4748
f 4748 4290 4749
f 4750 4749 5020
f 4749 4608 5020
f 5020 4608 4887
f 4887 4453 4751
f 4751 4454 4888
f 4888 4454 4752
f 4454 4609 4752
f 4609 4610 4752
f 4752 4610 4753
f 4610 4610 4753
f 4753 4610 4890
f 4610 4611 4890
f 4611 4456 4890
f 4456 4754 4890
f 4754 4612 4755
f 4612 4613 4755
f 4755 4613 4756
f 4757 4614 4759
f 4614 4458 4759
f 4759 4615 4760
f 4615 4459 4760
f 4760 4460 4761
f 4460 4616 4761
f 4616 4617 4761
f 4761 4617 4899
f 4617 4900 4899
f 4900 4617 4901
f 4617 4618 4901
f 4618 4619 4762
f 4619 4620 4762
f 4762 4620 4763
f 4620 4621 4763
f 4764 4763 4765
f 4763 4622 4765
f 4765 4622 4766
f 4622 4311 5035
f 5035 4465 5036
f 5039 4465 4767
f 4767 4623 4904
f 4466 4624 4905
f 4769 4625 4907
f 4907 4469 5045
f 5045 4469 5182
f 4469 4627 4471
f 4770 5046 4771
f 5046 4628 4910
f 4628 4324 4910
f 4324 4629 4910
f 4474 4630 5049
f 5049 4630 4911
f 4630 4631 4912
f 4631 4476 4912
f 4476 4632 4912
f 4632 4772 4912
f 4633 4158 4772
f 4158 4634 4772
f 4772 4634 4914
f 4634 4635 4773
f 4635 4636 4773
f 4636 4637 4773
f 709 4773 4482
f 4773 4637 4482
f 4916 4482 4774
f 4482 4638 4774
f 4638 4639 4774
f 4639 4487 4774
f 4487 4333 5052
f 5052 4640 715
f 4775 715 4776
f 4776 715 4777
f 715 4640 4777
f 4777 4640 4778
f 4778 4640 723
f 723 4780 4779
f 4924 4781 4782
f 4782 4781 4783
f 4927 4783 4489
f 4489 4491 4784
f 4491 4641 4784
f 4641 4642 4784
f 722 4493 4643
f 4493 4644 4643
f 4493 4494 4644
f 4785 4786 4644
f 4494 4645 4787
f 4645 4646 4787
f 4787 4646 4934
f 4934 4646 4935
f 4935 4646 4788
f 4646 4647 4788
f 4647 4648 4788
f 4788 4496 4789
f 4496 4649 4789
f 4649 4650 4789
f 4650 4651 4789
f 4789 4651 5068
f 5068 4651 4790
f 4937 4790 4791
f 4791 4790 4943
f 4790 4792 4943
f 4943 4792 4944
f 4792 4499 4793
f 4793 4499 4794
f 4499 4652 4794
f 4794 4652 4795
f 4652 4653 4795
f 4795 4653 4945
f 4945 4653 4796
f 4653 4797 4796
f 707 4796 4797
f 4654 719 4798
f 4798 4655 4799
f 4656 4657 4655
f 4655 4657 4946
f 4504 4658 4946
f 4658 4800 4946
f 4801 4660 4802
f 4661 5095 4660
f 5095 4661 4803
f 4803 4661 4804
f 4661 4662 4804
f 4662 4663 4804
f 4663 4664 4804
f 4664 4665 4804
f 4664 4666 4665
f 4665 4666 4947
f 4666 4667 4947
f 4947 4667 4949
f 4667 4666 4805
f 4805 4668 4806
f 4806 4808 714
f 5230 4807 4951
f 4807 714 5102
f 5102 714 4808
f 5236 4808 4952
f 4808 4806 4952
f 4806 4511 4952
f 4952 4511 4809
f 4810 4358 4954
f 4954 4358 4955
f 4358 4513 4955
f 4955 4514 4956
f 4956 4514 4812
f 4514 4669 4812
f 4812 4670 4813
f 4813 4671 4814
f 4671 4672 4814
f 4672 4958 4814
f 4959 4672 4815
f 4672 4673 4815
f 4815 4673 4674
f 4816 4674 4817
f 4674 4675 4817
f 4817 4675 4818
f 4818 4528 4963
f 4963 4528 4819
f 4528 4676 4819
f 4676 4529 4819
f 4529 713 4819
f 4819 713 4820
f 713 4529 4820
f 4529 4677 4820
f 4820 4678 4821
f 4821 4678 4822
f 4822 4678 4967
f 4967 4678 4823
f 4969 4823 4970
f 4823 4679 4970
f 4970 4680 4681
f 4681 4682 5117
f 5117 4682 5118
f 5118 4682 4824
f 4824 4683 4825
f 4825 4683 4826
f 4826 4683 4685
f 4683 4684 4685
f 4685 4827 4828
f 4685 4830 4827
f 4827 4830 4829
f 4830 4686 4973
f 4686 4687 4973
f 4687 4688 4973
f 4973 4688 4831
f 4831 4537 5260
f 4537 4832 5260
f 4832 4689 4974
f 4974 4690 4691
f 4691 4692 712
f 5130 712 4833
f 712 4692 4833
f 4692 4693 4833
f 4693 4694 4833
f 4976 711 4834
f 5136 4834 4835
f 4834 711 4835
f 4835 4695 5410
f 4544 4836 4695
f 4836 4696 4837
f 4696 4838 4837
f 4838 4697 4839
f 4839 4697 4840
f 4697 4228 4840
f 4546 4698 4840
f 4840 4698 4841
f 4698 4546 4842
f 4546 4699 4842
f 4699 4700 4842
f 4979 4842 4843
f 4842 4700 4843
f 4700 4701 4843
f 4843 4701 4981
f 4982 4549 4983
f 4549 4703 4983
f 4983 4704 706
f 706 4704 4985
f 4704 710 4985
f 710 4845 4985
f 4844 4985 4845
f 4845 710 4846
f 4705 4553 4846
f 4846 4553 4988
f 4988 4553 4847
f 4553 4706 4847
f 4706 724 4847
f 4848 5145 4849
f 4849 4556 4850
f 4850 4556 4989
f 4989 4556 4990
f 4556 4707 4990
f 4852 4851 4853
f 4853 4851 4854
f 4851 4708 4854
f 4854 4709 4993
f 4993 4709 4994
f 4994 4710 4711
f 4855 4711 4856
f 4856 4712 4997
f 5153 4997 4998
f 4997 4713 4998
f 4998 4713 4857
f 4857 4713 4858
f 4713 4714 4858
f 4714 4715 4858
f 4858 4715 5001
f 5001 4715 4716
f 4716 4717 4859
f 5003 4859 4860
f 4859 4718 4860
f 4718 4719 4860
f 4861 716 4862
f 4862 716 5006
f 716 4720 5006
f 4720 4721 5006
f 5006 4721 4863
f 4721 4722 4863
f 4723 4575 4722
f 4575 4576 4722
f 4722 4576 4864
f 4864 4724 5007
f 4724 4725 5008
f 5008 4725 4865
f 4725 4726 4865
f 4726 4727 4865
f 4865 4727 4866
f 4866 4727 4867
f 4869 4728 4729
f 5163 4729 4870
f 4729 4730 4870
f 4730 4871 4870
f 4870 4871 4872
f 4872 4871 4871
f 4871 4871 4873
f 4871 4730 4873
f 4730 4731 4873
f 4731 4732 4873
f 4873 4732 4874
f 4733 4586 4875
f 4875 4734 4876
f 4734 4735 4876
f 4876 4735 4877
f 4735 4736 4877
f 4736 4737 4877
f 4737 4738 4877
f 4877 4738 4878
f 4738 4739 4878
f 4739 4594 4878
f 4594 4596 4878
f 4878 4596 5165
f 5165 4596 4879
f 4596 4597 4879
f 4597 4740 4879
f 4879 4599 5302
f 5302 4599 4741
f 4741 4742 4880
f 5015 4881 5016
f 4881 4745 4882
f 4882 4745 5017
f 4745 4746 5017
f 5017 4746 5304
f 5304 4746 4883
f 4746 4605 4883
f 4605 4884 4883
f 4605 4747 4884
f 5019 4748 4750
f 4748 4749 4750
f 4887 4751 4888
f 5021 4752 4889
f 4752 4753 4889
f 4753 4890 4889
f 4890 4754 4889
f 4889 4754 4891
f 4754 4755 4891
f 4891 4755 4892
f 4755 4756 4892
f 4756 4757 4892
f 4892 4757 5025
f 4757 4759 5026
f 5026 4759 4893
f 4759 4758 4893
f 4893 4758 4894
f 4894 4758 4895
f 4895 4758 4896
f 4896 4758 4897
f 4897 4758 4898
f 4758 4759 4898
f 4759 4760 4898
f 4760 4761 4898
f 4901 4618 703
f 4618 4762 703
f 703 4762 4902
f 4762 4763 4902
f 4763 4764 4902
f 4764 4765 4902
f 4765 4766 4902
f 4766 4622 5035
f 5036 4465 4903
f 4465 5039 4903
f 4767 4904 5040
f 5180 4904 4905
f 4904 4768 4905
f 4905 4769 4906
f 5458 4907 5045
f 5182 4469 4908
f 4469 4471 4908
f 4471 4770 4908
f 4770 4771 4908
f 4771 4909 4908
f 4771 5046 4909
f 4910 4474 5183
f 4630 4912 4911
f 4912 4772 4913
f 4913 4772 4914
f 4914 4634 4915
f 4634 4773 4915
f 4773 709 4915
f 709 708 4915
f 708 709 5050
f 709 4482 5050
f 5050 4482 4916
f 4916 4774 4917
f 4774 4487 4917
f 4917 4487 5051
f 5051 4487 5052
f 5052 715 5185
f 5185 715 5186
f 715 4775 5186
f 4775 4776 4918
f 4776 4777 5054
f 4777 4778 5054
f 4779 4780 4920
f 4780 4922 4920
f 4922 4921 4920
f 5057 4922 5058
f 4922 4781 5058
f 5058 4781 4923
f 4923 4781 4924
f 5059 4924 5060
f 5060 4924 4925
f 4924 4782 4925
f 4925 4782 4926
f 4926 4782 4783
f 5061 4783 4927
f 5067 4927 4928
f 4927 4489 4928
f 4489 4784 4928
f 4928 4784 4642
f 4643 4644 4642
f 4642 4644 4929
f 4644 4786 4929
f 4929 4786 4930
f 4786 4785 4930
f 4930 4785 4931
f 4785 4644 4931
f 4644 4494 4931
f 4494 4787 4931
f 4931 4787 4932
f 4932 4787 4933
f 4787 4934 4933
f 4936 4935 4788
f 4788 4789 5068
f 5068 4790 5069
f 5069 4790 4937
f 5072 4939 5075
f 5076 4940 705
f 4940 4938 705
f 705 4938 4941
f 4941 4938 4943
f 4938 4937 4943
f 4937 4791 4943
f 5079 5077 4942
f 4944 4792 5080
f 4792 4793 5080
f 5080 4793 5082
f 4793 5083 5082
f 5083 4793 4794
f 4795 4945 4794
f 4796 707 5084
f 4797 4654 707
f 4654 4798 707
f 707 4798 5085
f 4798 4799 5085
f 5085 4799 5087
f 4799 4655 4946
f 4946 4800 5091
f 4800 4659 5091
f 4659 4801 5091
f 5091 4801 5093
f 4802 5094 4801
f 5094 4660 5095
f 4803 4804 4665
f 5096 4947 4948
f 4947 4949 4948
f 4949 4667 4950
f 4950 4667 4806
f 4667 4805 4806
f 4806 714 5230
f 714 4807 5230
f 4951 4807 5102
f 5102 4808 5104
f 4808 5236 5104
f 4952 4809 4953
f 4809 4810 4953
f 4810 4811 4953
f 4811 4810 4954
f 4956 4812 4957
f 4812 4813 4957
f 4957 4813 5107
f 4813 4814 5107
f 4814 4958 5107
f 4958 4959 5240
f 700 5240 4959
f 4959 4815 4960
f 4815 4962 4960
f 4961 4960 4962
f 4815 4674 4962
f 4674 4816 4962
f 4962 4816 5112
f 5112 4816 4963
f 4816 4817 4963
f 4817 4818 4963
f 4963 4819 4964
f 4964 4819 4965
f 4819 4820 4965
f 4965 4820 5250
f 4820 4821 5250
f 4822 4966 4821
f 4966 4822 4967
f 4967 4823 5115
f 5115 4823 4968
f 4968 4823 4969
f 4970 4681 5117
f 5118 4824 5119
f 4824 4825 5119
f 5119 4825 5121
f 5121 4825 5122
f 4825 4826 5122
f 4826 4685 5122
f 5122 4685 4971
f 4685 4828 4971
f 4828 4827 5123
f 5123 4827 5124
f 4827 4829 4972
f 4829 4830 4972
f 4830 4973 4972
f 4973 4831 5260
f 5260 4832 5127
f 4832 4974 5127
f 5128 5127 4974
f 4974 4691 5128
f 5128 4691 4975
f 4975 4691 5130
f 4691 712 5130
f 5130 4833 4976
f 4833 711 4976
f 4976 4834 5134
f 4834 5136 5134
f 5136 4835 5410
f 4695 4836 5410
f 5410 4836 5137
f 4836 4837 5137
f 4837 4838 5137
f 5137 4838 4977
f 4838 4839 4977
f 5272 4977 4978
f 4977 4839 4978
f 4839 4840 4978
f 4840 4841 4978
f 4841 4698 4978
f 4978 4698 4979
f 4698 4842 4979
f 4980 4843 4981
f 4981 4549 4982
f 4983 706 4984
f 4984 706 5273
f 5273 706 5142
f 5142 706 4985
f 4985 4844 4986
f 4986 4844 4987
f 4844 4845 4987
f 4987 4845 4988
f 4845 4846 4988
f 5145 4848 5146
f 4848 4849 5146
f 5146 4849 5279
f 4849 4850 5279
f 5279 4850 4989
f 5147 4989 4990
f 4990 4707 4991
f 4707 4851 4991
f 4851 4852 4991
f 4852 4992 4991
f 4852 4853 4992
f 4853 4854 4992
f 4992 4854 4993
f 699 4993 4994
f 4994 4711 5148
f 4711 4855 5148
f 4855 4856 5148
f 5148 4856 4996
f 4856 4997 4996
f 5152 4995 4996
f 5155 5291 5154
f 5154 4998 4999
f 4998 4857 4999
f 4999 4857 5000
f 5000 4857 5001
f 4857 4858 5001
f 5001 4716 5157
f 4716 5002 5157
f 4716 4859 5002
f 5002 4859 5003
f 5158 5003 5004
f 5003 4860 5004
f 4860 4861 5004
f 5004 4861 5005
f 5005 4861 5006
f 4861 4862 5006
f 4863 4722 5007
f 4722 4864 5007
f 5299 5007 5008
f 5007 4724 5008
f 5008 4865 4866
f 4866 4867 5009
f 4727 5010 4867
f 5010 4868 5009
f 5160 4868 5011
f 5011 4868 5161
f 5161 4868 5162
f 4868 5010 5162
f 5010 4099 5162
f 4099 4869 5162
f 5011 5162 5012
f 5162 4869 5012
f 4869 4729 5012
f 4729 5163 5012
f 5163 4870 5013
f 4870 4872 5013
f 4872 4871 5013
f 4871 4873 5013
f 5013 4873 5014
f 4873 4874 5014
f 4874 4732 5014
f 5014 4732 4876
f 4732 4733 4876
f 4733 4875 4876
f 4876 4877 5164
f 4877 4878 5164
f 5301 5164 4878
f 5165 4879 5302
f 5302 4741 5166
f 4741 4880 5166
f 5166 4880 5015
f 4880 4743 5015
f 4743 4744 5015
f 4881 4882 5016
f 5016 4882 5017
f 4883 4884 5304
f 4884 4885 5304
f 4884 4747 4885
f 4747 4886 4885
f 4885 4886 5018
f 4886 4606 5018
f 4606 5019 5018
f 5019 4750 5020
f 5020 4887 4888
f 4888 4752 5021
f 4889 4891 5022
f 5022 4891 5023
f 4891 4892 5023
f 5025 4757 5026
f 4893 4894 5026
f 4894 4895 5026
f 4895 4896 5026
f 4896 4897 5026
f 5026 4897 5027
f 4897 4898 5027
f 4898 4761 5027
f 4761 4899 5027
f 4899 4900 5027
f 5027 4900 5028
f 5028 5029 5176
f 5176 5029 5030
f 5031 5030 5032
f 5030 5029 5032
f 5029 5028 5032
f 5028 4900 5032
f 5032 4900 5033
f 5033 4900 703
f 4900 4901 703
f 703 4902 5034
f 4902 4766 5034
f 5034 4766 5035
f 5037 5036 5038
f 5036 4903 5038
f 5039 4767 5040
f 5040 4904 5041
f 5041 4904 5180
f 5180 4905 5042
f 4905 4906 5042
f 4906 4769 5042
f 5042 4769 5043
f 5043 4769 5044
f 4769 4907 5044
f 4907 5458 5044
f 5045 5182 5318
f 4908 4909 5182
f 4909 5319 5182
f 5319 4909 5320
f 5320 4909 5046
f 5322 5046 5183
f 5046 4910 5183
f 5183 4474 5047
f 4474 5049 5047
f 5047 5049 5048
f 5049 4911 5325
f 5325 4911 4913
f 4911 4912 4913
f 4913 4914 708
f 4914 4915 708
f 5050 4916 4917
f 5186 4775 5329
f 4775 4918 5329
f 5330 4918 5053
f 4918 4776 5053
f 4776 4919 5053
f 5053 4919 5054
f 4919 4776 5054
f 5054 4778 5055
f 4778 723 5055
f 723 4779 5055
f 4779 4920 5056
f 4920 4921 5056
f 5056 4921 5189
f 5189 4921 5057
f 4921 4922 5057
f 5058 4923 5059
f 4923 4924 5059
f 5060 4925 5192
f 4925 4926 5192
f 5192 4926 5194
f 4783 5061 4926
f 5061 4927 5062
f 5062 4927 5063
f 5063 4927 5064
f 5064 5065 5338
f 5064 4927 5065
f 4927 5067 5065
f 4928 4642 5067
f 5067 4642 4932
f 4642 4929 4932
f 4929 4930 4932
f 4930 4931 4932
f 4933 4934 5203
f 4934 4935 5203
f 5203 4935 702
f 4935 4936 5068
f 4936 4788 5068
f 5069 4937 5070
f 4937 4938 5070
f 5070 4938 5071
f 4938 4940 5071
f 4940 4939 5071
f 5071 4939 5208
f 4939 5072 5208
f 5212 5074 5213
f 5074 5073 5213
f 5213 5073 5075
f 5073 5072 5075
f 4939 4940 5075
f 5075 4940 5076
f 705 4941 5077
f 4941 4943 5077
f 4943 4942 5077
f 5078 5215 5357
f 5215 5077 5357
f 5357 5077 5079
f 5079 4942 4943
f 4944 5080 4943
f 5081 5080 5082
f 5218 5083 4945
f 5083 4794 4945
f 4796 5084 4945
f 5084 707 5085
f 5085 5086 5362
f 5086 5085 5087
f 5088 5087 5089
f 5087 4799 5089
f 4799 4946 5090
f 5090 4946 5091
f 5091 5093 5092
f 5093 4801 5094
f 4802 4660 5094
f 5095 4803 5228
f 4803 4665 5228
f 4665 4947 5228
f 4947 5096 5228
f 5098 5097 4948
f 5097 5096 4948
f 4948 4949 5099
f 5099 4949 5230
f 4949 4950 5230
f 4950 4806 5230
f 5230 4951 5100
f 5100 4951 5374
f 5374 4951 5101
f 5101 4951 5102
f 5234 5102 5103
f 5103 5102 5104
f 5236 4952 5105
f 4952 4953 5105
f 5105 4953 4811
f 5238 4811 5106
f 4811 4954 5106
f 4954 4955 5106
f 4955 4956 5106
f 4956 4957 5106
f 4957 5107 5106
f 5107 4958 5240
f 4959 4960 700
f 700 4960 5108
f 4960 4961 5108
f 5108 4961 5109
f 5109 4961 5110
f 4961 4962 5110
f 4962 5112 5110
f 5110 5112 5111
f 4963 5113 5112
f 4963 4964 5113
f 5249 5113 4964
f 4964 4965 5250
f 5250 4821 5114
f 4821 4966 5114
f 4966 4967 5114
f 4967 5115 5251
f 5115 4968 5254
f 4968 4969 5254
f 5254 4969 5116
f 5116 4969 5117
f 4969 4970 5117
f 5120 5119 5121
f 5258 4971 5123
f 4971 4828 5123
f 5124 4827 5259
f 5259 4827 5125
f 4827 4972 5125
f 4972 4973 5125
f 5125 4973 5260
f 5401 5260 5126
f 5126 5260 5261
f 5260 5127 5261
f 5128 4975 5129
f 5404 5129 5264
f 4975 5130 5129
f 5130 4976 5131
f 5131 4976 5264
f 5133 5132 5267
f 5267 5132 5134
f 5132 5264 5134
f 5264 4976 5134
f 5134 5136 5135
f 5411 5410 5137
f 5137 4977 5270
f 5270 4977 5138
f 5138 4977 5272
f 5272 4978 5413
f 5413 4978 5139
f 5139 4978 5141
f 4978 4979 5141
f 4843 4980 4979
f 4979 4980 5140
f 4980 4981 5140
f 4981 4982 5273
f 4982 4983 5273
f 4983 4984 5273
f 5142 4985 5274
f 4985 4986 5274
f 5276 4986 5143
f 4986 4987 5143
f 5143 4987 5144
f 4987 4988 5144
f 4988 4847 5144
f 5144 4847 5145
f 5147 4990 4991
f 4991 4992 5281
f 699 4994 5284
f 4994 5148 5284
f 5148 4996 5149
f 4996 4995 5150
f 5150 4995 704
f 4995 5151 704
f 5429 704 5431
f 5431 704 5151
f 5151 4995 5152
f 5152 4996 5153
f 4996 4997 5153
f 691 5153 5154
f 5153 4998 5154
f 5291 5155 5432
f 4999 5156 5154
f 5000 5001 4999
f 4999 5001 5156
f 5156 5001 5292
f 5292 5001 5157
f 5002 5003 5158
f 5004 5005 5159
f 5159 5005 5296
f 5005 5006 5296
f 5006 4863 5296
f 4863 5007 5297
f 5007 5299 5297
f 5438 5299 4866
f 5299 5008 4866
f 4867 5010 5009
f 5011 5012 5163
f 5163 5013 5300
f 5300 5013 5014
f 4876 5164 5014
f 5300 5014 5164
f 5301 4878 5165
f 5166 5015 5167
f 5015 5016 5167
f 5167 5016 5303
f 5303 5016 5304
f 5016 5017 5304
f 5304 4885 5021
f 4885 5018 5021
f 5018 5019 5021
f 5019 5020 5021
f 5020 4888 5021
f 5021 4889 5168
f 5168 4889 5022
f 5023 4892 5022
f 4892 5024 5022
f 5024 4892 5169
f 4892 5025 5169
f 5169 5025 5170
f 5170 5025 5171
f 5171 5025 5172
f 5025 5026 5172
f 5172 5026 5173
f 5026 5027 5173
f 5173 5027 5174
f 5174 5027 5175
f 5175 5027 5176
f 5027 5028 5176
f 5030 5031 5176
f 5031 5032 5176
f 5032 5033 5176
f 5176 5033 5177
f 5177 5033 5178
f 5033 703 5178
f 703 5311 5178
f 5312 5311 5179
f 5311 703 5179
f 703 5034 5179
f 5034 5035 5179
f 5035 5036 5179
f 5036 5037 5179
f 5179 5037 5451
f 5037 5038 5451
f 5038 4903 5451
f 4903 5039 5316
f 5316 5039 5456
f 5039 5040 5456
f 5040 5041 5180
f 5180 5042 5181
f 5042 5043 5181
f 5181 5043 5043
f 5043 5044 5043
f 5043 5044 5458
f 5458 5045 5318
f 5320 5046 5321
f 5321 5046 5322
f 5183 5047 5323
f 5047 5048 5325
f 5048 5049 5325
f 5325 4913 5326
f 5326 4913 5327
f 4913 708 5327
f 708 5050 5327
f 5327 5050 5184
f 5050 4917 5184
f 4917 5051 5184
f 5051 5052 5184
f 5184 5052 5461
f 5052 5185 5461
f 5330 5053 5187
f 5053 5054 5187
f 5187 5054 5188
f 5188 5054 5056
f 5054 5055 5056
f 5055 4779 5056
f 5056 5189 5188
f 5188 5189 5333
f 5333 5189 5335
f 5189 5057 5190
f 5057 5058 5190
f 5058 5059 5190
f 5190 5059 5191
f 5059 5060 5191
f 5060 5192 5191
f 5193 5192 5194
f 5194 4926 5195
f 5195 4926 5196
f 4926 5061 5196
f 5196 5061 5197
f 5197 5061 5063
f 5061 5062 5063
f 5063 5064 5337
f 5337 5064 5198
f 5198 5064 5338
f 5338 5065 5199
f 5065 5066 5199
f 5199 5066 5340
f 5340 5066 5341
f 5341 5066 5200
f 5200 5066 5201
f 5066 5065 5201
f 5065 5067 5201
f 5067 4932 5201
f 4932 4933 5201
f 5201 4933 5202
f 5202 4933 5203
f 5342 5203 5204
f 5203 702 5204
f 702 4935 5205
f 4935 5068 5205
f 5068 5069 5205
f 5069 5070 5205
f 5070 701 5205
f 5070 5071 701
f 701 5071 5206
f 5071 5208 5206
f 5206 5208 5207
f 5208 5072 5209
f 5072 5073 5209
f 5073 5074 5209
f 5209 5074 5210
f 5074 5212 5210
f 5212 5211 5210
f 5213 5075 5214
f 5214 5075 5215
f 5075 5076 5215
f 5076 705 5215
f 705 5077 5215
f 5215 5078 5216
f 5216 5078 5356
f 5356 5078 5217
f 5217 5078 5357
f 5079 4943 5357
f 4943 5080 5357
f 5080 5081 5357
f 5081 5082 5357
f 5082 5083 5357
f 5357 5083 5218
f 4945 5084 5219
f 5084 5359 5219
f 5359 5084 5360
f 5360 5084 5362
f 5084 5085 5362
f 5362 5086 5220
f 5086 5087 5220
f 5087 5088 5220
f 5221 5088 5223
f 5088 5089 5223
f 5089 4799 5365
f 4799 5090 5365
f 5090 5091 5224
f 5091 5092 5224
f 5092 5093 5225
f 5093 5094 5226
f 5226 5094 5227
f 5227 5094 5228
f 5094 5095 5228
f 5228 5494 5370
f 5495 5494 5229
f 5494 5228 5229
f 5228 5096 5229
f 5096 5097 5229
f 5097 5098 5371
f 5371 5098 5372
f 5098 4948 5372
f 4948 5099 5372
f 5372 5099 5373
f 5373 5099 5230
f 5100 5374 5230
f 5375 5101 5231
f 5231 5101 5233
f 5233 5101 5234
f 5101 5102 5234
f 5103 5104 5235
f 5507 5235 5236
f 5235 5104 5236
f 5236 5105 5237
f 5237 5105 5378
f 5378 5105 5379
f 5105 4811 5379
f 5238 5106 5239
f 5106 5107 5239
f 5239 5107 5240
f 700 5108 5381
f 5108 5109 5241
f 5241 5109 5384
f 5109 5110 5384
f 5110 5111 5242
f 5245 5243 5386
f 5386 5243 5246
f 5243 5242 5246
f 5246 5242 5247
f 5247 5242 5248
f 5242 5111 5248
f 5111 5112 5248
f 5112 5113 5248
f 5113 5249 5248
f 5249 4964 5250
f 5250 5114 5387
f 5387 5114 696
f 5114 4967 5388
f 5388 4967 5251
f 5252 5251 5253
f 5251 5115 5253
f 5253 5115 5254
f 5254 5116 695
f 695 5116 5393
f 5116 5117 5393
f 5393 5117 694
f 5117 5118 694
f 694 5118 5255
f 5118 5119 5255
f 5119 5120 5255
f 5120 5256 5255
f 5120 5257 5256
f 5257 5120 693
f 5120 5121 693
f 5121 5122 5258
f 5122 4971 5258
f 5258 5123 5397
f 5123 5124 5259
f 5259 5125 5400
f 5400 5125 5260
f 5402 5401 5261
f 5401 5126 5261
f 5261 5127 5262
f 5403 5127 5263
f 5127 5128 5263
f 5128 5129 5263
f 5129 5404 5263
f 5129 5130 5264
f 5130 5131 5264
f 5265 5264 5132
f 5132 5133 5405
f 5133 5267 5405
f 5405 5267 5266
f 5267 5134 5268
f 5134 5135 5268
f 5135 5136 5268
f 5268 5136 5410
f 5411 5137 5269
f 5269 5137 5270
f 5270 5138 5412
f 5138 5272 5271
f 5414 5413 5141
f 5413 5139 5141
f 5141 4979 5140
f 5140 4981 5273
f 5273 5142 5416
f 5142 5274 5416
f 5274 4986 5417
f 5417 4986 5275
f 4986 5276 5275
f 5143 5144 5419
f 5419 5144 5277
f 5144 5145 5277
f 5145 5146 5277
f 5146 5279 5277
f 5277 5279 5278
f 5279 4989 5280
f 4989 5147 5280
f 5280 5147 5422
f 5422 5147 5281
f 5147 4991 5281
f 5281 4992 5282
f 5282 4992 5283
f 4992 4993 5283
f 4993 699 5283
f 5283 699 5284
f 5284 5148 5285
f 5148 5149 5285
f 5149 4996 5285
f 5287 5286 5288
f 5286 5285 5288
f 5285 4996 5288
f 5288 4996 5289
f 4996 5150 5289
f 5150 704 5289
f 5289 704 5428
f 5428 704 5429
f 5431 5151 691
f 5151 5152 691
f 5152 5153 691
f 5290 691 5291
f 691 5154 5291
f 5432 5155 5156
f 5155 5154 5156
f 5433 5156 5292
f 5157 5002 5292
f 5293 5292 5294
f 5292 5002 5294
f 5002 5158 5294
f 5294 5158 5295
f 5158 5004 5295
f 5004 5159 5295
f 5159 5296 5295
f 5296 4863 5297
f 5297 5299 5298
f 4866 5009 5438
f 5009 4868 5438
f 4868 5160 5438
f 5160 5011 5439
f 5161 5162 5011
f 5011 5163 5439
f 5439 5163 5300
f 5164 5301 5300
f 5301 5165 5302
f 5302 5166 5167
f 5304 5021 5305
f 5021 5168 5306
f 5168 5022 5306
f 5022 5024 5306
f 5024 5169 5306
f 5306 5169 5171
f 5169 5170 5171
f 5170 5171 5171
f 5171 5172 5171
f 5172 5173 5171
f 5173 5174 5307
f 5174 5175 5307
f 5175 5176 5307
f 5307 5176 5308
f 5308 5176 5309
f 5309 5176 5310
f 5176 5177 5310
f 5177 5178 5310
f 5178 5311 5310
f 5310 5311 5312
f 5314 5451 5315
f 5451 4903 5315
f 5315 4903 5316
f 5456 5040 5317
f 5040 5180 5317
f 5180 5181 5317
f 5181 5043 5317
f 5043 5458 5317
f 5318 5182 5319
f 5677 5320 5321
f 5322 5183 5323
f 5323 5047 5324
f 5460 5325 5326
f 5461 5185 5328
f 5328 5185 5329
f 5185 5186 5329
f 5329 4918 5330
f 5330 5187 5332
f 5334 5333 5335
f 5335 5189 5463
f 5189 5190 5463
f 5463 5190 5336
f 5190 5191 5336
f 5191 5192 5336
f 5192 5193 5336
f 5336 5193 5464
f 5193 5194 5464
f 5464 5194 5576
f 5576 5194 5465
f 5194 5195 5465
f 5195 5196 5465
f 5197 5063 5196
f 5063 5337 5196
f 5337 5198 5467
f 5467 5198 5338
f 5338 5199 5339
f 5339 5199 5340
f 5578 5200 5201
f 5201 5202 5472
f 5472 5202 5342
f 5202 5203 5342
f 5342 5204 5474
f 5204 702 5474
f 5474 702 5343
f 702 5205 5343
f 5205 701 5343
f 701 5206 5343
f 5343 5206 5344
f 5206 5476 5344
f 5476 5206 5345
f 5206 5207 5345
f 5207 5208 5345
f 5345 5208 5210
f 5208 5209 5210
f 5210 5211 5348
f 5348 5211 698
f 5211 697 698
f 698 5350 5349
f 5350 698 5351
f 5478 698 5586
f 5586 698 5479
f 5479 698 5480
f 698 697 5480
f 5480 697 5352
f 697 5211 5352
f 5211 5212 5352
f 5212 5213 5352
f 5213 5214 5352
f 5352 5214 5353
f 5214 5215 5353
f 5354 5353 5355
f 5215 5216 5353
f 5216 5356 5353
f 5357 5218 5484
f 5218 4945 5484
f 4945 5219 5484
f 5219 5359 5484
f 5362 5361 5360
f 5362 5220 5363
f 5363 5220 5364
f 5220 5088 5364
f 5088 5221 5364
f 5221 5223 5364
f 5223 5222 5364
f 5222 5486 5364
f 5486 5222 688
f 5222 5223 688
f 5223 5489 688
f 5223 5089 5489
f 5089 5365 5489
f 5490 5365 5491
f 5365 5090 5491
f 5491 5090 5366
f 5090 5224 5366
f 5224 5092 5367
f 5092 5225 5367
f 5225 5093 5367
f 5093 5226 5367
f 5367 5226 5368
f 5368 5226 5369
f 5226 5227 5369
f 5227 5228 5370
f 5370 5494 5493
f 5495 5229 5497
f 5229 5097 5497
f 5498 5097 5499
f 5097 5371 5499
f 5373 5230 5374
f 5374 5101 5375
f 5375 5231 5377
f 5231 5233 5232
f 5233 5234 5232
f 5232 5234 5235
f 5234 5103 5235
f 5507 5236 5378
f 5236 5237 5378
f 5379 4811 5508
f 4811 5238 5508
f 5510 5238 5380
f 5238 5239 5380
f 5239 5240 5380
f 5380 5240 5381
f 5240 700 5381
f 5381 5108 5382
f 5108 5241 5382
f 5384 5110 5385
f 5110 5242 5385
f 5385 5242 5243
f 5243 5245 5626
f 5245 5244 686
f 5244 5245 5386
f 5246 5247 5386
f 5247 5248 5386
f 5248 5249 5386
f 5249 5250 5386
f 5386 5250 5387
f 5387 696 5388
f 696 5114 5388
f 5388 5251 5518
f 5518 5251 5389
f 5389 5251 5390
f 5251 5252 5390
f 5390 5252 5521
f 5521 5252 5391
f 5391 5252 679
f 5252 5253 679
f 5253 5254 679
f 679 5254 5634
f 5254 695 5634
f 695 5392 5634
f 5392 695 5393
f 694 5395 5393
f 5395 694 5396
f 694 5255 5396
f 5255 5256 5396
f 5256 5257 5396
f 5257 693 5753
f 693 5121 5397
f 5121 5258 5397
f 5397 5123 5645
f 5645 5123 5646
f 5646 5123 5398
f 5398 5123 5399
f 5123 5259 5399
f 5399 5259 5400
f 5400 5260 5401
f 5400 5401 5402
f 5261 5262 5402
f 5262 5127 5402
f 5127 5403 5402
f 5403 5263 5404
f 5404 5264 5265
f 5265 5132 5405
f 5532 5406 5407
f 5406 5405 5407
f 5405 5266 5407
f 5266 5267 5407
f 5408 5407 5653
f 5653 5407 5409
f 5407 5267 5409
f 5267 5268 5409
f 5409 5268 5533
f 5268 5410 5533
f 5269 5270 5656
f 5656 5270 5535
f 5535 5270 5412
f 5138 5271 5537
f 5271 5272 5537
f 5537 5272 5413
f 5141 5140 5414
f 5414 5140 5415
f 5140 5273 5415
f 5415 5273 5416
f 5416 5274 5538
f 5538 5274 5417
f 5417 5275 5418
f 5418 5275 5419
f 5275 5276 5419
f 5276 5143 5419
f 5277 5278 5419
f 5420 5419 5421
f 5419 5278 5421
f 5278 5279 5421
f 5279 5280 5421
f 5421 5280 5422
f 5422 5281 5423
f 5281 692 5423
f 5423 692 5424
f 5424 692 5542
f 5542 692 5425
f 5425 692 5426
f 692 5281 5426
f 5281 5282 5426
f 5282 5283 5426
f 5283 5284 5426
f 5284 5285 5426
f 5285 5286 5426
f 5426 5286 5427
f 5427 5286 5544
f 5286 5287 5544
f 5545 5544 5428
f 5544 5287 5428
f 5287 5288 5428
f 5288 5289 5428
f 5429 5431 5430
f 691 690 5431
f 5431 690 5290
f 690 691 5290
f 5290 5291 5549
f 5432 5156 5550
f 5550 5156 5433
f 5433 5292 5434
f 5292 5293 5434
f 5293 5294 5435
f 5294 5295 5435
f 5295 5296 5436
f 5296 5297 5436
f 5297 5298 5436
f 5436 5298 5437
f 5298 5299 5437
f 5437 5299 5438
f 5438 5160 5439
f 5439 5300 5557
f 5558 5557 5300
f 5300 5301 5440
f 5440 5301 5441
f 5441 5301 5442
f 5301 5302 5442
f 5302 5167 5442
f 5167 5443 5442
f 5167 5303 5443
f 5443 5303 5673
f 5303 5304 5673
f 5673 5304 5560
f 5560 5304 5444
f 5304 5305 5444
f 5305 5021 5444
f 5021 5306 5444
f 5306 5171 5444
f 5171 5173 5444
f 5444 5173 5445
f 5173 5307 5445
f 5307 5308 5445
f 5445 5308 5309
f 5310 5312 5446
f 5446 5312 5447
f 5447 5312 5448
f 5448 5312 5449
f 5312 5313 5449
f 5449 5313 5450
f 5312 5179 5313
f 5313 5179 5451
f 5451 5314 5452
f 5452 5314 5453
f 5453 5314 5564
f 5315 5316 5314
f 5314 5316 5454
f 5316 5456 5454
f 5454 5456 5455
f 5456 5317 5457
f 5317 5458 5457
f 5458 5318 5788
f 5319 5320 5677
f 5677 5321 5567
f 5567 5321 5568
f 5321 5322 5568
f 5322 5323 5568
f 5568 5323 5459
f 5323 5324 5459
f 5324 5047 5459
f 5047 5325 5459
f 5459 5325 5569
f 5569 5325 5460
f 5460 5326 5570
f 5326 5327 5570
f 5327 5184 5461
f 5680 5461 5571
f 5461 5328 5571
f 5328 5329 5571
f 5571 5329 5462
f 5329 5330 5462
f 5330 5331 5462
f 5331 5330 5572
f 5330 5332 5572
f 5187 5188 5332
f 5188 5333 5332
f 5333 5334 5332
f 5334 5335 5463
f 5577 5576 5465
f 5465 5196 5466
f 5196 5337 5466
f 5466 5337 5467
f 5467 5338 5468
f 5468 5338 5688
f 5338 5339 5688
f 5339 5340 5688
f 5340 5469 5688
f 5340 5341 5469
f 5469 5341 5470
f 5200 5578 5470
f 5471 5578 5201
f 5472 5342 5473
f 5473 5342 5474
f 5474 5343 5344
f 5475 5344 5476
f 5476 5345 5346
f 5345 5210 5346
f 5210 5347 5346
f 5347 5210 5348
f 5348 698 5582
f 698 5349 5582
f 5349 5350 5583
f 5585 5583 5477
f 5583 5350 5477
f 5477 5350 5703
f 5350 5351 5478
f 5351 698 5478
f 5704 5586 5587
f 5586 5479 5587
f 5588 5479 681
f 5479 5480 681
f 5589 5480 5481
f 5480 5352 5481
f 5352 5353 5481
f 5481 5353 5354
f 5354 5355 5482
f 5482 5355 5483
f 5355 5353 5483
f 5353 5356 5483
f 5356 5217 5483
f 5483 5217 5592
f 5217 5357 5592
f 5357 5358 5592
f 5358 5357 5484
f 5708 5484 5594
f 5484 5359 5594
f 5594 5359 5485
f 5359 5360 5485
f 5360 5361 5485
f 5361 5362 5485
f 5362 5363 5485
f 5485 5363 5595
f 5595 5363 5709
f 5363 5364 5709
f 5364 5486 5709
f 688 689 5486
f 5486 689 5487
f 5597 5487 5488
f 5488 5487 5600
f 5487 689 5600
f 689 688 5600
f 5600 688 5489
f 5489 5365 5490
f 5719 5492 5720
f 5492 5491 5720
f 5602 5720 5491
f 5224 5367 5366
f 5367 5368 5366
f 5368 5369 5722
f 5369 5227 5493
f 5227 5370 5493
f 5724 5496 5497
f 5496 5495 5497
f 5606 5497 5607
f 5607 5497 5498
f 5497 5097 5498
f 5499 5371 5608
f 5608 5371 5500
f 5500 5371 5609
f 5371 5372 5609
f 5372 5373 5501
f 5373 5374 5501
f 5374 5375 5501
f 5375 5376 5501
f 5501 5376 5502
f 5502 5376 5610
f 5376 5375 5503
f 5375 5377 5503
f 5377 5231 5503
f 5614 5504 5505
f 5504 5232 5505
f 5232 5235 5505
f 5505 5235 5506
f 5506 5235 5507
f 5507 5378 5509
f 5378 5379 5509
f 5379 5508 5509
f 5508 5238 5510
f 5510 5380 5512
f 5380 5381 5512
f 5512 5381 5619
f 5619 5381 5513
f 5381 5382 5513
f 5382 5241 5513
f 5241 5383 5513
f 5383 5241 5514
f 5241 5384 5514
f 5514 5384 687
f 5384 5385 687
f 687 5385 5626
f 5385 5243 5626
f 5743 5516 5629
f 5629 5516 5630
f 5516 686 5630
f 686 5244 5630
f 5244 5386 5630
f 5386 5387 5630
f 5387 5388 5630
f 5630 5388 5517
f 5388 5518 5517
f 5518 5389 5519
f 5389 5390 5519
f 5519 5390 5520
f 5520 5390 5521
f 5521 5391 5632
f 5632 5391 5633
f 5633 5391 5522
f 5522 5391 679
f 5634 5392 677
f 5392 5393 677
f 5393 5395 677
f 5395 5394 677
f 5394 685 677
f 677 685 5748
f 5748 685 5523
f 5523 685 5638
f 685 5394 5638
f 5394 5395 5638
f 5638 5395 5524
f 5395 5396 5524
f 5396 5640 5524
f 5396 5257 5640
f 5640 5257 5642
f 5257 5753 5642
f 5643 5753 693
f 693 5397 5645
f 5400 5402 5649
f 5649 5402 5525
f 5402 5403 5525
f 5525 5403 5526
f 5403 5404 5526
f 5526 5404 5527
f 5404 5265 5527
f 5265 5405 5527
f 5405 5406 5527
f 5406 5528 5527
f 676 5528 5529
f 5529 5528 5531
f 5528 5406 5531
f 5406 5532 5531
f 5407 5408 5532
f 5408 5653 5532
f 5533 5410 5534
f 5410 5411 5534
f 5411 5269 5656
f 5535 5412 5536
f 5412 5138 5536
f 5536 5138 5537
f 5537 5413 5657
f 5413 5414 5657
f 5414 5415 5658
f 5658 5415 5538
f 5415 5416 5538
f 5659 5538 5539
f 5538 5417 5539
f 5417 684 5539
f 5539 684 5660
f 5660 684 5662
f 684 5417 5662
f 5417 5418 5662
f 5418 5419 5662
f 5419 683 5662
f 5662 682 5778
f 5778 682 5540
f 682 5662 5540
f 5662 683 5540
f 683 5419 5540
f 5419 5420 5540
f 5540 5420 5664
f 5420 5421 5664
f 5421 5422 5781
f 5781 5422 5541
f 5422 5665 5541
f 5665 5422 5666
f 5422 5423 5666
f 5423 5424 5666
f 5424 5542 5666
f 5667 5542 5543
f 5542 5425 5543
f 5425 5426 5543
f 5426 5427 5543
f 5543 5427 5544
f 5428 5429 5545
f 5429 5546 5545
f 5547 5545 5546
f 5546 5429 5548
f 5429 5430 5548
f 5430 5431 5548
f 5431 5290 5548
f 5549 5291 5550
f 5291 5432 5550
f 5551 5550 5552
f 5552 5550 5553
f 5550 5433 5553
f 5553 5433 5554
f 5433 5434 5554
f 5434 5293 5554
f 5293 5435 5554
f 5435 5295 5555
f 5295 5436 5555
f 5436 5437 5555
f 5555 5437 5556
f 5437 5438 5556
f 5438 5439 5556
f 5556 5439 5557
f 5558 5300 5559
f 5300 5440 5559
f 5441 5442 5673
f 5442 5443 5673
f 5444 5445 5560
f 5445 5309 5560
f 5560 5309 5561
f 5309 5310 5561
f 5310 5446 5561
f 5446 5447 5561
f 5447 5448 5561
f 5448 5449 5561
f 5449 5450 5561
f 5561 5450 5562
f 5450 5313 5562
f 5313 5451 5562
f 5451 5452 5562
f 5562 5452 5563
f 5452 5453 5563
f 5563 5453 5564
f 5564 5314 5565
f 5314 5454 5565
f 5454 5455 5566
f 5455 5456 5566
f 5566 5456 5676
f 5456 5457 5676
f 5457 5458 5788
f 5788 5318 5789
f 5319 5677 5318
f 5568 5459 5569
f 5679 5460 5570
f 5570 5327 5680
f 5327 5461 5680
f 5571 5462 5331
f 5573 5572 5794
f 5572 5332 5794
f 5794 5332 5574
f 5332 5575 5574
f 5684 5575 5334
f 5575 5332 5334
f 5334 5463 5796
f 5685 5463 5464
f 5463 5336 5464
f 5465 5466 5577
f 5466 5467 5687
f 5467 5468 5687
f 5688 5469 5689
f 5797 5469 5798
f 5469 5470 5798
f 5341 5200 5470
f 5691 5470 5578
f 5579 5578 5693
f 5578 5471 5693
f 5471 5201 5693
f 5201 5472 5693
f 5693 5472 5694
f 5694 5472 5695
f 5695 5472 5580
f 5472 5473 5580
f 5473 5474 5580
f 5580 5474 5800
f 5474 5344 5800
f 5800 5344 5581
f 5344 5475 5581
f 5581 5475 5697
f 5697 5475 5346
f 5475 5476 5346
f 5346 5347 5582
f 5347 5348 5582
f 5583 5585 5584
f 5701 5585 5702
f 5585 5477 5702
f 5702 5477 5703
f 5703 5350 5704
f 5350 5478 5704
f 5704 5478 5586
f 5704 5587 5705
f 5587 5479 5705
f 5588 681 5706
f 5706 681 5589
f 681 5480 5589
f 5354 5482 5481
f 5481 5482 5590
f 5817 5590 5591
f 5590 5482 5591
f 5482 5483 5591
f 5592 5358 5708
f 5358 5484 5708
f 5593 5708 5594
f 5594 5485 5595
f 5709 5486 5596
f 5486 5487 5596
f 5487 5597 5596
f 5713 5597 5599
f 5597 5488 5599
f 5600 5489 5716
f 5716 5489 5601
f 5489 5490 5601
f 5490 5491 5601
f 5491 5492 5601
f 5601 5492 5717
f 5717 5492 5718
f 5492 5719 5718
f 5834 5719 5720
f 5602 5491 5721
f 5491 5366 5721
f 5603 5722 5604
f 5722 5369 5604
f 5369 5493 5605
f 5493 5494 5605
f 5494 5495 5605
f 5605 5495 5724
f 5495 5496 5724
f 5724 5497 5606
f 672 5607 5728
f 5607 5498 5728
f 5728 5498 5840
f 5729 5498 5730
f 5498 5499 5730
f 5731 5730 5608
f 5730 5499 5608
f 5608 5500 5609
f 5372 5501 5609
f 5501 5502 5609
f 5502 5610 5733
f 5610 5376 5735
f 5376 5503 5735
f 5503 5231 5735
f 5735 5231 5611
f 5231 5232 5611
f 5232 5504 5611
f 5611 5504 5612
f 5612 5504 5613
f 5504 5614 5613
f 5615 5851 5614
f 5851 5613 5614
f 5614 5505 5506
f 5506 5507 5615
f 5615 5507 5616
f 5507 5509 5616
f 5616 5509 5617
f 5509 5508 5617
f 5508 5510 5617
f 5617 5510 5852
f 5510 5511 5852
f 5510 5512 5511
f 5738 5512 5618
f 5512 5619 5618
f 5619 5620 5739
f 5620 5621 5739
f 5623 5739 5622
f 5739 5621 5622
f 5621 5620 5622
f 5620 5619 5622
f 5619 5513 5622
f 5513 5624 5622
f 5623 5622 5624
f 5513 5383 5624
f 5383 5514 5624
f 5624 5514 5515
f 5514 687 5515
f 5515 687 5626
f 5626 5245 5627
f 5245 686 5627
f 5857 680 5859
f 5859 680 5628
f 5628 680 5743
f 680 686 5743
f 686 5516 5743
f 5630 5517 5744
f 5517 5518 5744
f 5744 5518 5746
f 5518 5519 5746
f 5519 5520 5746
f 5520 5521 5746
f 5746 5521 5631
f 5631 5521 5632
f 5633 5522 5748
f 5522 679 5748
f 679 678 5748
f 5748 678 5634
f 678 679 5634
f 5634 677 5748
f 5523 5638 5635
f 5638 5637 5635
f 5635 5637 5636
f 5866 5636 5637
f 5638 5524 5751
f 5751 5524 5639
f 5639 5524 5640
f 5641 5640 5642
f 5643 693 5644
f 5644 693 5645
f 5755 5646 5398
f 5755 5398 5647
f 5647 5398 5648
f 5398 5399 5648
f 5399 5400 5648
f 5648 5400 5649
f 5649 5525 5650
f 5650 5525 5651
f 5756 5651 5757
f 5651 5525 5760
f 5525 5526 5760
f 5760 5526 5652
f 5526 5527 5652
f 5527 5528 5652
f 5528 676 5652
f 676 5529 5530
f 5764 5530 5653
f 5530 5529 5653
f 5529 5531 5653
f 5531 5532 5653
f 5764 5409 5765
f 5765 5409 5654
f 5409 5533 5654
f 5533 5534 5654
f 5534 5411 5654
f 5654 5411 5655
f 5655 5411 5656
f 5766 5656 5882
f 5656 5535 5882
f 5882 5535 674
f 674 5535 5536
f 5771 5536 5657
f 5536 5537 5657
f 5657 5414 5658
f 5884 5658 5772
f 5658 5538 5772
f 5772 5538 5659
f 5660 5662 5661
f 5662 5778 673
f 5778 5540 5663
f 5663 5540 5664
f 5664 5421 5781
f 5891 5665 5666
f 5666 5542 5667
f 5667 5543 5547
f 5543 5544 5547
f 5544 5545 5547
f 5547 5546 5668
f 5668 5546 5669
f 5546 5548 5669
f 5669 5548 5670
f 5548 5290 5670
f 5290 5549 5670
f 5549 5550 5670
f 5550 5551 5670
f 5670 5551 5671
f 5551 5552 5671
f 5552 5553 5671
f 5553 5554 5671
f 5554 5435 5671
f 5435 5555 5671
f 5555 5556 5671
f 5556 5557 5671
f 5671 5557 5558
f 5559 5440 5672
f 5440 5441 5672
f 5441 5673 5672
f 5673 5560 5674
f 5560 5561 5674
f 5561 5562 5674
f 5562 5563 5674
f 5563 5564 5674
f 5564 5565 5674
f 5565 5454 5674
f 5674 5454 5786
f 5786 5454 5787
f 5787 5454 5675
f 5454 5566 5675
f 5676 5457 5788
f 5677 5567 5678
f 5567 5568 5678
f 5568 5569 5678
f 5569 5460 5678
f 5678 5460 5679
f 5679 5570 5791
f 5570 5680 5791
f 5680 5571 5681
f 5571 5331 5681
f 5331 5682 5681
f 5331 5572 5682
f 5682 5572 5899
f 5572 5573 5899
f 5683 5573 5794
f 5900 5574 6024
f 5574 5575 6024
f 5795 5575 5684
f 5684 5334 5796
f 5796 5463 5685
f 5464 5576 5685
f 5685 5576 5577
f 5686 5577 5687
f 5577 5466 5687
f 5687 5468 5688
f 5469 5797 5689
f 5798 5470 5690
f 5470 5691 5690
f 5578 5579 5691
f 5691 5579 5692
f 5694 5695 5914
f 5915 5695 5800
f 5695 5580 5800
f 5800 5581 5696
f 5696 5581 5697
f 5698 5697 5582
f 5697 5346 5582
f 5582 5349 5802
f 5349 5583 5802
f 5583 5584 5803
f 5584 5585 5699
f 5699 5585 5700
f 5700 5585 5809
f 5809 5585 5701
f 5479 5588 5705
f 5705 5588 5706
f 5706 5589 5811
f 5811 5589 5812
f 5812 5589 5816
f 5589 5481 5816
f 5481 5590 5816
f 5816 5590 5817
f 5817 5591 5818
f 5591 5483 5818
f 5483 5592 5818
f 5818 5592 5708
f 5708 5593 5819
f 5593 5594 5819
f 5820 5819 5709
f 5819 5594 5709
f 5594 5595 5709
f 5710 5709 5711
f 5711 5709 5712
f 5709 5596 5712
f 5596 5597 5712
f 5712 5597 5713
f 5713 5599 5714
f 5599 5598 5714
f 5714 5598 5825
f 5825 5598 5715
f 5598 5599 5715
f 5599 5488 5715
f 5488 5600 5826
f 5826 5600 5716
f 5716 5601 5717
f 5832 5719 5834
f 5721 5366 5722
f 5366 5368 5722
f 5722 5603 5723
f 5723 5603 5836
f 5603 5604 5836
f 5604 5369 5836
f 5369 5605 5836
f 5605 5724 5836
f 5724 5606 5725
f 5725 5606 5726
f 5726 5606 5951
f 5606 5607 5951
f 5951 5607 5727
f 5607 672 5727
f 5840 5498 5729
f 5956 5731 5732
f 5731 5608 5732
f 5608 5609 5732
f 5609 5502 5733
f 5845 5733 5734
f 5734 5733 5735
f 5733 5610 5735
f 5612 5613 5736
f 5736 675 5848
f 5848 675 5849
f 5736 5613 675
f 5850 675 5613
f 5614 5506 5615
f 671 5615 5616
f 5616 5617 5737
f 5737 5617 400
f 400 5617 5852
f 5852 5511 5738
f 5511 5512 5738
f 5738 5618 5739
f 5618 5619 5739
f 5623 5624 5740
f 5624 5515 5741
f 5741 5515 5979
f 5515 5625 5979
f 5515 5626 5625
f 5625 5626 5857
f 5626 5627 5857
f 5627 686 5857
f 686 680 5857
f 5858 5857 5859
f 5859 5628 5742
f 5628 5743 5742
f 5743 5629 5744
f 5629 5630 5744
f 5745 5744 5746
f 5746 5631 669
f 5631 5632 669
f 669 5632 5985
f 5632 5633 5985
f 5985 5633 668
f 668 5633 5747
f 5747 5633 5748
f 5748 5523 5749
f 5523 5635 5749
f 5749 5635 5636
f 5866 5637 5750
f 5750 5637 5751
f 5637 5638 5751
f 5751 5639 5990
f 5990 5639 666
f 5639 5640 666
f 5640 5641 666
f 5641 5642 666
f 666 5642 5752
f 5752 5642 5753
f 5753 5643 5754
f 5754 5643 5869
f 5643 5644 5869
f 5869 5644 5870
f 5644 5645 5870
f 5870 5645 5755
f 5645 5646 5755
f 5997 5873 5756
f 5873 5647 5756
f 5647 5648 5756
f 5648 5649 5756
f 5649 5650 5756
f 5650 5651 5756
f 5757 5651 5759
f 5759 5651 5760
f 5760 5652 5758
f 5758 5652 5761
f 5761 5652 5762
f 5652 676 5762
f 676 5530 5762
f 5876 5762 5530
f 6002 5530 5877
f 5877 5530 5763
f 5763 5530 5764
f 5653 5409 5764
f 6130 5654 5766
f 5654 5655 5766
f 5655 5656 5766
f 5882 674 5767
f 5767 674 5769
f 674 5768 5769
f 5769 5768 5770
f 5768 674 5770
f 674 5536 5770
f 5536 5771 5770
f 5771 5657 5884
f 5657 5658 5884
f 5772 5659 5886
f 5659 5539 5886
f 5886 5539 5887
f 5539 5660 5887
f 5660 5773 5887
f 5773 5660 5774
f 5774 5660 5775
f 5660 5661 5775
f 5661 5662 5775
f 5662 673 5775
f 5775 673 5776
f 5776 673 5777
f 5777 673 6011
f 673 5778 6011
f 5889 5778 5890
f 5890 5778 5779
f 5778 5663 5779
f 5779 5663 5780
f 5663 5664 5780
f 5780 5664 5781
f 5541 5665 5891
f 5666 5667 5891
f 5891 5667 5782
f 5667 5547 5782
f 5547 5668 5782
f 5668 5669 5782
f 5669 5670 5782
f 5782 5670 5783
f 5670 5671 5783
f 5783 5671 5784
f 5671 5558 5784
f 5784 5558 5785
f 5558 5559 5785
f 5559 5672 5785
f 5672 5673 5674
f 5675 5566 5787
f 6016 5566 5788
f 5566 5676 5788
f 5789 5318 5790
f 5318 5677 5790
f 5790 5677 5791
f 5677 5678 5791
f 5678 5679 5791
f 5791 5680 5897
f 5897 5680 5792
f 5680 5681 5792
f 5681 5682 5899
f 5899 5573 5793
f 5573 5683 5793
f 5794 5574 5900
f 6024 5575 5795
f 5795 5684 5902
f 5684 5796 5904
f 5905 5796 5906
f 5796 5685 5906
f 5906 5685 5909
f 5685 5577 5909
f 5577 5686 5909
f 5688 5689 5687
f 5687 5689 5797
f 5798 5690 5799
f 5799 5690 5692
f 5690 5691 5692
f 5579 5693 5692
f 5692 5693 5914
f 5693 5694 5914
f 5914 5695 5915
f 5916 5696 5697
f 5697 5698 5801
f 5698 5582 5802
f 5802 5583 5922
f 5922 5583 5803
f 5803 5805 5804
f 5803 5584 5805
f 5584 5699 5805
f 5699 5700 5805
f 5805 5700 6156
f 5700 5808 6156
f 663 5807 6167
f 6167 5807 5931
f 5931 5807 6052
f 6052 5807 5932
f 5807 5806 5932
f 6055 5808 5809
f 5808 5700 5809
f 5701 5702 5933
f 5702 5703 5933
f 5933 5703 5934
f 5934 5703 5810
f 5703 5704 5810
f 5704 5705 5810
f 5810 5705 6059
f 6059 5705 6060
f 5705 5706 6060
f 5706 5707 6060
f 6061 5707 5706
f 5706 5811 5936
f 5938 5811 5812
f 5815 5812 5816
f 5818 5708 5819
f 5820 5709 5821
f 5709 5710 5821
f 5710 5711 5821
f 5821 5711 5822
f 5711 5712 5822
f 5713 5714 5712
f 5712 5714 5941
f 5941 5714 5943
f 5944 5714 5823
f 5714 5825 5823
f 5823 5825 5946
f 5946 5825 5824
f 5825 5715 5826
f 5715 5488 5826
f 5826 5716 5948
f 5716 5949 5948
f 5949 5716 5827
f 5716 5717 5827
f 5717 5718 5827
f 5827 5718 5828
f 5718 5719 5828
f 5828 5719 5829
f 5830 5829 5831
f 5829 5719 5831
f 5831 5719 5832
f 5833 5832 5834
f 5834 5720 5835
f 5720 5602 5835
f 5602 5721 5835
f 5721 5722 5835
f 5722 5723 5835
f 5836 5724 5837
f 5724 5725 5837
f 5725 5726 5837
f 5951 5727 5838
f 5727 672 5838
f 5838 5839 5952
f 5838 672 5839
f 672 5728 5839
f 5728 5840 5839
f 5840 5729 402
f 5954 5841 5842
f 5841 402 5842
f 402 5729 5842
f 5729 5730 5842
f 5842 5730 5843
f 5730 5731 5843
f 5843 5731 5956
f 6083 5956 5957
f 5957 5956 5844
f 5956 5732 5844
f 5732 5609 5844
f 5609 5733 5844
f 5844 5733 5845
f 5959 5845 5960
f 5960 5845 5961
f 5961 5845 5846
f 5845 5734 5846
f 5734 5735 5846
f 5735 5611 5612
f 5612 5736 5847
f 5736 5848 5847
f 5962 5847 5848
f 5848 5849 5963
f 5613 5851 5850
f 5851 5615 5968
f 5615 671 5968
f 5969 671 5970
f 671 5616 5970
f 5616 5737 5970
f 5852 5738 5853
f 5738 5739 5853
f 5853 5739 5974
f 5854 5739 5855
f 5739 5623 5855
f 5623 5740 5855
f 5740 5624 5855
f 5624 5741 5855
f 5741 670 5855
f 5855 670 5856
f 5856 670 5741
f 5979 5625 5857
f 6246 6105 5981
f 5981 6105 5982
f 6105 5859 5982
f 5859 5742 5982
f 5742 5743 5860
f 5860 5743 5984
f 5743 5744 5984
f 5744 5745 5984
f 5745 5746 5984
f 5984 5746 5861
f 5746 669 5861
f 5861 669 5985
f 5863 5862 5864
f 5862 668 5864
f 5864 668 5865
f 668 5747 5865
f 5747 5748 5865
f 5748 667 5865
f 667 5748 5866
f 5748 5749 5866
f 5749 5636 5866
f 5866 5750 5867
f 5750 5751 5867
f 5867 5751 5990
f 5990 666 665
f 5991 665 5868
f 665 666 5868
f 666 5752 5868
f 5752 5753 5868
f 5753 5754 5868
f 5868 5754 5993
f 5993 5754 5994
f 5754 5869 5994
f 5869 5870 5995
f 5870 5755 5871
f 5871 5755 5872
f 5755 5647 5872
f 5872 5647 5873
f 399 5997 5874
f 5874 5997 5875
f 5997 5756 5875
f 5756 5757 5875
f 5757 5758 5875
f 5757 5759 5758
f 5759 5760 5758
f 5761 5762 5876
f 5876 5530 6002
f 6126 6002 5877
f 5877 5763 5878
f 5763 5764 5878
f 5878 5764 5879
f 5764 5765 5879
f 5654 664 5765
f 6004 664 5880
f 5880 664 6130
f 664 5654 6130
f 6130 5766 5881
f 5766 5882 5881
f 5882 5767 5769
f 5769 5770 5883
f 6007 5883 6008
f 5883 5770 6008
f 6008 5770 5884
f 5770 5771 5884
f 5884 5772 5885
f 5885 5772 5886
f 5773 5888 394
f 5773 5774 5888
f 5774 5775 5888
f 5775 5776 5888
f 5776 5777 5888
f 5888 5777 6011
f 6011 5778 5889
f 5779 5780 5890
f 5780 5781 5891
f 5781 5541 5891
f 5891 5782 5892
f 5892 5782 5893
f 5782 5783 5893
f 5893 5783 5894
f 5783 5784 5894
f 5784 5785 5894
f 5785 5672 5894
f 6015 5894 5895
f 5894 5672 5895
f 5672 5674 5895
f 5674 5786 5895
f 5786 5787 6016
f 5787 5566 6016
f 6016 5788 5896
f 5788 5789 5896
f 5789 5790 5896
f 5790 5791 5896
f 5896 5791 5897
f 5792 5681 5898
f 5898 5681 5899
f 6141 5793 6022
f 5793 5683 6022
f 5683 5794 6022
f 6022 5794 5900
f 6024 5795 5901
f 5901 5795 6025
f 6025 5795 5902
f 5902 5684 6026
f 5684 5904 6026
f 5903 6026 5904
f 5904 5796 5905
f 5908 5907 5909
f 5907 5906 5909
f 6030 5686 5910
f 5910 5686 5911
f 5686 5687 5911
f 5911 5687 5912
f 5687 5797 5912
f 5797 5798 5912
f 5912 5798 5913
f 5798 5799 5913
f 5913 5799 6033
f 6033 5799 6034
f 6034 5799 5914
f 5799 5692 5914
f 6034 5914 5915
f 5915 5800 5916
f 5800 5696 5916
f 5918 5917 5919
f 5919 5917 5920
f 6037 5920 5921
f 5920 5917 5921
f 5917 5916 5921
f 5916 5697 5921
f 5697 5801 5921
f 5698 5802 5801
f 5801 5802 5922
f 5803 5804 5922
f 6040 5804 6156
f 5804 5805 6156
f 6156 5808 6157
f 5806 5807 5808
f 5808 5807 5923
f 5807 663 5923
f 663 648 5923
f 648 663 6041
f 6041 636 5924
f 636 649 5924
f 5924 649 5925
f 6042 650 6159
f 6159 650 6043
f 6044 651 6046
f 651 652 6046
f 654 5926 638
f 5926 6047 6302
f 5926 653 655
f 653 654 655
f 655 643 6048
f 656 5927 643
f 5927 657 6163
f 645 658 657
f 6164 657 6165
f 5929 5928 6049
f 5928 659 6049
f 659 660 6049
f 6049 660 5930
f 661 662 5930
f 662 663 5930
f 5930 663 6051
f 6051 663 6167
f 5932 5806 6054
f 6054 5806 6055
f 5806 5808 6055
f 5809 5701 6169
f 6169 5701 6170
f 6170 5701 5933
f 6171 5934 6173
f 6058 5934 5935
f 5934 5810 5935
f 5935 5810 6059
f 5707 6061 6060
f 6061 5706 5936
f 5936 5811 5937
f 5937 5811 5938
f 5938 5812 6182
f 5812 5815 6182
f 5815 5813 6182
f 5813 5814 6182
f 5939 5814 6065
f 5814 5813 6065
f 5813 5815 6065
f 5815 5816 6065
f 5816 5817 6065
f 6065 5817 6066
f 5817 5818 6066
f 5818 5819 6066
f 6066 5819 5940
f 5819 5820 5940
f 5820 5821 5940
f 5940 5821 398
f 5821 5822 398
f 5822 5712 5941
f 5941 5943 6322
f 6322 5943 5942
f 6067 5942 5943
f 5943 5714 5945
f 5945 5714 5944
f 5944 5823 6068
f 5946 5824 5947
f 5824 5825 5947
f 5947 5825 6200
f 6200 5825 5948
f 5825 5826 5948
f 5949 5827 5828
f 5828 5829 5830
f 5830 5831 6073
f 6073 5831 5832
f 5832 5833 6074
f 5834 5835 5833
f 5835 5723 5833
f 5723 5836 5950
f 5836 5837 5950
f 5837 5726 5951
f 6075 5951 5838
f 5838 5952 6075
f 5839 5840 5952
f 5840 402 5952
f 402 6079 5952
f 6079 402 5953
f 402 5841 5953
f 5841 5954 6081
f 5842 5843 5955
f 5957 5844 5958
f 5844 5845 5958
f 5845 5959 5958
f 6090 5961 5962
f 5961 5846 5962
f 5846 5735 5962
f 5735 5612 5962
f 5612 5847 5962
f 5962 5848 5963
f 5963 5849 5964
f 5849 675 5964
f 675 5965 5964
f 5964 5965 5966
f 5966 5965 401
f 5965 675 401
f 675 5850 401
f 5850 5851 401
f 5851 5968 401
f 5967 401 6238
f 6238 401 5968
f 5970 5737 5971
f 5737 400 5971
f 5971 400 5972
f 5972 400 5973
f 400 5852 5973
f 5973 5852 5974
f 5852 5853 5974
f 5739 5854 5974
f 5854 5855 5975
f 5975 5855 5976
f 5855 5856 5976
f 5976 5856 6242
f 6102 5856 5977
f 5977 5856 5978
f 5856 5741 5978
f 5978 5741 5979
f 5979 5857 6104
f 5857 5858 6104
f 6104 5858 5980
f 5858 5859 5980
f 5980 5859 6105
f 5982 5742 5983
f 5742 5860 5983
f 5983 5860 5984
f 5985 668 6250
f 668 5862 6250
f 5862 5863 6250
f 6250 5863 396
f 396 5863 6109
f 6109 5863 5986
f 5986 5863 6113
f 5863 5864 6113
f 6113 5864 5987
f 5864 5865 5987
f 5865 667 5987
f 5987 667 6114
f 667 5866 6114
f 5866 5867 6114
f 6114 5867 72
f 72 5867 5988
f 6117 5988 5989
f 5989 5988 5990
f 5988 5867 5990
f 665 5991 5990
f 6118 5990 5991
f 5868 5993 5992
f 5992 5993 5994
f 6261 5994 5995
f 5994 5869 5995
f 5995 5870 395
f 5870 5871 395
f 395 5871 5996
f 5871 5872 5996
f 5872 5873 5996
f 5996 5873 5997
f 5997 399 6266
f 5874 5998 399
f 5998 5874 5758
f 5874 5875 5758
f 5758 6001 5999
f 5999 6001 6000
f 6001 5758 6124
f 5758 5761 6124
f 5761 5876 6124
f 6124 5876 6002
f 6126 5877 6127
f 6127 5877 6128
f 5877 5878 6128
f 6128 5878 6003
f 5878 5879 6003
f 5879 5765 6003
f 5765 664 6003
f 6003 664 6129
f 6129 664 6004
f 6004 5880 6130
f 6005 6130 6006
f 6130 5881 6006
f 5881 5882 6006
f 5882 5769 6006
f 6006 5769 6131
f 6131 5769 6132
f 5769 5883 6132
f 6132 5883 6007
f 6133 6007 6008
f 5884 5885 6008
f 5885 6134 6008
f 6134 5885 6009
f 6009 5885 394
f 5885 5886 394
f 5886 5887 394
f 5887 5773 394
f 394 5888 6010
f 6010 5888 6011
f 6012 6011 6013
f 6011 5889 6013
f 5889 5890 6013
f 5890 5780 6013
f 5780 5891 6013
f 5891 5892 6013
f 6014 6013 6015
f 6013 5892 6015
f 5892 5893 6015
f 5893 5894 6015
f 6016 5896 6017
f 6018 5896 6019
f 5896 5897 6019
f 5897 5792 6019
f 5792 5898 6019
f 5898 5899 6020
f 5899 5793 6020
f 6021 6020 6141
f 6020 5793 6141
f 6022 5900 6023
f 6023 5900 6024
f 6024 5901 6025
f 6025 5902 393
f 5902 6026 393
f 6143 6026 6144
f 6026 5903 6144
f 5903 5904 6144
f 6144 5904 6146
f 5904 5905 6146
f 6146 5905 6027
f 5905 5906 6027
f 5906 5907 6028
f 6028 5907 6148
f 5907 5908 6148
f 6148 5908 6149
f 5908 6150 6149
f 6150 5908 6029
f 5908 5909 6029
f 5909 5686 6029
f 6029 5686 6030
f 6030 5910 6031
f 5911 5912 5910
f 5912 5913 6033
f 6034 5915 6153
f 6153 5915 6035
f 5915 5916 6035
f 5916 5917 6035
f 5917 5918 6035
f 6035 5918 392
f 5918 5919 392
f 5919 5920 392
f 392 5920 6036
f 5920 6037 6036
f 5921 5801 6037
f 6037 5801 6038
f 5801 5922 6038
f 6038 5922 5804
f 5808 5923 6157
f 6157 5923 6298
f 6298 5923 648
f 6041 5924 6433
f 5924 5925 6433
f 5925 6158 6433
f 6158 5925 6042
f 6300 6043 6044
f 6043 650 6044
f 6045 6044 6046
f 6046 638 6302
f 638 5926 6302
f 6047 5926 6048
f 5926 655 6048
f 643 5927 6048
f 6048 5927 6163
f 6163 657 6164
f 657 658 6165
f 5928 5929 658
f 658 5929 6306
f 6049 5930 6050
f 6050 5930 6051
f 6167 5931 6310
f 6310 5931 6052
f 6052 5932 6053
f 5932 6054 6053
f 6055 5809 6169
f 6169 6170 6056
f 6057 6170 6171
f 6170 5933 6171
f 5933 5934 6171
f 6171 6173 6172
f 6313 6173 6058
f 6173 5934 6058
f 6177 6058 6059
f 6058 5935 6059
f 6061 5936 6179
f 5936 5937 6179
f 5937 5938 6179
f 6179 5938 6181
f 6181 5938 6182
f 6183 5814 6062
f 5814 5939 6062
f 6062 5939 6184
f 6063 6184 6185
f 6185 6184 6064
f 6184 5939 6064
f 5939 6065 6064
f 6066 5940 398
f 6187 398 6188
f 398 5822 6188
f 5822 5941 6188
f 6189 5942 6190
f 6190 5942 6192
f 5942 6067 6192
f 5943 5944 6067
f 5943 5945 5944
f 6068 5823 6069
f 5823 5946 6069
f 6069 6071 6070
f 6071 6069 6197
f 6069 5946 6197
f 5946 6198 6197
f 6198 5946 6199
f 5946 5947 6199
f 6072 6200 5949
f 6200 5948 5949
f 5949 5828 6201
f 5828 5830 6201
f 5830 6073 6201
f 6073 5832 6074
f 6333 6074 6334
f 6334 6074 6203
f 6074 5833 6203
f 5833 5723 6203
f 5723 5950 6203
f 6204 5950 6075
f 5950 5837 6075
f 5837 5951 6075
f 6206 6076 6077
f 6076 6075 6077
f 6077 6075 6207
f 6207 6075 6078
f 6075 5952 6078
f 6078 5952 6079
f 6080 5953 6081
f 5953 5841 6081
f 6081 5954 5955
f 5954 5842 5955
f 5955 5843 6082
f 5843 5956 6082
f 5956 6083 6082
f 6083 5957 6084
f 6216 6084 6217
f 6217 6084 6085
f 6085 6084 6230
f 6230 6084 6231
f 6084 5957 6231
f 5957 5958 6231
f 5958 5959 6231
f 6231 5959 6087
f 6087 5959 6088
f 6088 5959 6089
f 5959 5960 6089
f 5960 5961 6089
f 5961 6090 6089
f 6090 5962 6235
f 5962 5963 6235
f 6235 5963 5964
f 5964 5966 6091
f 5966 6092 6091
f 6092 5966 6093
f 5966 401 6093
f 401 5967 6093
f 6372 397 6094
f 6094 397 6238
f 397 5967 6238
f 6238 5968 6095
f 5968 671 6095
f 6096 6095 6097
f 6095 671 6097
f 671 5969 6097
f 5969 5970 6097
f 5970 5971 6097
f 6097 5971 5972
f 6098 5972 5973
f 5973 5974 6099
f 5854 5975 5974
f 6101 5974 5975
f 5975 5976 6242
f 6242 5856 6102
f 6102 5977 6103
f 6103 5977 6104
f 5977 5978 6104
f 5978 5979 6104
f 6104 5980 6243
f 6105 6246 6245
f 6246 5981 6247
f 5981 5982 6247
f 5982 5983 6247
f 6248 5983 6249
f 6249 5983 6107
f 6107 5983 6106
f 5983 5984 6106
f 5984 5861 6106
f 5861 5985 6106
f 6106 5985 6107
f 6107 5985 6250
f 6250 396 6108
f 6113 6110 5986
f 5986 6110 6111
f 6253 6111 6112
f 6111 6110 6112
f 6110 6113 6112
f 6253 6113 6114
f 6113 5987 6114
f 6114 72 6115
f 72 5988 6256
f 5988 6117 6256
f 6256 6117 6257
f 6116 6257 6117
f 6117 5989 6118
f 5989 5990 6118
f 6118 5991 6119
f 6119 5991 6259
f 5991 5868 6259
f 5868 5992 6259
f 6120 6259 5992
f 5992 5994 6260
f 5994 6261 6260
f 6261 5995 6121
f 5995 395 6263
f 6263 395 6264
f 5996 5997 6266
f 6266 399 6122
f 399 5998 6122
f 5998 5758 6122
f 5758 5999 6122
f 6122 5999 6267
f 5999 6000 6267
f 6267 6000 69
f 69 6000 6268
f 6268 6000 6123
f 6123 6000 6124
f 6000 6001 6124
f 6124 6002 6125
f 6125 6002 6126
f 6126 6127 6269
f 6128 6003 6129
f 6130 6005 6004
f 6005 6006 6131
f 6133 6008 6134
f 394 6010 6009
f 6010 6011 6009
f 6011 6012 6009
f 6012 6013 6135
f 6013 6014 6135
f 6015 5895 6014
f 5895 5786 6014
f 5786 6016 6014
f 6014 6016 6136
f 6136 6016 6137
f 6137 6016 6138
f 6016 6017 6138
f 6017 5896 6138
f 5896 6018 6138
f 6138 6018 6139
f 6018 6019 6139
f 6019 5898 6139
f 6139 5898 6140
f 5898 6020 6140
f 6020 6021 6140
f 6141 6022 6142
f 6022 6023 6142
f 6024 6025 6023
f 6023 6025 6278
f 6025 393 6278
f 6278 393 6143
f 393 6026 6143
f 6280 6144 6145
f 6281 6145 6146
f 6145 6144 6146
f 6146 6027 6147
f 6027 5906 6147
f 5906 6028 6147
f 6286 6149 6150
f 6150 6029 6288
f 6029 6030 6288
f 6030 6031 6288
f 6031 5910 6288
f 6288 5910 6151
f 6151 5910 6152
f 5910 6032 6152
f 6152 6032 6291
f 6032 5910 6291
f 5910 5912 6291
f 5912 6033 6292
f 6292 6033 6293
f 6293 6033 6424
f 6033 6034 6424
f 6034 6153 6424
f 6035 392 6153
f 6154 392 6155
f 392 6036 6155
f 6036 6037 6155
f 6155 6037 6038
f 6038 5804 6296
f 5804 6039 6296
f 5804 6040 6039
f 6039 6040 6426
f 6426 6040 6427
f 6040 6297 6427
f 6297 6040 6156
f 648 6041 6433
f 6158 6042 6159
f 6159 6043 6160
f 6160 6043 6161
f 6161 6043 6300
f 6300 6044 6045
f 6045 6046 6302
f 6302 6047 391
f 6439 6437 6303
f 6303 391 6162
f 391 6047 6162
f 6162 6047 6163
f 6047 6048 6163
f 5929 6049 6166
f 6166 6049 6307
f 6049 6050 6307
f 6050 6051 6167
f 6167 6310 6308
f 6311 6310 6168
f 6310 6052 6168
f 6052 6053 6168
f 6168 6053 6169
f 6053 6054 6169
f 6054 6055 6169
f 6174 6313 6175
f 6175 6313 6176
f 6176 6313 6177
f 6313 6058 6177
f 6316 6177 6317
f 6177 6059 6317
f 6317 6059 6178
f 6059 6060 6178
f 6060 6061 6178
f 6180 6179 6181
f 6182 5814 6183
f 6183 6062 6184
f 6318 6184 6319
f 6184 6063 6319
f 6063 6185 6319
f 6319 6185 6447
f 6185 6064 6186
f 6064 6065 6186
f 6065 6066 6186
f 6066 398 6186
f 398 6187 6186
f 6449 6187 6188
f 6323 6191 6454
f 6191 6190 6192
f 6192 6067 6327
f 5944 6068 6067
f 6067 6068 6326
f 6068 6069 6326
f 6326 6069 6328
f 6069 6070 6328
f 6328 6070 6193
f 6193 6070 6194
f 6194 6070 6330
f 6330 6070 6195
f 6195 6070 6196
f 6070 6071 6196
f 6196 6071 6197
f 6199 5947 6200
f 6332 6200 6201
f 6200 6072 6201
f 6072 5949 6201
f 6202 6201 6333
f 6201 6073 6333
f 6073 6074 6333
f 6203 5950 6204
f 6204 6075 6205
f 6075 6076 6205
f 6076 6206 6205
f 6206 6077 6469
f 6337 6469 6207
f 6469 6077 6207
f 6208 6207 68
f 68 6207 6340
f 6207 6078 6340
f 6078 6079 6340
f 6079 5953 6340
f 6340 5953 6080
f 6209 6211 6210
f 6210 6211 6576
f 6211 6209 6212
f 6209 6080 6212
f 6080 6081 6212
f 6212 6081 6347
f 6347 6081 6213
f 6213 6081 6214
f 6081 5955 6214
f 6214 5955 6477
f 5955 6082 6215
f 6082 6083 6215
f 6215 6083 6216
f 6083 6084 6216
f 6217 6228 384
f 384 372 6349
f 6218 6349 6219
f 6349 372 6219
f 6219 372 385
f 6221 380 6222
f 380 386 6222
f 6223 6222 6224
f 6222 375 6224
f 375 383 6224
f 6224 383 6225
f 6225 387 6353
f 6353 387 6354
f 387 388 6354
f 388 389 6354
f 6354 389 6355
f 6226 6355 389
f 6226 6228 6227
f 6228 6217 6229
f 6217 6085 6229
f 6229 6085 6086
f 6086 6085 6230
f 6088 78 6087
f 6087 78 6232
f 6233 78 6234
f 78 6088 6234
f 6088 6089 6234
f 6089 6090 6234
f 6234 6090 6233
f 6090 6235 6233
f 6235 5964 6364
f 6364 5964 6091
f 6091 6092 6236
f 6092 6093 6236
f 6093 77 6236
f 77 6093 6366
f 6366 6093 6370
f 6093 5967 6370
f 5967 397 6370
f 6370 397 6371
f 6371 397 6237
f 6237 397 6372
f 6372 6094 6374
f 6375 6094 6096
f 6094 6238 6096
f 6238 6095 6096
f 6096 6097 6376
f 6376 6097 6239
f 6097 5972 6239
f 5972 76 6239
f 6380 76 6240
f 76 5972 6240
f 5972 6098 6240
f 6098 5973 6240
f 5973 6099 6240
f 6099 6100 6240
f 6100 6099 6381
f 6099 5974 6381
f 5974 6101 6381
f 6101 5975 6497
f 5975 6242 6497
f 6497 6242 6241
f 6242 6102 6383
f 6383 6102 6385
f 6102 6103 6385
f 6103 6104 6385
f 6104 6503 6385
f 6503 6104 6243
f 6243 5980 6244
f 6244 5980 6245
f 5980 6105 6245
f 6245 6246 6386
f 6247 5983 6248
f 6248 6249 6388
f 6389 6250 6390
f 6250 6108 6390
f 6108 396 6390
f 396 6109 6390
f 6109 5986 6251
f 6251 5986 6252
f 5986 6111 6252
f 6252 6111 75
f 60 6392 75
f 6111 6253 75
f 6112 6113 6253
f 6253 6114 6394
f 6114 6115 6394
f 6115 72 6394
f 72 74 6394
f 74 73 6394
f 73 71 6394
f 73 70 71
f 6254 70 6255
f 6255 70 72
f 6257 6116 6258
f 6116 6117 6258
f 6117 6118 6258
f 6118 6119 6258
f 6402 6258 6119
f 6259 6120 6403
f 5992 6260 6120
f 6261 6121 6262
f 6262 6121 6263
f 6121 5995 6263
f 6265 6264 6266
f 6264 395 6266
f 395 5996 6266
f 6266 6122 6267
f 6267 69 6522
f 6268 6123 6269
f 6123 6124 6269
f 6124 6125 6269
f 6125 6126 6269
f 6269 6127 6270
f 6127 6128 6270
f 6270 6128 6271
f 6128 6129 6271
f 6129 6004 6271
f 6004 6005 6271
f 6271 6005 6272
f 6272 6005 6273
f 6005 6131 6273
f 6273 6131 6274
f 6131 6132 6274
f 6132 6007 6274
f 6007 6133 6274
f 6133 6134 6274
f 6134 6009 6274
f 6009 6012 6274
f 6012 6135 6274
f 6274 6135 6275
f 6275 6135 6276
f 6135 6014 6276
f 6276 6014 6137
f 6014 6136 6137
f 6137 6138 6277
f 6138 6139 6277
f 6139 6140 6277
f 6140 6021 6277
f 6141 6142 6021
f 6023 6278 6142
f 6278 6143 6279
f 6279 6143 6280
f 6143 6144 6280
f 6146 6147 6281
f 6281 6147 6282
f 6147 6028 6282
f 6028 6148 6282
f 6283 6282 6284
f 6282 6148 6284
f 6148 6149 6284
f 6149 6286 6284
f 6284 6286 6285
f 6285 6286 6416
f 6286 6150 6287
f 6287 6150 6288
f 6289 6288 6420
f 6288 6151 6420
f 6151 6152 6420
f 6420 6152 6290
f 6290 6152 6291
f 6291 5912 6292
f 6531 6292 6293
f 6424 6153 6294
f 6294 6153 392
f 392 6154 6425
f 6154 6155 6425
f 6425 6155 6295
f 6295 6155 6038
f 6429 6427 6297
f 6297 6156 6430
f 6156 6157 6430
f 6430 6157 6298
f 6432 6298 648
f 6433 6158 6299
f 6299 6158 6434
f 6158 6159 6434
f 6159 6160 6434
f 6434 6160 6161
f 6435 6161 6436
f 6436 6161 6300
f 6300 6045 6301
f 6045 6302 6301
f 6302 391 6437
f 391 6303 6437
f 6305 6303 6304
f 6303 6162 6304
f 6162 6163 6304
f 6304 6163 6305
f 6163 6164 6305
f 6164 6165 6305
f 6165 658 6305
f 6305 658 6306
f 6441 6306 5929
f 6166 6307 5929
f 6307 6050 6441
f 6050 6167 6308
f 6442 6308 6309
f 6308 6310 6309
f 6169 6056 6168
f 6056 6170 6168
f 6170 6057 6312
f 6057 6171 6312
f 6171 6172 6312
f 6173 6313 6172
f 6313 6174 6314
f 6314 6174 6174
f 6174 6174 6315
f 6174 6175 6315
f 6175 6176 6316
f 6176 6177 6316
f 6178 6061 6180
f 6061 6179 6180
f 6181 6182 6543
f 6182 6183 6543
f 6183 6184 6318
f 6544 6318 6319
f 6447 6185 6546
f 6546 6185 6320
f 6320 6185 6321
f 6185 6186 6321
f 6321 6186 6448
f 6186 6187 6448
f 6449 6188 6322
f 6188 5941 6322
f 6322 5942 6450
f 5942 6189 6450
f 6189 6190 6451
f 6190 6191 6451
f 6451 6191 6323
f 6324 6323 6325
f 6191 6192 6454
f 6455 6192 6456
f 6456 6192 6551
f 6192 6327 6551
f 6067 6326 6327
f 6326 6328 6327
f 6328 6193 6329
f 6193 6194 6329
f 6329 6194 6330
f 64 6195 6462
f 6195 6196 6462
f 6196 6197 6462
f 6197 6198 6462
f 6462 6198 6331
f 6331 6198 6332
f 6198 6199 6332
f 6199 6200 6332
f 6332 6201 6202
f 6202 6333 63
f 6466 6334 6335
f 6335 6334 6467
f 6467 6334 6336
f 6334 6203 6336
f 6203 6204 6336
f 6336 6204 6469
f 6204 6205 6469
f 6205 6206 6469
f 6337 6207 6470
f 6207 6208 6470
f 6470 6208 57
f 57 6208 6338
f 6208 68 6338
f 6338 68 6339
f 68 6340 6339
f 6340 6080 6341
f 6080 6209 6341
f 6209 67 6341
f 67 6474 6342
f 6342 6474 6343
f 6343 6474 6344
f 6344 6474 6345
f 6474 67 6346
f 67 6209 6346
f 6209 6210 6346
f 6346 6210 6475
f 6576 6211 6704
f 6211 6212 6347
f 6347 6213 6477
f 6213 6214 6477
f 6477 5955 6577
f 6577 5955 6348
f 5955 6215 6348
f 6215 6216 6478
f 6478 6216 6579
f 6216 6217 6579
f 6579 6217 6479
f 6217 384 6479
f 6479 384 6349
f 6349 6218 6350
f 6350 6218 6218
f 6218 6219 6218
f 6219 385 6218
f 385 6220 6218
f 6220 385 380
f 380 6221 6351
f 6221 6222 6351
f 6222 6223 6351
f 6351 6223 6352
f 6224 6225 6223
f 6356 6355 6357
f 6357 6226 6086
f 6226 6227 6086
f 6227 6228 6086
f 6228 6229 6086
f 6086 6230 6358
f 6358 6230 6359
f 6230 6231 6359
f 6231 6087 6359
f 6359 6087 6360
f 6087 6232 6360
f 6232 78 6360
f 6360 78 6586
f 6586 78 6361
f 6361 78 6362
f 78 6233 6362
f 6233 6235 6363
f 6363 6235 6364
f 6364 6091 6365
f 6091 6236 6365
f 6365 6236 6366
f 6236 77 6366
f 6366 6370 6367
f 6368 6367 6369
f 6367 6370 6369
f 6371 6372 6487
f 6371 6237 6372
f 6372 6374 6373
f 6488 6373 6374
f 6374 6094 6375
f 6375 6096 6376
f 6239 76 6377
f 6377 76 6378
f 76 6380 6378
f 6378 6380 6379
f 6240 6100 6380
f 6381 6101 6382
f 6382 6101 6497
f 6498 6241 6383
f 6241 6242 6383
f 6383 6384 66
f 6384 6383 6385
f 6503 6243 6613
f 6613 6243 6244
f 6244 6245 6615
f 6615 6245 6617
f 6617 6245 6386
f 6505 6387 6508
f 6508 6387 6388
f 6387 6386 6388
f 6386 6246 6388
f 6246 6247 6388
f 6247 6248 6388
f 6388 6249 6506
f 6506 6249 6389
f 6249 6107 6389
f 6107 6250 6389
f 6390 6109 6509
f 6109 6251 6509
f 6509 6251 6622
f 6622 6251 6391
f 6251 6252 6391
f 6391 6252 6392
f 6252 75 6392
f 6511 6392 60
f 60 75 6393
f 6512 75 6394
f 75 6253 6394
f 6394 71 6395
f 71 70 6395
f 70 6254 6395
f 6254 6396 6395
f 6396 6254 6397
f 6397 6254 6515
f 6254 6255 6515
f 6255 72 6517
f 72 6256 6517
f 6517 6256 6398
f 6256 6257 6398
f 6398 6257 6399
f 6399 6257 6400
f 6400 6257 6258
f 6401 6258 6402
f 6402 6119 6403
f 6119 6259 6403
f 6403 6120 6404
f 6120 65 6404
f 6120 6260 65
f 6260 6261 65
f 6261 6262 65
f 65 6262 6521
f 6262 6263 6521
f 6263 6264 6521
f 6521 6264 6522
f 6264 6265 6522
f 6265 6266 6522
f 6266 6267 6522
f 6522 69 6405
f 69 6268 6405
f 6268 6269 6405
f 6269 6270 6405
f 6405 6270 6406
f 6270 6271 6406
f 6271 6272 6406
f 6272 6273 6406
f 6273 6274 6406
f 6274 6275 6406
f 6406 6275 6407
f 6275 6276 6407
f 6408 6407 6409
f 6407 6276 6409
f 6276 6137 6409
f 6409 6137 6410
f 6137 6277 6410
f 6410 6277 6411
f 6277 6021 6411
f 6021 6142 6411
f 6411 6142 6412
f 6142 6278 6412
f 6278 6279 6412
f 6279 6280 6412
f 6280 6145 6412
f 6281 6413 6145
f 6281 6282 6413
f 6413 6282 6414
f 6282 6283 6414
f 6283 6284 6414
f 6414 6284 6415
f 6284 6285 6415
f 6415 6285 6416
f 6416 6286 6417
f 6286 6287 6417
f 6287 6288 6417
f 6417 6288 6418
f 6418 6288 6419
f 6288 6289 6419
f 6419 6289 6420
f 6421 6420 6290
f 6529 6290 6530
f 6290 6291 6530
f 6292 6422 6291
f 6530 6291 6422
f 6422 6292 6531
f 6423 6531 6424
f 6531 6293 6424
f 6424 6294 6532
f 6294 392 6532
f 6532 392 6425
f 6425 6295 6641
f 6295 6038 6534
f 6038 6296 6534
f 6534 6296 6426
f 6296 6039 6426
f 6428 6427 6429
f 6429 6297 6430
f 6429 6430 6431
f 6430 6298 6431
f 6431 6298 6432
f 6432 648 6433
f 6433 6299 6647
f 6651 6434 6537
f 6434 6161 6435
f 6436 6300 6652
f 6300 6301 6652
f 6652 6301 6437
f 6301 6302 6437
f 6437 6439 6438
f 6764 6438 6439
f 6439 6303 6440
f 6440 6303 6305
f 6305 6306 6539
f 6306 6441 6539
f 5929 6307 6441
f 6050 6308 6441
f 6441 6308 6540
f 6308 6442 6540
f 6540 6442 6655
f 6655 6442 6656
f 6442 6309 6541
f 6309 6310 6541
f 6310 6311 6541
f 6541 6311 6443
f 6311 6168 6443
f 6168 6170 6443
f 6170 6312 6443
f 6312 6172 6443
f 6443 6172 6444
f 6172 6313 6444
f 6313 6314 6444
f 6314 6174 6444
f 6174 6315 6444
f 6444 6315 6175
f 6175 6316 6666
f 6666 6316 6445
f 6316 6317 6445
f 6445 6317 6446
f 6317 6178 6446
f 6180 6181 6543
f 6183 6318 6543
f 6318 6544 6543
f 6544 6319 6447
f 6545 6447 6546
f 6320 6321 6448
f 6448 6187 6449
f 6677 6449 6450
f 6449 6322 6450
f 6189 6451 6450
f 6451 6323 6452
f 6323 6324 6452
f 6452 6324 6324
f 6324 6324 6324
f 6324 6324 6453
f 6324 6325 6453
f 6325 6323 6454
f 6454 6192 6455
f 6680 6455 6456
f 6681 6456 6551
f 6457 6551 6327
f 6327 6328 6553
f 6328 6329 6553
f 6560 6329 6561
f 6329 6330 6561
f 6195 64 6458
f 6458 64 6459
f 6459 64 6460
f 6460 64 6461
f 6461 64 6564
f 64 6462 6564
f 6463 6331 58
f 58 6331 6464
f 6331 6332 6464
f 6464 6332 63
f 6332 6202 63
f 63 6333 6565
f 6333 6334 6565
f 6334 6466 6565
f 6565 6466 6465
f 6466 6335 6467
f 6568 6467 6468
f 6467 6336 6468
f 6336 6469 6470
f 6469 6337 6470
f 6570 57 6339
f 57 6338 6339
f 6339 6340 6341
f 6341 67 6471
f 67 6342 6471
f 6471 6342 6343
f 6342 6343 6343
f 6343 6343 6343
f 6343 6344 6343
f 6344 6573 6343
f 6344 6345 6573
f 6345 6574 6573
f 6574 6345 6697
f 6345 6474 6473
f 6575 6346 6475
f 6701 6475 6702
f 6475 6210 6576
f 6704 6211 6476
f 6211 6347 6476
f 6347 6477 6476
f 6348 6215 6800
f 6215 6478 6800
f 6479 6349 6580
f 6349 6350 6580
f 6580 6350 6352
f 6350 6218 6352
f 6218 6220 6352
f 6220 380 6352
f 380 6351 6352
f 6223 6225 6581
f 6225 6353 6581
f 6353 6354 6581
f 6355 6356 6354
f 6354 6356 6582
f 6356 6357 6707
f 6086 6358 6357
f 6358 6359 6583
f 6583 6359 6584
f 6584 6359 6586
f 6359 6360 6586
f 6586 6361 6480
f 6480 6361 6481
f 6361 6362 6481
f 6362 6233 6481
f 6233 6363 6481
f 6363 6364 6481
f 6364 62 6481
f 62 6364 6588
f 6364 6365 6588
f 6588 6365 6482
f 6365 6366 6482
f 6366 6367 6482
f 6482 6367 6589
f 6589 6367 6483
f 6367 6368 6483
f 6483 6368 6484
f 6484 6368 6485
f 6485 6368 6486
f 6368 6369 6486
f 6369 6370 6486
f 6486 6370 6595
f 6595 6370 6487
f 6370 6371 6487
f 6487 6372 6596
f 6372 6373 6596
f 6596 6373 6488
f 6489 6488 6490
f 6488 61 6490
f 6600 6490 6492
f 6490 61 6492
f 61 6488 6492
f 6488 6374 6492
f 6374 6375 6492
f 6492 6375 6493
f 6375 6376 6493
f 6376 6239 6493
f 6239 6377 6493
f 6377 6378 6602
f 6602 6378 6494
f 6494 6378 6495
f 6378 6379 6495
f 6495 6379 6605
f 6605 6379 6496
f 6379 6380 6496
f 6380 6100 6496
f 6100 6381 6496
f 6381 6382 6496
f 6497 6241 6606
f 6498 6383 6499
f 6609 6499 6500
f 6499 6383 6500
f 6383 66 6500
f 6500 66 6501
f 66 6502 6611
f 6502 66 6612
f 66 6384 6612
f 6384 6385 6612
f 6385 6503 6612
f 6613 6244 6504
f 6504 6244 6615
f 6386 6387 6617
f 6617 6387 6505
f 6505 6508 6619
f 6506 6389 6507
f 6389 6390 6507
f 6507 6390 6508
f 6508 6390 6621
f 6621 6390 6509
f 6622 6391 6510
f 6391 6392 6510
f 6510 6392 6511
f 6511 60 6746
f 6746 60 6512
f 60 6393 6512
f 6393 75 6512
f 6512 6394 6513
f 6394 6395 6513
f 6513 6395 6746
f 6746 6395 6747
f 6395 6396 6747
f 6396 6397 6747
f 6397 59 6747
f 6747 59 6514
f 59 6397 6515
f 6515 6255 6516
f 6516 6255 6517
f 6398 6399 6517
f 6399 6400 6517
f 6517 6400 6401
f 6400 6258 6401
f 6518 6401 6519
f 6519 6401 6520
f 6401 6402 6520
f 6402 6403 6520
f 6403 6404 6520
f 6522 6405 6523
f 6405 6406 6523
f 6523 6406 6631
f 6406 6407 6631
f 6407 6408 6631
f 6631 6408 6524
f 6524 6408 6525
f 6408 6409 6525
f 6409 6410 6525
f 6410 6411 6525
f 6411 6412 6525
f 6412 6145 6525
f 6145 6413 6525
f 6525 6413 6526
f 6413 6414 6526
f 6526 6414 6527
f 6414 6415 6527
f 6415 6416 6527
f 6417 6418 6416
f 6416 6418 6528
f 6418 6419 6421
f 6419 6420 6421
f 6421 6290 6529
f 6422 6531 6530
f 6424 6637 6423
f 6637 6424 6532
f 6532 6425 6533
f 6533 6425 6641
f 6641 6295 6534
f 6534 6426 6535
f 6426 6427 6535
f 6427 6428 6535
f 6535 6428 6643
f 6643 6428 6644
f 6644 6428 6645
f 6645 6428 6646
f 6428 6429 6646
f 6429 6431 6536
f 6536 6431 6646
f 6432 6433 6431
f 6433 6647 6431
f 6649 6299 6840
f 6840 6299 6651
f 6299 6434 6651
f 6434 6435 6537
f 6537 6435 6762
f 6762 6435 6652
f 6435 6436 6652
f 6652 6437 6538
f 6437 6438 6538
f 6538 6438 6842
f 6842 6438 6764
f 6764 6439 6539
f 6439 6440 6539
f 6440 6305 6539
f 6539 6441 6653
f 6653 6441 6540
f 6654 6540 6766
f 6766 6540 6655
f 6656 6442 6541
f 6660 6541 6663
f 6663 6541 6542
f 6541 6443 6542
f 6443 6444 6665
f 6444 6175 6665
f 6445 6446 6667
f 6670 6668 6543
f 6668 6446 6543
f 6446 6178 6543
f 6178 6180 6543
f 6673 6544 6674
f 6674 6544 6545
f 6544 6447 6545
f 6546 6320 6675
f 6675 6320 6676
f 6320 6448 6676
f 6448 6449 6547
f 6449 6677 6547
f 6677 6450 6548
f 6450 6451 6548
f 6548 6451 6550
f 6451 6452 6550
f 6452 6324 6550
f 6324 6324 6550
f 6550 6324 6679
f 6324 6453 6679
f 6453 6325 6679
f 6325 6454 6680
f 6454 6455 6680
f 6680 6456 6681
f 6551 6457 6552
f 6552 6457 6683
f 6457 6327 6683
f 6327 6553 6683
f 6554 6553 6555
f 6556 6557 6558
f 6557 6559 6558
f 6559 6555 6558
f 6555 6553 6558
f 6553 6329 6558
f 6558 6329 6685
f 6329 6560 6685
f 6330 6195 6561
f 6561 6195 6562
f 6562 6195 6563
f 6195 6458 6563
f 6460 6461 6459
f 6459 6461 6564
f 6564 6462 6463
f 6462 6331 6463
f 6463 58 6565
f 58 6464 6565
f 6464 63 6565
f 6465 6466 6566
f 6466 6467 6566
f 6566 6467 6567
f 6567 6467 6568
f 6567 6468 6691
f 6691 6468 6569
f 6468 6336 6569
f 6336 6470 6569
f 6569 6470 6692
f 6470 57 6692
f 57 56 6692
f 6693 56 6570
f 56 57 6570
f 6570 6339 6571
f 6339 6796 6571
f 6796 6339 6572
f 6339 6341 6572
f 6341 6471 6572
f 6471 6343 6572
f 6343 6343 6572
f 6343 6573 6572
f 6573 6472 6572
f 6573 6574 6694
f 6574 6697 6797
f 6697 6345 6700
f 6345 6473 6700
f 6473 6474 6700
f 6700 6474 6575
f 6474 6346 6575
f 6575 6475 6701
f 6576 6704 6703
f 6704 6476 6577
f 6476 6477 6577
f 6800 6478 6578
f 6578 6478 6579
f 6579 6479 6580
f 6352 6223 6581
f 6581 6354 6582
f 6886 6582 6356
f 6707 6357 6708
f 6357 6358 6708
f 6358 6583 6708
f 6585 6584 6586
f 6586 6480 6709
f 6711 6480 6587
f 6480 6481 6587
f 6481 62 6587
f 6587 62 6588
f 6588 6482 6712
f 6482 6589 6712
f 6589 6483 6714
f 6714 6483 6590
f 6590 6483 6591
f 6483 6484 6591
f 6593 6592 6594
f 6592 6591 6594
f 6594 6591 6485
f 6591 6484 6485
f 6485 6486 6595
f 6596 6488 6809
f 6809 6488 6597
f 6488 55 6597
f 6597 55 6598
f 27 6598 55
f 55 6488 6599
f 6488 6489 6599
f 6489 6490 6599
f 6490 6491 6599
f 6491 6490 6813
f 6813 6490 6721
f 6490 6600 6721
f 6600 6492 6493
f 6377 6602 6493
f 6493 6602 6601
f 6722 6494 6603
f 6495 6605 6494
f 6605 6496 6724
f 6496 6382 6724
f 6382 6726 6724
f 6382 6497 6726
f 6726 6497 6606
f 6241 6498 6606
f 6607 6606 6608
f 6608 6606 6498
f 6499 6609 6498
f 6609 6500 6610
f 6610 6500 6611
f 6500 6501 6611
f 6501 66 6611
f 6611 6502 6820
f 6731 6502 6612
f 6612 6503 6613
f 6613 6504 6614
f 6614 6504 6615
f 6615 6617 6616
f 6733 6616 6617
f 6618 6617 6734
f 6734 6617 6619
f 6617 6505 6619
f 6619 6508 6620
f 6388 6506 6508
f 6506 6507 6508
f 6509 6622 6621
f 6622 6510 6743
f 6510 6511 6744
f 6744 6511 6746
f 6512 6513 6746
f 6747 6514 6623
f 6624 6514 6625
f 6625 6514 6626
f 6514 59 6627
f 59 6515 6627
f 6515 6516 6627
f 6516 6517 6627
f 6627 6517 6628
f 6517 6401 6628
f 6401 6518 6628
f 6628 6518 6629
f 6518 6519 6629
f 6519 6520 6629
f 6520 6404 6629
f 6404 65 6629
f 65 6521 6629
f 6521 6522 6629
f 6522 6523 6629
f 6629 6523 6630
f 6523 6631 6630
f 6631 6524 6632
f 6524 6525 6632
f 6525 6526 6632
f 6526 6527 6632
f 6632 6527 6633
f 6527 6416 6633
f 6416 6528 6633
f 6633 6528 6634
f 6528 6418 6634
f 6418 6421 6634
f 6421 6529 6634
f 6529 6530 6635
f 6635 6530 6636
f 6530 6531 6636
f 6531 6423 6636
f 6755 6636 6637
f 6636 6423 6637
f 6637 6532 6638
f 6638 6532 6639
f 6639 6532 6640
f 6532 6533 6640
f 6756 6640 6757
f 6640 6533 6757
f 6641 6534 6642
f 6642 6534 6643
f 6534 6535 6643
f 6429 6536 6646
f 6646 6431 6647
f 6647 6299 6648
f 6299 6649 6648
f 6840 6651 6650
f 6760 6651 6762
f 6651 6537 6762
f 6763 6538 6842
f 6764 6539 6653
f 6653 6540 6654
f 6657 6656 6659
f 6659 6656 6660
f 6656 6541 6660
f 6660 6663 6661
f 6661 6663 6662
f 6663 6542 6664
f 6542 6443 6664
f 6664 6443 6769
f 6769 6443 6665
f 6665 6175 6666
f 6667 6446 6772
f 6772 6446 6668
f 6669 6668 6848
f 6668 6670 6848
f 6670 6543 6671
f 6543 6544 6671
f 6671 6544 6672
f 6544 6673 6672
f 6851 6673 6674
f 6545 6546 6675
f 6448 6547 6676
f 6548 6549 6677
f 6677 6549 6678
f 6678 6549 6678
f 6549 6548 6678
f 6550 6679 6548
f 6325 6680 6679
f 6855 6681 6682
f 6681 6551 6682
f 6682 6551 6776
f 6551 6552 6776
f 6776 6552 6858
f 6777 6683 6554
f 6683 6553 6554
f 6554 6555 6556
f 6555 6559 6556
f 6559 6557 6556
f 6556 6558 6684
f 6558 6685 6684
f 6685 6560 6779
f 6779 6560 6781
f 6781 6560 6686
f 6686 6560 6687
f 6560 6561 6687
f 6561 6562 6687
f 6688 6562 6788
f 6562 6563 6788
f 6788 6563 6459
f 6563 6458 6459
f 6689 6459 6789
f 6459 6564 6789
f 6564 6463 6789
f 6690 6789 6463
f 6463 6565 6791
f 6565 6465 6791
f 6465 6566 6791
f 6791 6566 6567
f 6568 6468 6567
f 6691 6569 6692
f 6692 56 6792
f 54 56 6795
f 6795 56 6693
f 6570 6571 6693
f 6572 6472 6796
f 6796 6472 6694
f 6472 6573 6694
f 6694 6574 6695
f 6574 6797 6695
f 6797 6696 6695
f 6880 6695 6696
f 6884 6881 6696
f 6977 6696 6797
f 6697 6700 6698
f 6575 6701 6700
f 6702 6475 6799
f 6475 6576 6799
f 6799 6576 6703
f 6980 6703 6704
f 6704 6577 6705
f 6577 6348 6705
f 6348 6800 6705
f 6800 6578 6706
f 6579 6580 6801
f 6580 6352 6801
f 6352 6581 6801
f 6581 6582 6801
f 6886 6356 6707
f 6708 6583 6982
f 6982 6583 6802
f 6583 6584 6802
f 6584 6585 6802
f 6585 6586 6802
f 6802 6586 6709
f 6709 6480 6710
f 6480 6711 6710
f 6803 6711 6712
f 6711 6587 6712
f 6587 6588 6712
f 6712 6589 6713
f 6589 6714 6713
f 6714 6590 6715
f 6590 6591 6715
f 6591 6592 6715
f 6715 6592 51
f 51 6592 6890
f 6890 6592 6716
f 6592 6593 6716
f 6593 6594 6716
f 6716 6594 6717
f 6594 6485 6717
f 6485 6595 6717
f 6717 6808 6894
f 6808 6717 6718
f 6717 6595 6718
f 6595 6487 6718
f 6718 6487 6809
f 6487 6596 6809
f 6809 6597 6810
f 6597 6598 6810
f 6810 6598 27
f 27 55 6719
f 6719 55 6720
f 55 6599 6720
f 6599 6491 6720
f 6720 6491 6813
f 6721 6600 6722
f 6600 6493 6722
f 6493 6601 6722
f 6601 6602 6722
f 6602 6494 6722
f 6603 6604 6722
f 6604 6603 6724
f 6603 6494 6724
f 6494 6605 6724
f 6725 6724 6726
f 6726 6606 6816
f 6606 6607 6816
f 6816 6607 6727
f 6727 6607 6728
f 6607 6608 6728
f 6608 6498 6728
f 6498 6609 6728
f 6609 6610 6728
f 6730 6728 6729
f 6728 6610 6729
f 6610 6611 6729
f 6729 6611 6730
f 6611 6818 6730
f 6818 6611 6820
f 6820 6502 6731
f 6822 6731 6732
f 6731 6612 6732
f 6612 6613 6732
f 6613 6614 6732
f 6615 6616 6614
f 6614 6616 6823
f 6616 6733 6823
f 6617 6618 6733
f 6618 6734 6733
f 6733 6734 6735
f 6734 6619 6735
f 6736 6735 6737
f 6735 6619 6737
f 6737 6619 6738
f 6826 6738 6739
f 6738 6619 6739
f 6619 6620 6739
f 6620 6508 6739
f 6508 6621 6739
f 6621 6740 6739
f 6741 6740 6742
f 6740 6621 6742
f 6621 7010 6742
f 7010 6621 6743
f 6621 6622 6743
f 6906 6743 6744
f 6743 6510 6744
f 6745 6744 6746
f 6829 6747 6748
f 6747 6623 6748
f 6748 6623 6830
f 6623 6514 6830
f 6830 6514 6749
f 6514 6624 6749
f 6749 6624 6750
f 6624 6625 6750
f 6625 6626 6750
f 6626 6514 6750
f 6514 6627 6750
f 6627 6628 6750
f 6628 6629 6750
f 6750 6629 6751
f 6629 6630 6751
f 6751 6630 6752
f 6630 6631 6752
f 6631 6632 6752
f 6752 6632 6753
f 6632 6633 6753
f 6633 6634 6753
f 6753 6634 6754
f 6634 6529 6754
f 6529 6635 6754
f 6635 6636 6754
f 6754 6636 6755
f 6637 6638 6755
f 6638 6639 6756
f 6639 6640 6756
f 6533 6641 6757
f 6641 6642 6757
f 6757 6642 6758
f 6642 6643 6758
f 6643 6644 6758
f 6644 6645 6758
f 6645 6646 6758
f 6646 6839 6758
f 6839 6646 6648
f 6646 6647 6648
f 6649 6840 6648
f 6840 6650 6914
f 6650 6651 6914
f 6914 6651 6760
f 6762 6652 6763
f 6652 6538 6763
f 6763 6842 6916
f 6917 6842 6764
f 6764 6653 6917
f 6653 6654 6917
f 6654 6918 6917
f 6918 6654 6765
f 6765 6654 6766
f 6921 6766 6922
f 6922 6766 6843
f 6766 6655 6843
f 6655 6656 6843
f 6843 6656 6657
f 6657 6658 6844
f 6657 6659 6658
f 6659 6660 6658
f 6660 6661 6658
f 6845 6661 6768
f 6661 6662 6768
f 6662 6663 6769
f 6663 6664 6769
f 6666 6770 6665
f 6770 6666 6771
f 6666 6445 6771
f 6445 6667 6772
f 6668 6669 6772
f 6848 6670 6849
f 6670 6671 6849
f 6672 6673 6934
f 6673 6851 6934
f 6674 6545 6852
f 6937 6852 6675
f 6852 6545 6675
f 6675 6676 6938
f 6938 6676 6547
f 7034 6547 6773
f 6547 6677 6773
f 6677 6678 6773
f 6773 6678 6774
f 6678 6678 6774
f 6774 6678 6775
f 6678 6548 6775
f 6548 6679 6775
f 6775 6679 6853
f 6680 6681 6679
f 6681 6855 6679
f 6857 6856 6855
f 6552 6683 6858
f 6858 6683 6777
f 6777 6554 6859
f 6859 6554 6778
f 6778 6554 6860
f 6554 6556 6860
f 6860 6556 24
f 6556 6684 24
f 24 6684 6779
f 6684 6685 6779
f 6780 6779 6781
f 6781 6686 6782
f 6782 6784 6785
f 6953 6787 6786
f 6787 6862 6786
f 6785 6784 6786
f 6786 6784 6865
f 6784 6782 6865
f 6782 6686 6865
f 6865 6686 6956
f 6686 6687 6956
f 6687 6562 6956
f 6562 6688 6956
f 6459 6689 6788
f 6788 6689 6789
f 6790 6789 6791
f 6789 6690 6791
f 6690 6463 6791
f 6567 6691 6868
f 6868 6691 6792
f 6691 6692 6792
f 56 54 6792
f 6792 54 6793
f 54 53 6793
f 53 52 49
f 49 52 6877
f 52 53 6877
f 6877 53 6794
f 6794 53 6795
f 53 54 6795
f 6795 6693 6970
f 6693 6571 6970
f 6970 6571 6796
f 6796 6694 6878
f 6878 6694 6879
f 6694 6695 6879
f 6879 6695 6880
f 6880 6696 6973
f 6696 6881 6973
f 6884 6696 6977
f 6797 6697 6978
f 6697 6698 6978
f 6698 6700 6978
f 6700 6699 6978
f 6700 6701 6699
f 6699 6701 6798
f 6798 6701 6799
f 6701 6702 6799
f 6799 6703 6979
f 6980 6704 6885
f 6704 6705 6885
f 6705 6800 6885
f 6800 6706 7147
f 6578 6579 6801
f 6801 6582 6886
f 6886 6707 6708
f 6802 6709 6887
f 6710 6711 6709
f 6889 6711 6803
f 6712 6713 6803
f 6713 6714 6803
f 6714 6715 6803
f 6715 51 6803
f 6803 51 6805
f 6890 6716 6806
f 6806 6716 6807
f 6807 6716 6894
f 6716 6717 6894
f 6808 6718 6809
f 27 6719 6811
f 6719 6720 6811
f 6811 6720 6812
f 6812 6720 6813
f 6813 6721 6814
f 6721 6722 6814
f 6722 6604 6814
f 6814 6604 6723
f 6723 6604 6815
f 6604 6724 6815
f 6724 6725 6815
f 6725 6726 6815
f 6815 6726 6816
f 6898 6816 6817
f 6817 6816 6900
f 6816 6727 6900
f 6727 6728 6900
f 6900 6728 6901
f 6728 6730 6901
f 6819 6818 6820
f 6731 6822 6820
f 6820 6822 6821
f 6822 6732 6823
f 6732 6614 6823
f 6823 6733 6824
f 6733 25 6824
f 25 6733 6902
f 6733 6735 6902
f 6735 7006 6902
f 7006 6735 6736
f 6903 6736 6825
f 6736 6737 6826
f 6737 6738 6826
f 6739 6740 6826
f 6826 6740 6825
f 6740 6741 6825
f 6825 6741 6904
f 6741 6742 7010
f 7010 6743 6827
f 6743 6906 6827
f 7013 6906 6828
f 6906 6744 6828
f 6744 6745 6828
f 6745 6746 6829
f 6746 6747 6829
f 6829 6748 6830
f 6830 6749 6831
f 6749 6750 6831
f 6750 6751 6831
f 6911 6831 6751
f 6751 6752 6832
f 6752 6753 6832
f 6753 6754 6832
f 6754 6755 6832
f 6832 6755 6833
f 6755 6638 6833
f 6638 6756 6833
f 6756 6757 6833
f 6833 6757 6834
f 6757 6758 6834
f 6834 6758 6835
f 6835 6758 6836
f 6836 6758 6837
f 6838 6837 6839
f 6837 6758 6839
f 6648 6759 6839
f 6759 6648 6840
f 6914 6760 6841
f 6760 6761 6841
f 6761 6760 6763
f 6760 6762 6763
f 6915 6916 6842
f 6917 6918 7021
f 6918 6765 6920
f 6765 6766 6920
f 6920 6766 6921
f 6844 6658 6767
f 6925 6924 6926
f 6924 6767 6926
f 6767 6658 6926
f 6658 6661 6926
f 6661 6927 6926
f 6927 6661 6845
f 6845 6768 6846
f 6768 6662 6846
f 6662 6769 6846
f 6769 6665 6846
f 6665 6770 6846
f 6846 6770 6929
f 6770 6771 6847
f 6771 6445 6847
f 6445 6772 6847
f 6772 6669 6847
f 6849 6671 6850
f 6671 6672 6850
f 6850 6672 6932
f 6851 6674 6935
f 6935 6674 6852
f 6937 6675 6938
f 6938 6547 7034
f 7034 6773 6853
f 6773 6774 6853
f 6774 6775 6853
f 6853 6679 6854
f 6854 6679 6855
f 6940 6856 6857
f 6941 6857 6943
f 6857 6855 6943
f 6855 6682 6943
f 6682 6776 6943
f 6858 6777 6859
f 6859 6778 6860
f 24 6779 7037
f 6779 6780 7037
f 7037 6780 7038
f 6780 6781 7038
f 7038 6781 6861
f 6781 6782 6861
f 6861 6782 6783
f 6783 6782 6951
f 6782 6785 6951
f 6785 6786 6951
f 6951 6786 6862
f 6862 6787 6952
f 6952 6787 6863
f 6863 6787 7130
f 7130 6787 6864
f 6864 6787 6953
f 6953 6786 6865
f 6956 6688 6866
f 6688 6788 6866
f 6866 6788 7040
f 6788 6789 7040
f 7040 6789 6958
f 6958 6789 6867
f 6789 6790 6867
f 6790 6791 6867
f 6791 6567 6867
f 6867 6567 6868
f 6868 6792 6869
f 6792 6793 6869
f 6793 53 6869
f 53 49 6869
f 6869 49 6870
f 49 43 6870
f 6870 43 6871
f 43 33 6871
f 33 44 6871
f 44 40 6872
f 40 45 6872
f 7048 6873 6874
f 6873 45 6874
f 6874 46 6964
f 46 47 6964
f 47 48 6875
f 48 41 7052
f 6967 6876 6877
f 6876 50 6877
f 50 49 6877
f 6969 6794 7054
f 7054 6794 6970
f 6794 6795 6970
f 6970 6796 6878
f 6882 6974 6883
f 6883 6974 6884
f 6974 6881 6884
f 6977 6797 7145
f 6797 6978 7145
f 6978 6699 6798
f 6798 6799 6979
f 6885 6800 7147
f 6706 6578 6981
f 6578 6801 6981
f 6886 6708 7062
f 7062 6708 6982
f 6982 6802 6887
f 6887 6709 6888
f 6709 6711 6888
f 6711 6889 6888
f 6803 6804 6889
f 6803 6805 6804
f 6805 51 6804
f 6891 6804 6890
f 6804 51 6890
f 6892 6890 7067
f 7067 6890 6893
f 6890 6806 6893
f 6893 6806 6807
f 6894 6808 6990
f 6808 6809 6991
f 6991 6809 6895
f 6809 6810 6895
f 6810 27 6895
f 6895 27 6995
f 27 26 6995
f 22 26 6896
f 26 27 6896
f 27 6811 6896
f 6896 6811 7079
f 7079 6811 6897
f 6811 6812 6897
f 6812 6813 6897
f 6813 6814 6897
f 6814 6723 6897
f 6723 6996 6897
f 6996 6723 6997
f 6723 6815 6997
f 6997 6815 6898
f 6815 6816 6898
f 6999 6898 6899
f 6898 6817 6899
f 7000 6900 6901
f 6901 6730 6819
f 6730 6818 6819
f 6819 6820 7172
f 6821 7002 6820
f 7002 6821 7004
f 7004 6821 19
f 6821 6822 19
f 6822 6823 19
f 6823 6824 19
f 6824 25 19
f 19 25 6902
f 7006 6736 7092
f 7092 6736 6903
f 6903 6825 7007
f 6736 6826 6825
f 6904 6741 7010
f 6905 6827 6906
f 7014 7013 6828
f 6828 6745 6907
f 6745 6829 6907
f 6829 6830 7015
f 6830 6908 7015
f 6908 6830 6909
f 6830 6831 6909
f 6909 6831 6910
f 6910 6831 6911
f 6911 6751 6912
f 6751 6832 6912
f 6832 6833 6912
f 6833 6834 6912
f 6834 6835 6912
f 6835 6836 6912
f 6836 6837 6912
f 6837 6838 6912
f 6912 6838 6913
f 6838 6839 6913
f 6913 6839 7018
f 7018 6839 6759
f 6840 6914 6759
f 6914 6841 7019
f 6841 6761 7019
f 6915 6761 6916
f 6761 6763 6916
f 6915 6842 7021
f 7021 6842 6917
f 7021 6918 7022
f 7104 6918 6919
f 6919 6918 6920
f 6921 6922 6919
f 6919 6922 7024
f 6657 6844 6843
f 6844 6767 6923
f 6923 6767 6924
f 6927 6845 7028
f 6845 6928 7028
f 6845 6846 6928
f 6846 6929 6928
f 6929 6770 7030
f 6770 6847 7030
f 7030 6847 6930
f 6847 6669 6930
f 6669 6848 6930
f 6848 6849 21
f 6849 6850 21
f 21 6850 6931
f 6850 6932 6931
f 6932 6672 6933
f 6933 6672 6934
f 6934 6851 6935
f 6935 6852 7032
f 6852 6937 7032
f 7034 6853 6939
f 6853 6854 6939
f 6854 6855 6939
f 6855 6856 6939
f 7121 6856 6940
f 6940 6857 6941
f 6942 6941 7035
f 7035 6941 6943
f 6943 6776 6944
f 6776 6858 6944
f 6858 6859 6944
f 6859 6860 6944
f 6860 24 6944
f 24 6945 6944
f 6947 6946 6948
f 6948 6946 6949
f 6946 6945 7037
f 6945 24 7037
f 7038 6861 6950
f 6861 6783 6950
f 6950 6783 6951
f 6951 6862 6952
f 6952 6863 7130
f 7130 6864 7039
f 6864 6953 7039
f 7039 6953 6954
f 6956 6955 6865
f 6865 6955 6954
f 6956 6866 7040
f 6957 7040 6958
f 7041 6958 6959
f 6958 6867 6959
f 6867 6868 6959
f 6868 6869 6959
f 6869 6870 6959
f 6870 6871 7042
f 7042 6871 6872
f 6871 44 6872
f 6872 45 6873
f 6960 6873 6961
f 6962 6961 6963
f 6873 7048 6961
f 7048 6874 6964
f 6965 6964 6966
f 6964 47 6966
f 6966 47 6875
f 6875 48 7052
f 7052 41 6967
f 41 6876 6967
f 6967 6877 6968
f 6877 6794 6968
f 6794 6969 6968
f 7055 6970 6971
f 6970 6878 6971
f 6878 6879 6971
f 7056 6879 7057
f 7057 6879 6972
f 6879 6880 6972
f 6881 6974 6973
f 6974 6882 6975
f 6975 6882 6882
f 6882 6883 6882
f 6882 6883 6884
f 6976 6884 6977
f 6976 6977 7145
f 6978 6798 7060
f 7061 7060 6798
f 7146 6979 6980
f 6979 6703 6980
f 6980 6885 7147
f 6981 6801 7148
f 6801 6886 7148
f 7148 6886 7062
f 6982 6887 7149
f 7149 6887 6983
f 6887 6888 6983
f 6983 6888 6984
f 6888 6889 6984
f 6984 6889 6985
f 6889 6804 6985
f 7063 6891 6986
f 6891 6890 6986
f 6890 6892 6986
f 6892 23 6987
f 23 7158 6988
f 7158 23 7067
f 23 6892 7067
f 7067 6893 6989
f 6893 6807 6990
f 6807 6894 6990
f 6990 6808 7068
f 7069 6808 6991
f 6992 6991 6993
f 6991 6895 6993
f 6895 6994 6993
f 7075 6994 6995
f 6994 6895 6995
f 6995 26 7076
f 7076 26 22
f 7077 22 7164
f 22 6896 7164
f 6997 6898 6998
f 6898 6999 6998
f 7246 6899 7082
f 6899 6817 7082
f 6817 6900 7082
f 7082 6900 7000
f 7000 6901 7001
f 7001 6901 7083
f 7083 6901 7084
f 7084 6901 7172
f 6901 6819 7172
f 7172 6820 7002
f 7003 7002 7004
f 19 7089 7004
f 19 6902 7005
f 6902 7006 7005
f 7007 6825 7093
f 7093 6825 7008
f 6825 6904 7008
f 6904 7009 7008
f 7009 6904 7010
f 7010 6827 7011
f 6827 6905 7011
f 7012 7011 7013
f 7011 6905 7013
f 6905 6906 7013
f 6828 6907 7014
f 18 6907 7015
f 6907 6829 7015
f 7182 6909 7016
f 7016 6909 7259
f 7259 6909 6911
f 6909 6910 6911
f 6911 6912 7017
f 6912 6913 7017
f 6913 7018 7017
f 6759 6914 7019
f 7019 6761 7101
f 6761 6915 7102
f 7020 6915 7021
f 7022 6918 7104
f 6920 6921 6919
f 7023 6919 7024
f 7024 6922 7025
f 6922 6843 7025
f 6844 6923 7106
f 6923 7107 7106
f 6923 6924 7108
f 6924 6925 7108
f 7108 6925 7109
f 6925 6926 7109
f 7109 6926 7110
f 7110 6926 7026
f 7026 6926 7112
f 7112 6926 7027
f 6926 6927 7027
f 6927 7028 7027
f 7028 6928 7029
f 7029 6928 7190
f 7190 6928 6929
f 6848 21 6930
f 6932 6933 6931
f 6933 6934 6931
f 6934 6935 7116
f 6935 6936 7116
f 7116 6936 7031
f 7031 6936 7031
f 6936 6935 7031
f 7031 6935 7032
f 7032 6937 7119
f 7119 6937 7034
f 6937 6938 7034
f 6939 6856 7034
f 7034 6856 7120
f 7120 6856 7121
f 6940 6941 7122
f 6941 6942 7122
f 7035 6943 7197
f 7197 6943 7123
f 7123 6943 6944
f 6944 6945 7123
f 7123 6945 7124
f 6945 6946 7124
f 6946 6947 7124
f 7124 6947 7125
f 7125 6947 6948
f 6947 6948 6948
f 6948 6949 6948
f 6948 6949 7201
f 6949 6946 7201
f 7127 6946 7036
f 7036 6946 7037
f 7038 6950 7129
f 6950 6951 7129
f 7129 6951 7206
f 6951 6952 7206
f 6952 7130 7206
f 6953 6865 6954
f 6954 6955 7131
f 6955 6956 7131
f 7131 6956 7040
f 6957 6958 7041
f 7208 7041 7133
f 7041 6959 7133
f 6959 6870 7133
f 7042 6872 7043
f 6872 6873 7043
f 6873 6960 7043
f 7043 6960 7133
f 7133 6960 7045
f 7045 6960 7044
f 6960 6961 7044
f 6961 6962 7044
f 7044 6962 7045
f 7045 6962 6963
f 6962 6963 6963
f 6963 6963 7046
f 6963 6961 7046
f 6961 7048 7046
f 7046 7048 7047
f 6964 7050 7048
f 7048 7050 7049
f 6964 6965 7050
f 6965 6966 7050
f 7050 6966 7051
f 6966 6875 7051
f 7136 7051 7052
f 7051 6875 7052
f 7052 6967 7053
f 6967 6968 7053
f 6968 6969 7053
f 7053 6969 7054
f 7054 6970 7055
f 7055 6971 7056
f 6971 6879 7056
f 6972 6880 7140
f 6880 6973 7140
f 7140 6973 7141
f 7141 6973 7058
f 6973 6974 7058
f 6974 6975 7058
f 7058 6975 7144
f 6975 6882 7144
f 6882 6884 7144
f 6884 6976 7144
f 7145 6978 7059
f 7059 6978 7060
f 15 7060 7061
f 7061 6798 7146
f 6798 6979 7146
f 7146 6980 7147
f 7147 6706 7148
f 6706 6981 7148
f 7062 6982 7149
f 6983 6984 7149
f 6984 6985 7224
f 6985 6804 7063
f 6804 6891 7063
f 7151 7063 7064
f 7064 7063 7065
f 7063 6986 7153
f 6986 6892 7153
f 6892 6987 7153
f 7153 6987 7155
f 6987 23 7155
f 23 6988 7155
f 7155 6988 7156
f 7156 6988 7066
f 7067 6989 7068
f 6989 6893 7068
f 6893 6990 7068
f 7068 6808 7069
f 7069 6991 7070
f 7070 6991 7071
f 6991 6992 7071
f 6992 6993 7071
f 7234 7072 7073
f 7072 7071 7073
f 7071 6993 7073
f 7073 6993 7235
f 6993 6994 7235
f 7074 6994 7075
f 7074 7075 7076
f 7075 6995 7076
f 7076 22 7077
f 7078 7164 7079
f 7164 6896 7079
f 7079 6897 7080
f 6897 6996 7080
f 6996 20 7080
f 7081 20 7313
f 20 6996 7313
f 6996 6997 7313
f 6997 6998 7313
f 6998 6999 7167
f 7167 6999 7246
f 6999 6899 7246
f 7000 7001 7082
f 7170 7084 7085
f 7084 7172 7085
f 7002 7003 7172
f 7172 7003 7173
f 7173 7003 7086
f 7086 7003 7174
f 7003 7004 7174
f 7174 7004 7087
f 7004 7089 7087
f 7089 7088 7176
f 7089 19 7088
f 7088 19 7090
f 19 7005 7090
f 7090 7005 7091
f 7005 7006 7091
f 7091 7006 7092
f 7092 6903 7093
f 6903 7007 7093
f 7093 7008 7094
f 7094 7008 7180
f 7180 7008 7095
f 7008 7009 7095
f 7009 7010 7095
f 7010 7011 7095
f 7011 7012 7095
f 7095 7012 7096
f 7096 7012 7097
f 7012 7013 7097
f 7097 7013 7098
f 7013 7014 7098
f 7014 6907 7098
f 6907 18 7098
f 7098 18 7099
f 7099 18 7100
f 18 7015 7100
f 7015 6908 7100
f 6908 6909 7182
f 7259 6911 7260
f 6911 7017 7260
f 6759 7019 7018
f 7101 6761 7102
f 7102 6915 7103
f 6915 7020 7103
f 7021 7022 7020
f 7104 6919 7105
f 6919 7023 7105
f 7023 7024 7105
f 7105 7024 7265
f 7024 7025 7106
f 7025 6843 7106
f 6843 6844 7106
f 6923 7108 7107
f 7107 7108 7267
f 7110 7026 7111
f 7111 7026 7112
f 7027 7028 7189
f 7189 7028 7190
f 7028 7029 7190
f 7190 6929 7113
f 6929 7030 7113
f 7113 7030 7114
f 7114 7030 7115
f 7030 6930 7115
f 7115 6930 7192
f 6930 21 7192
f 21 6931 7192
f 7192 6931 7116
f 6931 6934 7116
f 7116 7031 7117
f 7031 7031 7117
f 7117 7031 7118
f 7031 7032 7118
f 7032 7033 7118
f 7033 7032 7119
f 7119 7034 7120
f 7195 7121 7196
f 7278 6942 7197
f 6942 7035 7197
f 6948 7201 7125
f 7200 7125 7201
f 7126 7201 7127
f 7201 6946 7127
f 7128 7127 7205
f 7127 7036 7205
f 7036 7037 7205
f 7037 7038 7205
f 7205 7038 7129
f 7129 7206 7205
f 7130 7039 7284
f 7284 7039 7207
f 7039 6954 7207
f 7207 6954 7131
f 7131 7040 7132
f 7132 7040 7208
f 7040 6957 7208
f 6957 7041 7208
f 6870 7042 7133
f 7042 7043 7133
f 7134 7133 7045
f 7134 7045 7047
f 7045 6963 7047
f 6963 7046 7047
f 7047 7048 7287
f 7048 7049 7287
f 7049 7050 7135
f 7050 7051 7135
f 7135 7051 7136
f 7213 7136 7214
f 7136 7052 7214
f 7052 7053 7214
f 7053 7137 7214
f 7053 7054 7137
f 7054 7055 7137
f 7055 7056 7137
f 7056 7138 7137
f 7138 7056 7139
f 7056 7057 7139
f 7139 7057 7140
f 7057 6972 7140
f 7220 7141 7142
f 7141 7058 7142
f 7058 7143 7142
f 7143 7058 7221
f 7145 7059 15
f 7059 7060 15
f 15 7061 7146
f 7062 7149 7222
f 7149 6984 7224
f 7224 6985 7150
f 6985 7063 7150
f 7150 7063 7151
f 7151 7064 7152
f 7064 7065 7152
f 7063 7153 7065
f 7225 7065 7153
f 7153 7155 7154
f 7155 7156 7229
f 7303 7229 7156
f 7156 7066 7230
f 7230 7066 7157
f 7066 6988 7157
f 6988 7158 7157
f 7067 7068 7158
f 7158 7068 7070
f 7068 7069 7070
f 7159 7070 7072
f 7070 7071 7072
f 7160 7072 7234
f 7234 7073 7235
f 6994 7074 7235
f 7161 7074 7162
f 7074 7076 7162
f 7076 7077 7162
f 7162 7077 7163
f 7163 7077 7164
f 7164 7078 7165
f 7165 7078 7166
f 7078 7079 7166
f 7079 7080 7166
f 7080 20 7166
f 20 7081 7166
f 7081 7313 7243
f 7313 6998 7167
f 7168 7167 7246
f 7246 7082 7247
f 7082 7001 7247
f 7247 7001 7248
f 7001 7083 7248
f 7083 7084 7248
f 7084 7170 7248
f 7170 7169 7248
f 7171 7170 7249
f 7170 7085 7249
f 7172 7173 7318
f 7173 7086 7318
f 7175 7174 7176
f 7174 7087 7176
f 7087 7089 7176
f 7176 7088 7177
f 7088 17 7177
f 17 7088 7091
f 7088 7090 7091
f 7091 7254 7253
f 7091 7092 7254
f 7092 7179 7254
f 7092 7093 7179
f 7093 7094 7179
f 7180 7095 7096
f 7256 7096 7257
f 7257 7096 7098
f 7096 7097 7098
f 7099 7100 7326
f 7100 6908 7181
f 6908 7182 7181
f 7182 7016 7258
f 7016 7259 7258
f 7260 7017 7018
f 7019 7101 7018
f 7101 7102 7018
f 7262 7102 7022
f 7102 7103 7022
f 7103 7020 7022
f 7263 7022 7105
f 7022 7104 7105
f 7265 7024 7183
f 7024 7106 7183
f 7106 7107 7183
f 7183 7107 7267
f 7267 7108 7184
f 7108 7109 7184
f 7109 7110 7184
f 7184 7110 7185
f 7110 7111 7185
f 7187 7186 7188
f 7186 7111 7188
f 7111 7112 7188
f 7112 7027 7189
f 7190 7113 7333
f 7113 7114 7333
f 7114 7191 7333
f 7191 7114 7334
f 7114 7115 7334
f 7193 7192 7194
f 7192 7116 7194
f 7116 7117 7194
f 7117 7118 7194
f 7118 7033 7275
f 7033 7119 7275
f 7275 7119 7195
f 7119 7120 7195
f 7120 7121 7195
f 7276 7195 7196
f 7196 7121 7277
f 7121 6940 7277
f 6940 7122 7277
f 7122 6942 7277
f 7277 6942 7278
f 7123 7124 7197
f 7197 7124 7198
f 7198 7124 7199
f 7124 7125 7199
f 7199 7125 7200
f 7201 7126 7283
f 7126 7202 7283
f 7202 7126 7203
f 7126 7127 7203
f 7127 7128 7203
f 7350 7205 7206
f 7206 7130 7284
f 7207 7131 7132
f 7132 7208 7285
f 7208 7133 7134
f 7209 7134 7047
f 7287 7049 7288
f 7288 7049 7211
f 7049 7135 7211
f 7211 7135 7212
f 7212 7135 7213
f 7135 7136 7213
f 7358 7213 7214
f 7137 7138 7214
f 7214 7138 7292
f 7215 7292 7216
f 7292 7138 7216
f 7138 7139 7216
f 7139 7140 7217
f 7140 7141 7217
f 7141 7220 7217
f 7360 7217 7218
f 7218 7217 7219
f 7219 7217 7220
f 7142 7143 7220
f 7220 7143 7221
f 7221 7058 7294
f 7294 7058 7295
f 7058 7144 7295
f 7144 6976 7295
f 7295 6976 15
f 6976 7145 15
f 15 7146 7222
f 7146 7147 7222
f 7147 7148 7222
f 7148 7062 7222
f 7149 7223 7222
f 7223 7149 7224
f 7150 7151 7224
f 7151 7152 7224
f 7224 7152 7225
f 7152 7065 7225
f 7225 7153 7226
f 7153 7154 7226
f 7226 7154 7227
f 7154 7155 7227
f 7155 7229 7228
f 7300 7229 7301
f 7301 7229 7303
f 7303 7156 7230
f 7231 7230 7232
f 7230 7157 7232
f 7157 7158 7232
f 7158 7070 7232
f 7232 7070 7233
f 7070 7159 7233
f 7233 7159 7371
f 7159 7160 7371
f 7159 7072 7160
f 7235 7074 7161
f 7236 7161 7237
f 7161 7162 7237
f 7237 7162 7238
f 7162 7163 7238
f 7163 7164 7238
f 7164 7165 7238
f 7238 7165 7239
f 7240 7239 7241
f 7165 16 7239
f 7239 16 7242
f 16 7165 7242
f 7165 7166 7242
f 7166 7081 7242
f 7242 7081 7243
f 7313 7167 7381
f 7381 7167 7244
f 7167 7168 7244
f 7168 7245 7244
f 7245 7168 7246
f 7248 7169 13
f 7169 7170 13
f 7170 7171 13
f 7171 7249 13
f 7085 7172 7249
f 7172 7318 7249
f 7318 7086 7319
f 7086 7174 7319
f 7174 7175 7319
f 7319 7175 7390
f 7390 7175 7250
f 7175 7176 7250
f 7176 7177 7250
f 17 7178 7177
f 7177 7178 7251
f 7251 7178 7252
f 7252 7178 7253
f 7178 17 7253
f 17 7091 7253
f 7254 7179 7325
f 7179 7094 7325
f 7094 7180 7325
f 7325 7180 7255
f 7180 7096 7255
f 7098 7099 7257
f 7257 7099 7326
f 7326 7100 7258
f 7100 7181 7258
f 7181 7182 7258
f 7327 7258 7259
f 7260 7018 7261
f 7018 7102 7261
f 7261 7102 7262
f 7262 7022 7263
f 7263 7105 7264
f 7264 7105 7265
f 7265 7183 7266
f 7266 7183 7267
f 7267 7184 7268
f 7268 7184 7269
f 7184 7185 7269
f 7269 7185 7270
f 7185 7111 7270
f 7111 7186 7270
f 7186 7187 7271
f 7464 7271 7331
f 7271 7187 7331
f 7331 7187 7332
f 7187 7188 7332
f 7188 7112 7332
f 7112 7189 7332
f 7189 7272 7332
f 7272 7189 7400
f 7400 7189 7190
f 7334 7273 7335
f 7273 7334 7274
f 7334 7115 7274
f 7115 7192 7274
f 7274 7192 7337
f 7192 7193 7337
f 7193 7194 7275
f 7194 7118 7275
f 7275 7195 7276
f 7278 7197 7279
f 7280 7279 7281
f 7279 7197 7281
f 7197 7198 7281
f 7198 7199 7282
f 7199 7200 7283
f 7200 7201 7283
f 7407 7283 7409
f 7283 7202 7345
f 7345 7202 7203
f 7128 7204 7203
f 7128 7205 7350
f 7350 7206 7284
f 7284 7207 7351
f 7351 7207 7352
f 7207 7132 7352
f 7285 7208 7286
f 7208 7134 7286
f 7134 7209 7286
f 7209 7047 7286
f 7286 7047 7287
f 7288 7211 7289
f 7211 7210 7289
f 7289 7210 7418
f 7210 7211 7356
f 7212 7213 7290
f 7290 7213 7358
f 7358 7214 7292
f 7360 7359 7293
f 7359 7292 7293
f 7292 7215 7293
f 7215 7216 7293
f 7216 7139 7293
f 7139 7217 7360
f 7362 7218 12
f 12 7218 7427
f 7218 7219 7427
f 7427 7219 7294
f 7219 7220 7294
f 7220 7221 7294
f 7295 15 7296
f 15 7222 7296
f 7222 7223 7297
f 7223 7224 7297
f 7224 7225 7297
f 7297 7225 7298
f 7298 7225 7299
f 7225 7226 7299
f 7226 7227 7300
f 7227 7155 7300
f 7155 7228 7300
f 7228 7229 7300
f 7301 7303 7302
f 7303 7230 7434
f 7230 7231 7434
f 7231 7232 7369
f 7232 7233 7369
f 7371 7160 7304
f 7160 7234 7304
f 7304 7234 7373
f 7373 7234 7306
f 7234 7235 7306
f 7235 7161 7306
f 7161 7236 7306
f 7236 7237 7306
f 7306 7237 7375
f 7375 7237 7591
f 7591 7237 7376
f 7438 7376 7377
f 7377 7376 7307
f 7376 7237 7307
f 7237 7238 7307
f 7238 7239 7307
f 7239 7309 7307
f 7239 7240 7309
f 7378 7240 7310
f 7310 7240 7311
f 7311 7240 7241
f 7312 7241 7313
f 7241 7239 7313
f 7239 7242 7313
f 7242 7243 7313
f 7380 7313 7381
f 7245 14 7244
f 7244 14 7314
f 7314 14 7315
f 14 7245 7315
f 7245 7246 7315
f 7246 7247 7315
f 7315 7247 13
f 7247 7248 13
f 7385 13 7386
f 7386 13 7316
f 7316 13 7317
f 13 7249 7317
f 7317 7249 7318
f 7390 7250 7320
f 7250 7177 7320
f 7177 7251 7320
f 7320 7251 7321
f 7321 7251 7322
f 7322 7251 7323
f 7251 7252 7323
f 7252 7253 7323
f 7323 7253 7324
f 7253 7254 7324
f 7325 7255 7392
f 7255 7096 7394
f 7096 7256 7394
f 7394 7256 7457
f 7457 7256 7326
f 7256 7257 7326
f 7326 7258 7327
f 7327 7259 7458
f 7458 7259 7328
f 7259 7260 7328
f 7260 7261 7328
f 7261 7262 7328
f 7328 7329 7330
f 7330 7329 7262
f 7329 7328 7262
f 7263 7264 7262
f 7265 7266 7264
f 7264 7266 7397
f 7462 7266 7268
f 7266 7267 7268
f 7269 7270 7268
f 7186 7271 7270
f 7400 7190 7333
f 7333 7191 7334
f 7335 7273 7402
f 7402 7273 7336
f 7273 7274 7336
f 7336 7274 7467
f 7274 7337 7467
f 7337 7193 7338
f 7193 7275 7338
f 7275 7276 7338
f 7403 7196 7339
f 7339 7196 7340
f 7196 7277 7340
f 7277 7278 7340
f 7278 7279 7340
f 7340 7279 7342
f 7342 7279 7406
f 7279 7280 7406
f 7281 7198 7280
f 7198 7282 7280
f 7282 7199 7280
f 7199 7283 7280
f 7280 7283 7343
f 7343 7283 7407
f 7408 7407 7409
f 7409 7283 7344
f 7283 7345 7344
f 7345 7203 7346
f 7347 7346 7349
f 7346 7203 7349
f 7203 7204 7349
f 7204 7128 7349
f 7128 7350 7349
f 7350 7284 7351
f 7352 7132 7353
f 7132 7285 7353
f 7354 7353 7286
f 7353 7285 7286
f 7286 7287 7354
f 7415 7287 7355
f 7287 7288 7355
f 7355 7288 7416
f 7288 7289 7416
f 7416 7289 7417
f 7417 7289 7418
f 7418 7210 7356
f 7419 7356 7420
f 7356 7211 7420
f 7211 7212 7420
f 7212 7290 7420
f 7290 7291 7420
f 7420 7291 7421
f 7421 7291 7357
f 7357 7291 7358
f 7291 7290 7358
f 7423 7358 7359
f 7358 7292 7359
f 7426 7359 7360
f 7293 7139 7360
f 7361 7360 7218
f 7427 7294 7428
f 7294 7295 7428
f 7428 7295 7363
f 7295 7296 7363
f 7296 7222 7363
f 7222 7297 7363
f 7297 7298 7363
f 7298 7299 7363
f 7299 7226 7363
f 7226 7300 7363
f 7300 7301 7364
f 7364 7301 7429
f 7429 7301 7365
f 7301 7302 7365
f 7366 7365 7431
f 7431 7365 7302
f 7302 7303 7367
f 7303 7434 7367
f 7434 7231 7368
f 7368 7231 7369
f 7370 7369 7371
f 7369 7233 7371
f 7501 7371 7372
f 7371 7304 7372
f 7304 7305 7372
f 7435 7305 7436
f 7305 7304 7436
f 7374 7373 7437
f 7373 7306 7437
f 7437 7306 7375
f 7377 7307 7308
f 7443 10 7508
f 10 7308 7508
f 7508 7308 7378
f 7308 7307 7378
f 7307 7309 7378
f 7309 7240 7378
f 7444 7310 7379
f 7310 7311 7379
f 7311 7241 7379
f 7379 7241 7312
f 7312 7313 7380
f 7382 7512 7446
f 7512 7381 7446
f 7381 7244 7446
f 7244 7314 7446
f 7446 7314 7383
f 7314 7315 7384
f 7315 13 7384
f 13 7385 7384
f 7386 7316 7387
f 7316 11 7387
f 7448 7387 7388
f 7387 11 7388
f 11 7316 7388
f 7316 7317 7388
f 7317 7318 7388
f 7388 7318 7319
f 7319 7390 7389
f 7390 7320 7449
f 7321 7322 7519
f 7322 7323 7391
f 7391 7323 7324
f 7324 7254 7392
f 7254 7325 7392
f 7392 7255 7393
f 7255 7394 7393
f 7457 7326 7458
f 7326 7327 7458
f 7458 7328 7395
f 7328 7330 7395
f 7330 7396 7395
f 7396 7330 7397
f 7330 7262 7397
f 7262 7264 7397
f 7397 7266 7398
f 7398 7266 7462
f 7462 7268 7463
f 7268 7270 7463
f 7270 7271 7463
f 7463 7271 7464
f 7464 7331 7465
f 7331 7332 7465
f 7465 7332 7399
f 7399 7332 7272
f 7400 7333 7401
f 7333 7334 7401
f 7334 7335 7401
f 7338 7276 7403
f 7276 7196 7403
f 7403 7339 7469
f 7469 7339 7470
f 7470 7339 7340
f 7340 7342 7341
f 7404 7342 7406
f 7280 7343 7406
f 7409 7344 7410
f 7344 7345 7410
f 7410 7345 7475
f 7345 7346 7475
f 7475 7346 7529
f 7346 7347 7529
f 7529 7347 7411
f 7411 7411 7412
f 7411 7347 7412
f 7347 7348 7412
f 7347 7349 7348
f 7349 7350 7348
f 7348 7350 7413
f 7350 7351 7413
f 7351 7352 7413
f 7353 7354 7414
f 7354 7287 7415
f 7416 7417 7482
f 7418 7356 7485
f 7485 7356 7486
f 7486 7356 7419
f 7488 7419 7420
f 7421 7357 7422
f 7422 7357 7422
f 7422 7357 7576
f 7357 7358 7576
f 7358 7423 7576
f 7423 7359 7424
f 7359 7426 7425
f 7426 7360 7492
f 7360 7361 7492
f 7218 7362 7361
f 7361 7362 7493
f 7493 7362 12
f 7363 7300 7428
f 7300 7364 7428
f 7364 7429 7428
f 7365 7366 7429
f 7429 7366 7430
f 7366 7431 7430
f 7497 7430 7432
f 7430 7431 7432
f 7432 7431 7433
f 7431 7498 7433
f 7498 7431 7367
f 7431 7302 7367
f 7499 7367 7434
f 7434 7368 7500
f 7500 7368 7370
f 7368 7369 7370
f 7370 7371 7501
f 7501 7372 7503
f 7372 7305 7503
f 7503 7305 7435
f 7304 7373 7436
f 7373 7374 7436
f 7374 7437 7436
f 7437 7375 7591
f 7591 7376 7438
f 7438 7377 7439
f 7377 7308 7439
f 7440 7439 7441
f 7439 7308 7441
f 7308 10 7441
f 7441 10 7442
f 7508 7378 7444
f 7378 7310 7444
f 7444 7379 7445
f 7379 7312 7445
f 7511 7445 7512
f 7445 7312 7512
f 7312 7380 7512
f 7380 7381 7512
f 7512 7382 7551
f 7446 7383 7552
f 7514 7383 7553
f 7383 7314 7515
f 7314 7384 7515
f 7385 7386 7447
f 7386 7387 7447
f 7387 7448 7447
f 7388 7319 7448
f 7319 7389 7448
f 7448 7389 7516
f 7516 7389 7449
f 7389 7390 7449
f 7517 7449 7450
f 7449 7320 7450
f 7320 7321 7450
f 7450 7321 7518
f 7321 7519 7518
f 7519 7322 7451
f 7322 7391 7451
f 7391 7324 7451
f 7324 7392 7451
f 7452 7451 7453
f 7451 7392 7453
f 7453 7392 7454
f 7454 7392 7455
f 7455 7392 7456
f 7392 7393 7456
f 7393 7394 7456
f 7394 7457 7456
f 7458 7395 7459
f 7395 7396 7459
f 7396 7397 7459
f 7397 7398 7459
f 7459 7398 7460
f 7460 7398 7461
f 7398 7462 7461
f 7272 7400 7399
f 7399 7400 7524
f 7524 7400 7466
f 7400 7401 7466
f 7401 7335 7466
f 7335 7402 7466
f 7402 7336 7467
f 7467 7337 7468
f 7337 7338 7468
f 7338 7403 7468
f 7403 7469 7468
f 7469 7470 9
f 7340 7341 7470
f 7341 7342 7470
f 7342 7404 7470
f 7404 7405 7470
f 7404 7406 7471
f 7406 7343 7471
f 7407 7408 7343
f 7343 7408 7472
f 7408 7409 7472
f 7409 7410 7473
f 7473 7410 7474
f 7529 7411 7476
f 7411 7411 7476
f 7476 7411 7477
f 7411 7412 7477
f 7412 7348 7477
f 7348 7413 7477
f 7413 7352 7477
f 7477 7352 7478
f 7352 7353 7478
f 7353 7414 7478
f 7478 7414 7532
f 7414 7354 7533
f 7533 7354 7481
f 7479 7481 7480
f 7481 7354 7480
f 7354 7415 7480
f 7415 7355 7480
f 7480 7355 7482
f 7355 7416 7482
f 7483 7482 7484
f 7482 7417 7484
f 7417 7418 7484
f 7484 7418 7485
f 7486 7419 7487
f 7420 7421 7488
f 7488 7421 7489
f 7489 7421 7490
f 7421 7422 7490
f 7422 7422 7490
f 7490 7422 7576
f 7576 7423 7425
f 7423 7424 7425
f 7424 7359 7425
f 7425 7426 7491
f 7491 7426 7492
f 7493 12 7494
f 12 7427 7494
f 7427 7428 7494
f 7494 7428 7537
f 7428 7429 7537
f 7429 7430 7537
f 7430 7497 7537
f 7537 7497 7538
f 7497 7495 7538
f 7496 7495 7497
f 7432 7433 7498
f 7498 7367 7499
f 7500 7370 7586
f 7586 7370 7501
f 7502 7501 7503
f 7503 7435 7504
f 7435 7436 7504
f 7436 7437 7591
f 7591 7438 7505
f 7505 7438 7506
f 7438 7439 7506
f 7506 7439 7440
f 7544 7440 7442
f 7440 7441 7442
f 7507 7442 7545
f 7442 10 7545
f 10 7443 7545
f 7443 7508 7545
f 7509 7444 7511
f 7444 7445 7511
f 7513 7551 7382
f 7382 7446 7552
f 7552 7383 7514
f 7553 7383 7515
f 7384 7385 7515
f 7515 7385 7554
f 7385 7447 7554
f 7554 7447 7555
f 7447 7448 7555
f 7555 7448 7516
f 7516 7449 7517
f 7519 7451 7520
f 7451 7452 7520
f 7452 7453 7520
f 7453 7454 7520
f 7454 7455 7520
f 7455 7456 7558
f 7456 7457 7558
f 7558 7457 7521
f 7457 7458 7521
f 7458 7459 7521
f 7459 7460 7521
f 7461 7462 7560
f 7560 7462 7522
f 7462 7463 7522
f 7463 7464 7522
f 7522 7464 7523
f 7464 7465 7523
f 7399 7524 7465
f 7524 7466 7607
f 7466 7402 7561
f 7402 7467 7561
f 7525 7561 7526
f 7561 7467 7526
f 7467 7468 7526
f 7468 7469 7526
f 7469 9 7526
f 7470 7563 9
f 7563 7470 7565
f 7470 7405 7565
f 7405 7404 7565
f 7567 7565 7527
f 7565 7404 7527
f 7404 7471 7527
f 7471 7343 7527
f 7527 7343 7567
f 7343 7472 7567
f 7409 7473 7472
f 7473 7474 7472
f 7474 7410 7528
f 7410 7475 7528
f 7475 7529 7528
f 7528 7529 7570
f 7570 7529 7652
f 7530 7529 7477
f 7529 7476 7477
f 7531 7477 7478
f 7532 7414 7533
f 7533 7481 7479
f 7480 7482 7479
f 7482 7534 7479
f 7534 7482 7573
f 7482 7483 7573
f 7483 7484 7573
f 7484 7485 7573
f 7485 7486 7573
f 7486 7487 7573
f 7535 7487 7620
f 7487 7419 7620
f 7620 7419 7621
f 7419 7488 7621
f 7488 7489 7575
f 7490 7576 7489
f 7576 7425 7491
f 7536 7491 7493
f 7491 7492 7493
f 7492 7361 7493
f 7493 7494 7580
f 7580 7494 7537
f 7582 7537 7538
f 7496 7583 7495
f 7583 7496 7499
f 7496 7497 7499
f 7497 7432 7499
f 7432 7498 7499
f 7499 7434 7585
f 7585 7434 7586
f 7434 7500 7586
f 7586 7501 7587
f 7501 7502 7587
f 7588 7502 7589
f 7589 7502 7539
f 7502 7503 7539
f 7539 7503 7540
f 7503 7504 7540
f 7504 7436 7540
f 7436 7591 7540
f 7591 7505 7541
f 7541 7505 7674
f 7505 7506 7674
f 7674 7506 7592
f 7592 7506 7542
f 7506 7440 7542
f 7440 7544 7542
f 7542 7544 7543
f 7442 7507 7544
f 7593 7507 7545
f 7546 7545 7547
f 7545 7508 7547
f 7508 7444 7547
f 7444 7509 7547
f 7596 7548 7509
f 7548 7547 7509
f 7511 7510 7509
f 7509 7510 7549
f 7510 7511 7550
f 7511 7512 7550
f 7512 7551 7550
f 7513 7382 7552
f 7552 7514 7553
f 7601 7553 7602
f 7553 7515 7602
f 7515 7554 7602
f 7603 7554 7555
f 7516 7517 7556
f 7517 7450 7556
f 7450 7518 7556
f 7556 7518 7557
f 7518 7519 7557
f 7519 7520 7557
f 7520 7455 7557
f 7455 7558 7557
f 7521 7460 7558
f 7558 7460 7559
f 7460 7461 7559
f 7559 7461 7560
f 7465 7524 7523
f 7607 7466 7561
f 7525 7526 7562
f 7526 9 7562
f 9 7563 7562
f 7645 7563 7564
f 7563 7565 7564
f 7564 7565 7646
f 7565 7567 7611
f 7567 7472 7568
f 7568 7472 7474
f 7474 7528 7569
f 7528 7570 7569
f 7570 8 7569
f 8 7570 7613
f 7652 7529 7615
f 7529 7530 7615
f 7530 7477 7615
f 7477 7531 7615
f 7531 7478 7571
f 7478 7532 7571
f 7571 7532 7617
f 7617 7532 7572
f 7532 7533 7572
f 7533 7479 7572
f 7479 7534 7572
f 7573 7487 7574
f 7487 7535 7574
f 7657 7535 7619
f 7535 7620 7619
f 7621 7488 7575
f 7622 7489 7576
f 7577 7576 7578
f 7576 7491 7578
f 7491 7579 7578
f 7491 7536 7579
f 7536 7493 7579
f 7579 7493 7580
f 7580 7537 7581
f 7581 7537 7626
f 7626 7537 7582
f 7627 7584 7585
f 7584 7583 7585
f 7583 7499 7585
f 7587 7502 7588
f 7539 7 7590
f 7590 7 7632
f 7 7539 7632
f 7539 7540 7632
f 7540 7591 7632
f 7632 7591 7541
f 7541 7674 7633
f 7542 7543 7592
f 7592 7543 7634
f 7635 7543 7636
f 7543 7544 7636
f 7544 7507 7636
f 7636 7507 7593
f 7593 7545 7594
f 7545 7546 7594
f 7547 7548 7546
f 7546 7548 7595
f 7595 7548 7678
f 7678 7548 7596
f 7596 7509 7597
f 7509 7549 7597
f 7597 7549 7598
f 7549 7510 7598
f 7510 7550 7598
f 7550 7551 7598
f 7551 7513 7598
f 7552 7553 7513
f 7513 7553 7600
f 7600 7553 7601
f 7602 7554 7603
f 7516 7556 7555
f 7557 7558 7605
f 7558 7559 7605
f 7559 7560 7605
f 7605 7560 7606
f 7560 7522 7606
f 7606 7522 7607
f 7522 7523 7607
f 7523 7524 7607
f 7607 7561 7608
f 7561 7525 7608
f 7525 7643 7608
f 7643 7525 7609
f 7525 7562 7609
f 7562 7563 7609
f 7645 7564 7646
f 7647 7646 7610
f 7610 7646 7611
f 7646 7565 7611
f 7567 7566 7611
f 7611 7566 7649
f 7649 7566 7612
f 7566 7567 7612
f 7567 7568 7612
f 7568 7474 7612
f 7474 7569 7612
f 7569 8 7612
f 7612 8 7650
f 7613 7570 7652
f 7615 7531 7653
f 7616 7653 7617
f 7653 7531 7617
f 7531 7571 7617
f 7617 7572 7654
f 7654 7572 7618
f 7572 7534 7618
f 7534 7573 7618
f 7618 7573 7696
f 7573 7574 7696
f 7574 7535 7656
f 7656 7535 7657
f 7621 7575 7658
f 7575 7489 7658
f 7489 7622 7658
f 7622 7576 7623
f 7576 7577 7623
f 7577 7624 7623
f 7623 7624 7659
f 7726 7624 7701
f 7701 7624 7660
f 7624 7577 7660
f 7660 7577 7625
f 7577 7578 7625
f 7578 7579 7625
f 7579 7580 7625
f 7580 7581 7625
f 7581 7626 7625
f 7662 7626 7538
f 7626 7582 7538
f 7495 7583 7664
f 7583 7584 7664
f 7664 7584 7627
f 7628 7627 7629
f 7627 7585 7629
f 7585 7586 7629
f 7586 7587 7629
f 7587 7588 7630
f 7630 7588 7631
f 7588 7589 7631
f 7589 7539 7631
f 7539 7590 7631
f 7631 7590 7710
f 7632 7541 7633
f 7674 7592 7634
f 7634 7543 7635
f 7637 7636 7638
f 7636 7593 7638
f 7593 7594 7638
f 7594 7546 7677
f 7546 7595 7677
f 7744 7677 7678
f 7677 7595 7678
f 7678 7596 7680
f 7596 7597 7680
f 7680 7597 7681
f 7597 7598 7681
f 7598 7513 7681
f 7681 7513 7599
f 7513 7600 7599
f 7599 7600 7639
f 7600 7601 7639
f 7601 7602 7639
f 7602 7603 7639
f 7603 7555 7639
f 7555 7556 7683
f 7556 7604 7683
f 7683 7604 7557
f 7604 7556 7557
f 7557 7605 7640
f 7605 7606 7640
f 7606 7607 7640
f 7640 7607 7641
f 7607 7608 7641
f 7608 7643 7641
f 7641 7643 7642
f 7643 7609 7644
f 7609 7563 7644
f 7563 7645 7644
f 7686 7645 7646
f 7647 7610 7687
f 7611 7649 7648
f 7612 7650 7689
f 8 7613 7650
f 7650 7613 7651
f 7613 7652 7651
f 6 7651 7652
f 7652 7614 6
f 7614 7652 7653
f 7652 7615 7653
f 7653 7616 7694
f 7616 7617 7654
f 7655 7618 7696
f 7696 7574 7656
f 7656 7657 7698
f 7657 7619 7699
f 7619 7620 7699
f 7620 7621 7699
f 7621 7658 7699
f 7623 7659 7622
f 7659 7624 7725
f 7725 7624 7726
f 7660 7625 7661
f 7661 7625 7662
f 7625 7626 7662
f 7662 7538 7663
f 7538 7495 7663
f 7702 7663 7495
f 7664 7627 7628
f 7628 7666 7665
f 7703 7665 7666
f 7706 7666 7667
f 7666 7628 7707
f 7707 7628 7708
f 7708 7628 7668
f 7668 7628 7669
f 7628 7629 7669
f 7629 7587 7669
f 7669 7587 7670
f 7587 7630 7670
f 7670 7630 7631
f 7710 7590 7671
f 7590 7632 7671
f 7632 7633 7671
f 7633 5 7671
f 7672 7671 7673
f 7671 5 7673
f 7673 5 7674
f 5 7633 7674
f 7674 7634 7675
f 7635 7636 7634
f 7634 7636 7676
f 7676 7636 7713
f 7636 7637 7713
f 7713 7637 7714
f 7714 7637 7677
f 7637 7638 7677
f 7638 7594 7677
f 7679 7678 7680
f 7681 7599 7682
f 7599 7639 7682
f 7639 7555 7683
f 7683 7557 7684
f 7557 7640 7684
f 7640 7641 7684
f 7641 7642 7684
f 7684 7642 7685
f 7642 7643 7685
f 7643 7644 7685
f 7644 7645 7685
f 7685 7645 7686
f 7646 7647 7686
f 7686 7647 7687
f 7610 7611 7687
f 7687 7611 7688
f 7611 7648 7688
f 7649 7612 7648
f 7689 7650 7748
f 7748 7650 7651
f 7690 7651 7691
f 7691 7651 6
f 6 7614 7692
f 7614 7693 7692
f 7693 7614 7694
f 7614 7653 7694
f 7616 7654 7695
f 7654 7618 7695
f 7618 7655 7695
f 7655 7696 7695
f 7696 7656 7697
f 7697 7656 7698
f 7698 7657 7699
f 7699 7658 7724
f 7658 7622 7724
f 7724 7622 7700
f 7700 7622 7725
f 7622 7659 7725
f 7725 7726 7759
f 7727 7726 7701
f 7660 7661 7701
f 7661 7662 7701
f 7701 7662 7727
f 7727 7662 7728
f 7662 7663 7728
f 7728 7663 7702
f 7702 7495 7703
f 7495 7664 7703
f 7664 7628 7703
f 7628 7665 7703
f 7703 7666 4
f 7666 7706 4
f 4 7730 7704
f 7705 7730 7706
f 7730 4 7706
f 7666 7707 7667
f 7669 7670 7668
f 7668 7670 7708
f 7708 7670 7709
f 7670 7631 7709
f 7709 7631 7710
f 7735 7710 7711
f 7710 7671 7711
f 7671 7672 7711
f 7711 7672 7741
f 7741 7672 7675
f 7672 7673 7675
f 7673 7674 7675
f 7675 7634 7712
f 7712 7634 7742
f 7634 7676 7742
f 7714 7677 7744
f 7744 7678 7715
f 7678 7679 7715
f 7679 7680 7715
f 7680 7681 7715
f 7715 7681 7746
f 7746 7681 7682
f 7682 7639 7777
f 7639 7683 7777
f 7777 7683 7716
f 7683 7684 7716
f 7684 7685 7716
f 7685 7686 7716
f 7686 7687 7716
f 7716 7687 7717
f 7687 7688 7717
f 7688 7648 7717
f 7717 7648 7718
f 7648 7612 7718
f 7612 7689 7718
f 7718 7689 7748
f 7748 7651 7796
f 7651 7690 7796
f 7690 7691 7751
f 7691 6 7751
f 7751 6 7719
f 6 7692 7719
f 7719 7692 7720
f 7692 7693 7720
f 7693 7694 7720
f 7720 7694 7721
f 7723 7721 7722
f 7721 7694 7722
f 7694 7616 7722
f 7616 7695 7722
f 7695 7696 7722
f 7722 7696 7723
f 7696 7697 7723
f 7697 7698 7756
f 7756 7698 7699
f 7757 7699 7724
f 7724 7700 7783
f 7700 7725 7783
f 7758 7783 7725
f 7784 7759 7726
f 7728 7702 7761
f 7761 7702 7704
f 7702 7703 7704
f 7703 4 7704
f 7704 3 7729
f 7764 3 7730
f 3 7704 7730
f 7730 7705 7731
f 7706 7732 7705
f 7732 7706 7766
f 7706 7667 7766
f 7766 7667 7733
f 7667 7707 7733
f 7733 7707 7734
f 7707 7708 7734
f 7708 7709 7735
f 7709 7710 7735
f 7737 7736 7738
f 7736 7735 7738
f 7735 7711 7738
f 7738 7711 7740
f 7711 7741 7740
f 7741 7675 7712
f 7712 7742 7769
f 7742 7676 7769
f 7769 7676 7743
f 7676 7713 7743
f 7713 7714 7744
f 7744 7715 7745
f 7775 7745 7746
f 7745 7715 7746
f 7776 7682 7777
f 7716 7717 7777
f 7717 7718 7747
f 7747 7718 7748
f 7690 2 7796
f 2 7690 7749
f 7690 7751 7749
f 7749 7751 7750
f 7719 7720 7751
f 7720 7752 7751
f 7752 7720 7779
f 7720 7721 7779
f 7779 7721 7753
f 7721 7723 7753
f 7754 7723 7756
f 7723 7697 7756
f 7782 7756 7757
f 7756 7699 7757
f 7757 7724 7783
f 7758 7725 7759
f 7784 7726 7785
f 7726 7727 7785
f 7785 7727 7760
f 7727 7728 7760
f 7760 7728 7761
f 7761 7704 7762
f 7704 7729 7762
f 7729 3 7763
f 7764 7730 7790
f 7730 7731 7790
f 7791 7731 7705
f 7705 7732 7792
f 7732 7766 7792
f 7765 7792 7766
f 7733 7734 7766
f 7708 7735 7734
f 7735 7736 7734
f 7736 7737 7734
f 7737 7738 7739
f 7739 7738 7767
f 7738 7740 7767
f 7767 7740 7811
f 7741 7712 7740
f 7811 7740 7768
f 7740 7712 7768
f 7769 7743 7770
f 7770 7743 7772
f 7743 7713 7772
f 7713 7744 7772
f 7772 7744 7773
f 7744 7745 7773
f 7773 7745 7774
f 7746 7682 7776
f 7777 7717 7747
f 7747 7748 7796
f 2 7749 7750
f 7797 7750 7778
f 7750 7751 7778
f 7751 7752 7778
f 7778 7752 7779
f 7799 7779 7780
f 7780 7779 7753
f 7723 7754 7753
f 7754 7755 7753
f 7780 7755 7781
f 7781 7755 7801
f 7755 7754 7801
f 7754 7756 7801
f 7801 7756 7782
f 7803 7782 7783
f 7782 7757 7783
f 7783 7758 7814
f 7758 7759 7784
f 7786 7785 7787
f 7785 7760 7787
f 7760 7761 7787
f 7761 7762 7787
f 7762 7729 7787
f 7729 7763 7787
f 3 7764 7763
f 7763 7764 7788
f 7788 7764 7789
f 7764 7790 7807
f 7790 7731 7791
f 7791 7705 7792
f 7809 7792 7793
f 7792 7765 7793
f 7765 7766 7767
f 7766 7734 7767
f 7734 7737 7767
f 7737 7739 7767
f 7794 7767 7811
f 7811 7768 7795
f 7768 7712 7795
f 7712 7769 7795
f 7769 7770 7795
f 7770 7771 7795
f 7771 7770 7772
f 7774 7745 7825
f 7825 7745 7775
f 7775 7746 7796
f 7746 7776 7796
f 7776 7777 7796
f 7777 7747 7796
f 7796 2 7797
f 2 7750 7797
f 7827 7812 7798
f 7812 7778 7798
f 7778 7779 7798
f 7798 7779 7799
f 7753 7755 7780
f 7813 7780 7800
f 7780 7781 7800
f 7800 7781 7801
f 7801 7782 7802
f 7782 7803 7802
f 7783 7814 7803
f 7814 7758 7804
f 7758 7784 7804
f 7784 7785 7804
f 7804 7785 7805
f 7805 7785 7831
f 7785 7786 7831
f 7831 7786 7815
f 7815 7786 7817
f 7786 7787 7817
f 7763 7788 7787
f 7788 7789 7787
f 7806 7789 7807
f 7789 7764 7807
f 7821 7807 7808
f 7807 7790 7808
f 7790 7791 7808
f 7791 7792 7808
f 7792 7809 7808
f 7809 7793 7823
f 7793 7765 7823
f 7765 7767 7823
f 7767 7794 7823
f 7823 7794 7810
f 7794 7811 7810
f 7811 7795 7771
f 7824 7773 7774
f 7825 7775 7826
f 7775 7796 7826
f 7796 7797 7826
f 7778 7812 7797
f 7798 7799 7828
f 7799 7780 7843
f 7780 7813 7843
f 7801 7802 7800
f 7800 7802 7814
f 7802 7803 7814
f 7844 7814 7830
f 7814 7804 7830
f 7805 7831 7804
f 7816 7815 7817
f 7818 7817 7851
f 7817 7787 7851
f 7787 7789 7851
f 7789 7806 7851
f 7819 7806 7820
f 7806 7807 7820
f 7807 7835 7820
f 7835 7807 7821
f 7821 7808 7838
f 7808 7809 7838
f 7838 7809 7854
f 7854 7809 7822
f 7822 7809 7823
f 7823 7810 7840
f 7810 7811 7840
f 7811 7771 7840
f 7771 7772 7840
f 7840 7772 7824
f 7772 7773 7824
f 7824 7774 7825
f 7826 7797 7842
f 7797 7812 7842
f 7842 7812 7827
f 7827 7798 7828
f 7828 7799 7843
f 7843 7813 7829
f 7813 7800 7829
f 7800 7814 7829
f 7829 7814 7844
f 7830 7804 7845
f 7845 7804 7857
f 7804 7831 7857
f 7846 7831 7832
f 7831 7815 7832
f 7832 7815 7816
f 7816 7817 7849
f 7817 7818 7849
f 7806 7833 7851
f 7833 7806 7834
f 7806 7819 7834
f 7834 7819 7835
f 7819 7820 7835
f 7853 7835 7836
f 7836 7835 7837
f 7835 7821 7837
f 7821 1 7837
f 1 7821 7838
f 7854 7822 7839
f 7822 7823 7839
f 7823 7840 7839
f 7840 7824 7841
f 7841 7824 7856
f 7824 7825 7856
f 7856 7825 7842
f 7825 7826 7842
f 7842 7827 7843
f 7827 7828 7843
f 7829 7844 7843
f 7844 7830 7845
f 7857 7831 7858
f 7858 7831 7846
f 7863 7846 7847
f 7847 7846 7848
f 7846 7832 7848
f 7832 7816 7848
f 7848 7816 7849
f 7849 7818 7850
f 7850 7818 7851
f 7860 7833 7852
f 7833 7834 7852
f 7834 7835 7852
f 7835 7853 7852
f 7861 7837 7854
f 7837 1 7854
f 1 7838 7854
f 7854 7839 7855
f 7839 7840 7855
f 7840 7841 7855
f 7893 7841 7856
f 7842 7843 7857
f 7843 7844 7857
f 7844 7845 7857
f 7858 7846 7863
f 7863 7847 7859
f 7859 7847 7859
f 7847 7848 7859
f 7848 121 7859
f 7872 121 7849
f 121 7848 7849
f 7849 7850 7873
f 7850 7851 7873
f 7873 7851 7833
f 7852 7853 7875
f 7875 7853 7837
f 7853 7836 7837
f 7892 7837 7861
f 7861 7854 7841
f 7854 7855 7841
f 7861 7841 7893
f 7893 7856 7862
f 7856 7842 7862
f 7842 7857 7862
f 7857 7858 7862
f 7863 7859 7894
f 7894 7859 7864
f 7859 7859 7864
f 7864 7859 7865
f 7859 121 7865
f 7865 122 7867
f 122 123 7867
f 123 124 7867
f 119 118 124
f 118 125 124
f 124 125 103
f 7869 102 7885
f 102 126 7885
f 7885 126 7870
f 126 96 7870
f 96 127 7870
f 129 128 127
f 127 128 7886
f 7886 128 7887
f 7887 128 130
f 128 129 130
f 7871 130 117
f 130 131 117
f 131 116 117
f 120 121 7872
f 7872 7849 7873
f 7890 7873 7874
f 7873 7833 7874
f 7833 7860 7874
f 7875 7837 7892
f 7893 7862 7876
f 7862 7858 7876
f 7858 7863 7876
f 7876 7863 7877
f 7877 7863 7894
f 7894 7864 7895
f 7864 7865 7895
f 7895 7865 7878
f 7865 7866 7878
f 7879 7878 7880
f 7878 7866 7880
f 7866 7865 7880
f 7865 7867 7880
f 7880 7867 7881
f 7881 7867 7882
f 7867 124 7882
f 124 7868 7882
f 7882 7868 7883
f 7868 124 7883
f 7883 124 7884
f 124 103 7884
f 103 7869 7884
f 7884 7869 7885
f 7884 7885 7870
f 7870 127 7886
f 130 7871 7897
f 7897 7871 7899
f 7871 117 7899
f 117 120 7899
f 120 7888 7899
f 7888 120 7889
f 120 7872 7889
f 7872 7873 7889
f 7873 7890 7888
f 7874 7860 7890
f 7860 7852 7890
f 7890 7852 7891
f 7852 7875 7891
f 7893 7876 7877
f 7877 7894 7900
f 7878 7879 7895
f 7895 7879 7904
f 7880 7881 7879
f 7881 7882 7879
f 7882 7883 7879
f 7879 7883 7884
f 7884 7870 7886
f 7886 7887 7896
f 7887 130 7897
f 7898 7897 7899
f 7889 7873 7888
f 7902 7890 7891
f 7891 7875 7903
f 7875 7892 7903
f 7892 7861 7903
f 7903 7861 7900
f 7861 7893 7900
f 7893 7877 7900
f 7894 7895 7900
f 7879 7884 7904
f 7884 7886 7904
f 7886 7896 7904
f 7897 7898 7887
f 7887 7898 7901
f 7898 7899 7901
f 7899 7888 7901
f 7890 7906 7888
f 7906 7890 7902
f 7902 7891 7903
f 7895 7904 7900
f 7904 7905 7907
f 7905 7904 7906
f 7904 7896 7906
f 7896 7887 7906
f 7887 7901 7906
f 7901 7888 7906
f 7906 7902 7903
f 7903 7900 7907
f 7900 7904 7907
f 7906 7903 7905
f 7907 7905 7903
